# Blender 4.3.2
# www.blender.org
mtllib untitled.mtl
o Torus_LO
v 0.001744 -0.001530 -0.969739
v 0.156016 -0.001530 -0.880670
v 0.156016 -0.001530 -0.702533
v 0.001744 -0.001530 -0.613464
v -0.152527 -0.001530 -0.702533
v -0.152527 -0.001530 -0.880670
v 0.001744 -0.001529 0.811638
v 0.156016 -0.001529 0.722569
v 0.156016 -0.001529 0.544431
v 0.001744 -0.001529 0.455362
v -0.152527 -0.001529 0.544431
v -0.152527 -0.001529 0.722569
v 0.156016 -0.001530 -0.791601
v 0.156016 -0.001529 0.633500
v 0.078880 -0.001530 -0.657998
v 0.078880 -0.001529 0.499897
v -0.075391 -0.001530 -0.657998
v -0.075391 -0.001529 0.499897
v 0.001744 1.847392 -0.851790
v 0.001744 1.862600 -0.843915
v 0.002169 1.855455 -0.844445
v 0.156712 1.852044 -0.741535
v 0.156713 1.837095 -0.750009
v 0.153362 1.845008 -0.744793
v 0.156016 1.728866 -0.612638
v 0.156016 1.713015 -0.620633
v 0.152675 1.721587 -0.618794
v 0.001744 1.684318 -0.535515
v 0.001744 1.668779 -0.543524
v 0.002169 1.677136 -0.543552
v -0.152527 1.713446 -0.620559
v -0.152527 1.728853 -0.612651
v -0.148337 1.721709 -0.618777
v -0.150827 1.851539 -0.748202
v -0.151399 1.836514 -0.756399
v -0.147062 1.844547 -0.751147
v 0.001744 2.175756 -0.530759
v 0.001744 2.184452 -0.515690
v 0.002142 2.177242 -0.521673
v 0.156016 2.107320 -0.471140
v 0.156033 2.098731 -0.486329
v 0.153295 2.101701 -0.478066
v 0.156016 1.953062 -0.382022
v 0.156016 1.944304 -0.397199
v 0.153290 1.950512 -0.390768
v 0.001744 1.875951 -0.337392
v 0.001744 1.867121 -0.352712
v 0.002142 1.874931 -0.347122
v -0.152527 1.944249 -0.397254
v -0.152527 1.953123 -0.381792
v -0.149006 1.950514 -0.390718
v -0.132998 2.063658 -0.523517
v -0.133178 2.054412 -0.538662
v -0.129772 2.058522 -0.529299
v 0.001744 2.299134 -0.087692
v 0.001744 2.299159 -0.070504
v 0.002577 2.290011 -0.079079
v 0.156016 2.210084 -0.070483
v 0.156016 2.210068 -0.087680
v 0.149361 2.205265 -0.079069
v 0.156016 2.031940 -0.070458
v 0.156016 2.031940 -0.087644
v 0.149361 2.035773 -0.079051
v 0.001744 1.942867 -0.070443
v 0.001744 1.942882 -0.087602
v 0.002577 1.951029 -0.079034
v -0.152527 2.031959 -0.087573
v -0.152587 2.031298 -0.070549
v -0.144224 2.035600 -0.079057
v -0.152527 2.210095 -0.070522
v -0.152154 2.209539 -0.087543
v -0.144104 2.205121 -0.079040
v 0.001744 2.184427 0.357680
v 0.001744 2.175819 0.372593
v 0.002335 2.174426 0.361831
v 0.156016 2.098688 0.328055
v 0.156016 2.107289 0.313154
v 0.151146 2.100022 0.318874
v 0.156016 1.944436 0.238966
v 0.156016 1.953009 0.224117
v 0.151146 1.951215 0.232962
v 0.001744 1.867330 0.194401
v 0.001744 1.875861 0.179627
v 0.002335 1.876814 0.190008
v -0.154544 1.933884 0.210701
v -0.154544 1.925261 0.225678
v -0.148443 1.932520 0.219954
v -0.152527 2.098673 0.328069
v -0.152527 2.107296 0.313130
v -0.146475 2.100019 0.318872
v -0.020328 1.812001 0.689776
v -0.020328 1.796818 0.697446
v -0.019951 1.802671 0.690644
v 0.156016 1.802638 0.616616
v 0.156016 1.817842 0.608900
v 0.152993 1.809482 0.611489
v 0.156016 1.713621 0.462427
v 0.156016 1.728792 0.454609
v 0.152993 1.722397 0.460636
v 0.001744 1.669131 0.385358
v 0.001744 1.684270 0.377462
v 0.002122 1.678860 0.385217
v -0.152586 1.728379 0.454082
v -0.152527 1.713634 0.462424
v -0.148766 1.722282 0.460484
v -0.152527 1.802650 0.616614
v -0.152527 1.817812 0.608930
v -0.148749 1.809477 0.611497
v 0.001744 1.471443 0.752327
v 0.001744 1.486618 0.750594
v 0.002222 1.479396 0.745896
v 0.156016 1.471444 0.502914
v 0.156016 1.486643 0.501164
v 0.152026 1.479405 0.503746
v -0.152527 1.486604 0.501172
v -0.152527 1.471417 0.502915
v -0.147581 1.479383 0.503748
v 0.156016 1.471447 0.669189
v 0.156016 1.486624 0.667462
v 0.152026 1.479400 0.665182
v 0.001744 1.471422 0.419776
v 0.001744 1.486667 0.417983
v 0.002222 1.479405 0.423018
v -0.152527 1.486609 0.667464
v -0.152527 1.471432 0.669190
v -0.147581 1.479390 0.665183
v 0.001744 1.488211 -0.908698
v 0.001744 1.470716 -0.910429
v 0.002429 1.479487 -0.902012
v -0.152527 1.470718 -0.661016
v -0.152527 1.488235 -0.659270
v -0.145669 1.479495 -0.662619
v 0.156033 1.488111 -0.825123
v 0.156016 1.470705 -0.827292
v 0.150531 1.479455 -0.822093
v 0.001744 1.488311 -0.576079
v 0.001744 1.470697 -0.577878
v 0.002429 1.479511 -0.582809
v -0.152527 1.470719 -0.827291
v -0.152500 1.488198 -0.825257
v -0.145661 1.479485 -0.822131
v 0.156016 1.488399 -0.659241
v 0.156016 1.470685 -0.661017
v 0.150526 1.479534 -0.662612
v 0.156016 1.756974 -0.718513
v 0.156016 1.773249 -0.710918
v 0.152675 1.765909 -0.714707
v 0.156016 2.021767 -0.441908
v 0.156016 2.030191 -0.426581
v 0.153290 2.026178 -0.434458
v 0.156016 2.121003 -0.087667
v 0.156016 2.121010 -0.070464
v 0.149361 2.120518 -0.079060
v 0.169102 2.014195 0.291817
v 0.169102 2.005602 0.306701
v 0.164232 2.009662 0.299105
v 0.160215 1.746189 0.546242
v 0.160215 1.730981 0.554009
v 0.157192 1.738803 0.550552
v 0.156016 1.486634 0.584320
v 0.156016 1.471448 0.586051
v 0.152026 1.479403 0.584466
v 0.156016 1.454510 -0.744158
v 0.156016 1.472117 -0.743112
v 0.150526 1.463327 -0.742615
v 0.079165 1.705778 -0.576470
v 0.079182 1.721334 -0.568342
v 0.077716 1.714203 -0.575676
v 0.077959 1.918013 -0.356908
v 0.077949 1.926636 -0.341542
v 0.076788 1.924902 -0.350809
v 0.078880 1.987412 -0.087621
v 0.078880 1.987404 -0.070454
v 0.075969 1.993402 -0.079043
v 0.078880 1.914435 0.201873
v 0.078880 1.905884 0.216682
v 0.076740 1.914015 0.211485
v 0.078880 1.706528 0.416038
v 0.078880 1.691380 0.423888
v 0.077557 1.700629 0.422926
v 0.078880 1.486652 0.459578
v 0.078880 1.471436 0.461345
v 0.077124 1.479405 0.463383
v 0.078455 1.450265 -0.619451
v 0.078478 1.467937 -0.617685
v 0.076075 1.459102 -0.622718
v -0.075392 1.691126 -0.582035
v -0.075312 1.706563 -0.574054
v -0.073061 1.699420 -0.581154
v -0.072564 1.926261 -0.352557
v -0.072582 1.934619 -0.337043
v -0.070634 1.932728 -0.346903
v -0.075298 1.987867 -0.087676
v -0.075455 1.986724 -0.070591
v -0.070807 1.993339 -0.079099
v -0.077403 1.895367 0.188440
v -0.077404 1.886725 0.203452
v -0.074036 1.895341 0.198488
v -0.075454 1.706055 0.415500
v -0.075603 1.691107 0.421931
v -0.073392 1.700415 0.422211
v -0.095278 1.468845 0.428302
v -0.095452 1.453359 0.428440
v -0.092538 1.458280 0.432252
v -0.075392 1.470710 -0.619447
v -0.075392 1.488269 -0.617679
v -0.071620 1.479503 -0.622715
v -0.152527 0.745236 0.695507
v -0.152527 0.724667 0.696252
v -0.148576 0.734951 0.693165
v 0.001744 0.724679 0.782396
v 0.001744 0.745235 0.781569
v 0.002133 0.734957 0.777279
v 0.152200 0.768959 0.698452
v 0.152200 0.789512 0.697708
v 0.149026 0.779235 0.695365
v 0.156016 0.724684 0.523962
v 0.156016 0.745231 0.523383
v 0.152842 0.734958 0.524934
v 0.078880 0.745227 0.480352
v 0.078880 0.724679 0.480890
v 0.077487 0.734953 0.482877
v 0.156016 0.745234 0.609445
v 0.156016 0.724685 0.610107
v 0.152842 0.734959 0.609049
v -0.152527 0.724652 0.523963
v -0.152527 0.745236 0.523383
v -0.148576 0.734944 0.524935
v -0.078231 0.711675 0.456499
v -0.078313 0.732205 0.455250
v -0.076036 0.721940 0.458702
v 0.001744 0.724670 0.437818
v 0.001744 0.745223 0.437321
v 0.002133 0.734946 0.440820
v 0.001744 0.744870 -0.939670
v 0.001744 0.724316 -0.940498
v 0.002067 0.734593 -0.936301
v 0.156016 0.724307 -0.854354
v 0.156016 0.744869 -0.853608
v 0.153433 0.734588 -0.851819
v -0.152527 0.724317 -0.854353
v -0.152527 0.744872 -0.853608
v -0.149300 0.734595 -0.851819
v -0.075392 0.744871 -0.638453
v -0.075392 0.724310 -0.638992
v -0.073617 0.734590 -0.640614
v -0.152527 0.724316 -0.682064
v -0.152527 0.744872 -0.681484
v -0.149300 0.734594 -0.682855
v 0.155344 0.751085 -0.772625
v 0.155344 0.771662 -0.771954
v 0.152761 0.761373 -0.771749
v 0.001744 0.744868 -0.595423
v 0.001744 0.724299 -0.595920
v 0.002067 0.734584 -0.598373
v 0.078671 0.714079 -0.638998
v 0.078665 0.734656 -0.638451
v 0.077542 0.724368 -0.640616
v 0.158053 0.710233 -0.680711
v 0.158053 0.689658 -0.681291
v 0.155470 0.699946 -0.682082
vn 0.4716 0.6285 -0.6185
vn 0.5002 -0.1480 0.8531
vn -0.4882 -0.6168 0.6174
vn 0.4871 0.8436 -0.2260
vn -0.9977 0.0643 -0.0218
vn 0.5116 0.1570 -0.8448
vn -0.4776 0.6332 -0.6090
vn 1.0000 -0.0000 -0.0000
vn 0.4436 -0.1564 0.8825
vn -0.4727 -0.1508 0.8682
vn -0.4859 -0.6177 0.6183
vn 1.0000 -0.0018 0.0047
vn -0.5661 0.7857 -0.2495
vn 0.5200 -0.8282 0.2090
vn -0.5542 -0.8099 0.1920
vn 0.4871 0.8436 0.2260
vn -0.4131 -0.8854 0.2131
vn -0.4871 0.8436 0.2260
vn 0.4871 -0.8436 -0.2260
vn -0.3741 -0.8851 -0.2768
vn 0.3918 0.6185 0.6812
vn -0.4859 -0.8240 -0.2914
vn 0.9974 0.0714 0.0026
vn -0.4391 0.6191 0.6511
vn 0.4871 -0.6176 -0.6176
vn -0.3696 -0.6845 -0.6284
vn 0.4361 0.1624 0.8851
vn -0.4859 -0.6657 -0.5663
vn 0.9947 0.0626 0.0820
vn 0.4764 0.0347 0.8785
vn -0.4935 0.0333 -0.8691
vn -0.7387 -0.0307 -0.6734
vn 0.9997 -0.0019 0.0227
vn 0.9995 -0.0031 0.0303
vn -0.6529 -0.0473 -0.7560
vn -1.0000 -0.0000 -0.0000
vn -0.2606 -0.0800 -0.9621
vn 0.4726 -0.1497 -0.8684
vn -0.4909 0.1259 0.8621
vn -0.4937 -0.0219 0.8694
vn 0.4819 -0.0257 0.8759
vn 0.4935 0.0333 -0.8691
vn -0.4937 -0.0236 0.8693
vn 0.9997 -0.0122 -0.0228
vn -0.1428 -0.0320 -0.9892
vn 0.4524 -0.8644 0.2194
vn 0.4729 -0.6332 0.6127
vn 1.0000 -0.0027 0.0039
vn 0.4789 -0.0222 0.8776
vn 0.4728 -0.1531 -0.8678
vn 0.4807 -0.0238 -0.8766
vn 0.9943 -0.0828 -0.0670
vn 0.9968 -0.0691 -0.0394
vn 0.5011 -0.6227 0.6010
vn 0.4931 -0.0220 0.8697
vn -0.5963 -0.0368 -0.8019
vn -1.0000 0.0022 0.0059
vn -1.0000 0.0062 -0.0011
vn -0.9980 0.0487 -0.0412
vn -0.4728 -0.1544 0.8675
vn -1.0000 0.0025 -0.0028
vn 0.5527 0.1067 -0.8265
vn 0.4686 0.5975 -0.6507
vn 0.5414 -0.6333 0.5530
vn 0.3985 -0.0175 0.9170
vn -0.9008 -0.3152 -0.2988
vn -0.8921 0.3370 0.3009
vn 0.4795 0.5778 -0.6605
vn 0.4773 0.8645 -0.1576
vn 0.5559 -0.8255 0.0974
vn 0.4088 -0.5548 0.7246
vn -0.9250 -0.2269 -0.3048
vn -0.9164 0.3671 0.1598
vn 0.3764 0.6519 -0.6583
vn 0.3773 0.6537 0.6560
vn 0.3953 -0.6848 -0.6122
vn 0.3953 -0.6846 0.6124
vn -0.7121 0.0005 -0.7021
vn -0.7210 0.0009 0.6929
vn 0.4235 0.9011 -0.0935
vn 0.4231 0.3683 0.8278
vn 0.4335 -0.4012 -0.8069
vn 0.4332 -0.8995 0.0576
vn -0.8170 0.3002 -0.4923
vn -0.8184 -0.2851 0.4990
vn 0.2817 0.6875 0.6693
vn 0.4103 0.1154 0.9046
vn 0.4535 -0.0292 -0.8908
vn 0.4668 -0.7142 -0.5215
vn -0.9135 0.3524 -0.2034
vn -0.9128 -0.3536 0.2044
vn -0.4102 0.3293 0.8505
vn -0.4106 0.9012 -0.1387
vn -0.5206 0.0433 0.8527
vn -0.3482 0.7001 0.6234
vn 0.9337 -0.3256 -0.1487
vn 0.9392 0.3125 0.1424
vn -0.4713 -0.7042 0.5311
vn -0.4400 0.0289 0.8976
vn 0.9556 -0.1474 -0.2552
vn 0.9539 0.1500 0.2599
vn -0.2952 -0.9451 0.1405
vn -0.5091 -0.4715 0.7201
vn 0.7907 -0.0001 -0.6122
vn 0.7909 0.0001 0.6120
vn -0.3647 -0.6317 -0.6841
vn -0.3814 -0.6664 0.6407
vn 0.8715 0.2685 -0.4103
vn 0.8122 -0.5048 0.2924
vn -0.4096 -0.3287 -0.8510
vn -0.4108 -0.9014 0.1366
vn 0.9446 0.3120 -0.1017
vn 0.9231 -0.3835 0.0287
vn -0.4434 0.0649 -0.8940
vn -0.4562 -0.7550 -0.4711
vn -0.4432 0.6301 -0.6375
vn -0.5327 0.0498 -0.8448
vn -0.6633 0.7431 -0.0886
vn -0.4479 0.5444 -0.7093
vn -0.3646 0.6289 0.6867
vn -0.3563 0.6164 -0.7022
vn -0.3815 0.5945 0.7079
vn -0.4061 -0.5168 0.7537
vn -0.8494 0.5277 -0.0000
vn -0.8250 -0.5652 -0.0000
vn -0.5747 0.5642 -0.5928
vn -0.7477 -0.4883 -0.4501
vn 0.4506 0.3128 -0.8361
vn 0.4108 -0.5005 -0.7621
vn 0.8939 0.4483 -0.0000
vn 0.8756 -0.4830 -0.0000
vn 0.3918 0.5637 0.7271
vn 0.4173 -0.4755 0.7745
vn -0.3893 -0.5735 -0.7207
vn -0.3552 0.6631 -0.6589
vn -0.7867 -0.6174 -0.0000
vn -0.7876 0.6162 -0.0000
vn -0.3868 -0.5788 0.7179
vn -0.4190 0.4691 0.7775
vn 0.2768 -0.5517 0.7868
vn 0.5183 0.4007 0.7555
vn 0.8365 -0.5376 0.1066
vn 0.8448 0.5248 -0.1042
vn 0.4034 -0.5291 -0.7465
vn 0.3682 0.6313 -0.6826
vn 0.8715 -0.1826 -0.4551
vn 0.9054 0.1463 0.3985
vn 0.9555 -0.1476 -0.2555
vn 0.9536 0.1505 0.2609
vn 0.7906 -0.0001 -0.6124
vn 0.7912 0.0001 0.6116
vn 0.8725 0.2220 -0.4352
vn 0.8076 -0.0169 0.5895
vn 0.9399 0.2538 -0.2285
vn 0.9243 -0.2176 0.3134
vn 0.8938 0.4484 -0.0000
vn 0.8754 -0.4833 -0.0000
vn 0.8310 -0.5455 -0.1084
vn 0.8606 0.4996 0.0993
vn 0.4099 -0.6925 0.5936
vn 0.4980 0.0060 0.8672
vn 0.3789 -0.9154 0.1360
vn 0.5253 -0.5014 0.6875
vn 0.3954 -0.6849 -0.6120
vn 0.3955 -0.6848 0.6121
vn 0.4338 -0.4019 -0.8064
vn 0.4334 -0.8994 0.0567
vn 0.4531 -0.0268 -0.8911
vn 0.4670 -0.7136 -0.5222
vn 0.4505 0.3131 -0.8360
vn 0.4111 -0.4993 -0.7627
vn 0.5054 -0.5435 0.6702
vn 0.3512 0.3903 0.8511
vn -0.4774 -0.6788 0.5579
vn -0.4404 0.0270 0.8974
vn -0.6201 -0.7834 0.0422
vn -0.4125 -0.5212 0.7471
vn -0.3667 -0.6425 -0.6728
vn -0.3842 -0.6611 0.6445
vn -0.2012 -0.4147 -0.8874
vn -0.2274 -0.9698 0.0881
vn -0.4181 0.0634 -0.9062
vn -0.4527 -0.7438 -0.4918
vn -0.1822 0.5081 -0.8418
vn 0.0003 -0.4500 -0.8930
vn -0.3868 -0.5789 0.7178
vn -0.4192 0.4683 0.7778
vn -0.5010 0.1522 -0.8519
vn 0.4937 -0.0219 -0.8694
vn 0.4807 -0.0221 -0.8766
vn -0.4806 0.0335 -0.8763
vn 0.4899 0.0323 0.8712
vn -0.3701 -0.0400 -0.9281
vn 0.9998 0.0032 0.0207
vn -0.4806 0.0335 0.8763
vn 0.4937 -0.0236 -0.8693
vn 0.4705 -0.0224 0.8821
vn 0.9999 0.0014 -0.0152
vn 0.9999 -0.0005 -0.0152
vn 1.0000 0.0003 0.0039
vn -0.4807 -0.0221 0.8766
vn 1.0000 -0.0006 0.0041
vn -0.4807 -0.0238 0.8766
vn 0.4806 0.0335 -0.8763
vn 0.4744 0.2295 -0.8499
vn 0.4693 -0.2694 -0.8410
vn 0.9554 0.2952 -0.0000
vn 0.9554 -0.2952 -0.0000
vn -0.2586 0.2677 -0.9281
vn -0.1553 -0.3347 -0.9294
vn -0.4443 0.4113 0.7959
vn -0.4548 -0.3588 0.8151
vn 0.3583 0.3876 0.8493
vn 0.5325 -0.3244 0.7818
vn -0.6138 0.2965 -0.7317
vn -0.6638 -0.3606 -0.6552
vn 0.9563 0.2756 -0.0980
vn 0.9284 -0.3134 0.1995
vn -0.9335 0.3585 -0.0000
vn -0.9335 -0.3585 -0.0000
vn 0.4746 0.2279 -0.8502
vn 0.4690 -0.2710 -0.8406
vn 0.4511 -0.2318 0.8618
vn 0.4989 0.1871 0.8463
vn 0.9557 -0.2295 -0.1844
vn 0.9612 0.2407 0.1346
vn -0.4708 -0.2577 0.8437
vn -0.4758 0.2174 0.8523
vn -0.4663 -0.2902 -0.8357
vn -0.4571 0.3471 -0.8189
vn 0.4024 -0.2250 0.8874
vn 0.5067 0.1899 0.8410
vn -0.9541 -0.2996 -0.0000
vn -0.9541 0.2996 -0.0000
vn 0.9682 -0.2348 0.0858
vn 0.9640 0.2547 -0.0763
vn -0.4706 -0.2594 0.8434
vn -0.4759 0.2159 0.8526
vn 0.4701 -0.2631 -0.8425
vn 0.4616 0.3215 -0.8268
vn -0.4935 0.0332 0.8691
vt 0.719542 0.734626
vt 0.714788 0.855920
vt 0.658376 0.852612
vt 0.664484 0.746040
vt 0.593170 0.636957
vt 0.605174 0.723213
vt 0.570462 0.729306
vt 0.557139 0.635095
vt 0.913871 0.742677
vt 0.906718 0.862263
vt 0.868009 0.872921
vt 0.876297 0.739429
vt 0.714444 0.862073
vt 0.700003 0.990654
vt 0.640428 0.982074
vt 0.657919 0.858213
vt 0.838273 0.736357
vt 0.832165 0.860547
vt 0.770956 0.835588
vt 0.773042 0.747014
vt 0.716973 0.617812
vt 0.719683 0.729141
vt 0.664868 0.740375
vt 0.652182 0.623902
vt 0.622221 0.624035
vt 0.644616 0.722133
vt 0.534343 0.723743
vt 0.525491 0.648547
vt 0.890956 0.643645
vt 0.877040 0.731880
vt 0.839104 0.728708
vt 0.853554 0.637818
vt 0.770580 0.842108
vt 0.763843 0.989769
vt 0.562106 0.857178
vt 0.547039 0.957475
vt 0.512890 0.949330
vt 0.528190 0.845717
vt 0.906420 0.870487
vt 0.902338 0.985733
vt 0.864068 0.987038
vt 0.867862 0.880599
vt 0.230889 0.007467
vt 0.239565 0.142140
vt 0.184590 0.148301
vt 0.167089 0.019397
vt 0.829296 0.983375
vt 0.832341 0.868128
vt 0.610366 0.976593
vt 0.628609 0.855508
vt 0.296778 0.006553
vt 0.300056 0.136926
vt 0.067849 0.049757
vt 0.090609 0.159028
vt 0.056992 0.163535
vt 0.033557 0.060552
vt 0.449244 0.014019
vt 0.450483 0.133691
vt 0.415764 0.133684
vt 0.408494 0.011718
vt 0.240215 0.148760
vt 0.256485 0.285766
vt 0.196073 0.273906
vt 0.185291 0.154111
vt 0.378217 0.134142
vt 0.369331 0.015072
vt 0.157045 0.160129
vt 0.133713 0.026084
vt 0.300448 0.145227
vt 0.304194 0.269142
vt 0.091593 0.166090
vt 0.099103 0.276564
vt 0.064219 0.276500
vt 0.058085 0.171017
vt 0.450634 0.142230
vt 0.453522 0.263135
vt 0.414503 0.265620
vt 0.415914 0.141955
vt 0.256734 0.291583
vt 0.251832 0.390197
vt 0.185131 0.384398
vt 0.196274 0.279721
vt 0.374219 0.266732
vt 0.378433 0.142987
vt 0.167531 0.286096
vt 0.157878 0.166511
vt 0.154010 0.385102
vt 0.134104 0.668884
vt 0.098586 0.665350
vt 0.123005 0.378823
vt 0.251834 0.397688
vt 0.245551 0.676244
vt 0.172442 0.653226
vt 0.184819 0.390719
vt 0.779681 0.000977
vt 0.790757 0.321299
vt 0.710629 0.321855
vt 0.696225 0.003292
vt 0.133750 0.677686
vt 0.116797 0.987872
vt 0.078823 0.984281
vt 0.097906 0.674568
vt 0.428131 0.381216
vt 0.442804 0.675978
vt 0.399337 0.672207
vt 0.387577 0.378929
vt 0.154557 0.379160
vt 0.167606 0.292262
vt 0.415231 0.273400
vt 0.427072 0.373442
vt 0.387113 0.371456
vt 0.374552 0.275195
vt 0.323274 0.674960
vt 0.320965 0.390922
vt 0.454091 0.271482
vt 0.468042 0.358455
vt 0.134926 0.283106
vt 0.123740 0.371961
vt 0.088813 0.366457
vt 0.099021 0.283548
vt 0.304526 0.275245
vt 0.320523 0.383612
vt 0.944866 0.002889
vt 0.944866 0.326686
vt 0.907367 0.325542
vt 0.905163 0.002402
vt 0.868192 0.333465
vt 0.854766 0.628441
vt 0.786457 0.614403
vt 0.790868 0.331351
vt 0.863525 0.002035
vt 0.868280 0.324248
vt 0.532327 0.019643
vt 0.557270 0.320920
vt 0.519755 0.335936
vt 0.491930 0.023911
vt 0.633189 0.327904
vt 0.613618 0.010367
vt 0.469298 0.365899
vt 0.478583 0.669788
vt 0.125758 0.161708
vt 0.134892 0.275859
vt 0.102646 0.042616
vt 0.124751 0.154082
vt 0.597044 0.852608
vt 0.580168 0.962133
vt 0.605248 0.730696
vt 0.597821 0.845598
vt 0.562904 0.850072
vt 0.570661 0.736681
vt 0.629301 0.849878
vt 0.644547 0.728317
vt 0.520701 0.344776
vt 0.556056 0.627808
vt 0.524324 0.640819
vt 0.484586 0.353450
vt 0.055277 0.360679
vt 0.064095 0.283825
vt 0.060799 0.662319
vt 0.088095 0.372637
vt 0.529009 0.838319
vt 0.534556 0.731195
vt 0.483528 0.344680
vt 0.453125 0.028121
vt 0.442802 0.685389
vt 0.438943 0.996969
vt 0.399198 0.997464
vt 0.399477 0.681288
vt 0.926592 0.650028
vt 0.914700 0.734590
vt 0.773165 0.741124
vt 0.785868 0.624200
vt 0.664830 0.743467
vt 0.719477 0.732638
vt 0.535363 0.726936
vt 0.570660 0.732517
vt 0.772700 0.744184
vt 0.838783 0.732460
vt 0.658171 0.855397
vt 0.714584 0.858946
vt 0.529539 0.842079
vt 0.562685 0.853473
vt 0.770587 0.839419
vt 0.832168 0.864198
vt 0.165930 0.015236
vt 0.230021 0.002751
vt 0.699360 0.995139
vt 0.639492 0.985908
vt 0.034090 0.055762
vt 0.066934 0.045440
vt 0.546438 0.961655
vt 0.513750 0.953951
vt 0.297115 0.000979
vt 0.369606 0.009890
vt 0.829678 0.987939
vt 0.764024 0.994834
vt 0.184903 0.151216
vt 0.239729 0.145435
vt 0.058873 0.167085
vt 0.091237 0.162536
vt 0.300241 0.140807
vt 0.378338 0.138930
vt 0.196281 0.276855
vt 0.256548 0.288506
vt 0.065148 0.280120
vt 0.099277 0.280012
vt 0.304161 0.272271
vt 0.374251 0.270967
vt 0.605250 0.726783
vt 0.644633 0.725600
vt 0.876886 0.735342
vt 0.597556 0.849034
vt 0.629039 0.852672
vt 0.868066 0.876279
vt 0.101123 0.038397
vt 0.132047 0.022015
vt 0.608929 0.980390
vt 0.578948 0.966200
vt 0.408742 0.006339
vt 0.864384 0.991675
vt 0.125119 0.157887
vt 0.157301 0.163035
vt 0.416323 0.137829
vt 0.135108 0.279381
vt 0.167700 0.288911
vt 0.414806 0.269392
vt 0.251626 0.393405
vt 0.320770 0.387130
vt 0.387348 0.375517
vt 0.428057 0.378282
vt 0.054524 0.367205
vt 0.055818 0.364096
vt 0.088401 0.369532
vt 0.123173 0.375305
vt 0.154071 0.381799
vt 0.184790 0.387340
vt 0.716643 0.613788
vt 0.786156 0.619766
vt 0.716771 0.609373
vt 0.854798 0.632771
vt 0.892020 0.639578
vt 0.891996 0.635630
vt 0.526113 0.644256
vt 0.556524 0.631326
vt 0.592413 0.632922
vt 0.621395 0.620927
vt 0.592106 0.628666
vt 0.621100 0.617208
vt 0.651769 0.620441
vt 0.651736 0.616537
vt 0.913680 0.738038
vt 0.905755 0.866290
vt 0.448005 0.008650
vt 0.901029 0.990690
vt 0.450145 0.137961
vt 0.452997 0.267327
vt 0.468797 0.362519
vt 0.926260 0.645391
vt 0.927643 0.641414
vt 0.060135 0.670821
vt 0.038952 0.980924
vt 0.000977 0.977604
vt 0.024182 0.667475
vt 0.024946 0.658828
vt 0.710994 0.331758
vt 0.316818 0.999023
vt 0.323317 0.685058
vt 0.245445 0.685865
vt 0.235377 0.997526
vt 0.154867 0.991458
vt 0.171961 0.662528
vt 0.478690 0.679145
vt 0.478690 0.996349
vt 0.558128 0.330200
vt 0.600309 0.351458
vt 0.572781 0.014892
vt 0.599661 0.342587
vt 0.944647 0.335693
vt 0.907234 0.334348
vt 0.633669 0.336828
vt 0.025345 0.663245
vt 0.060428 0.666587
vt 0.098051 0.669984
vt 0.133669 0.672937
vt 0.443111 0.680626
vt 0.478490 0.674678
vt 0.245323 0.680645
vt 0.323424 0.680203
vt 0.171861 0.657807
vt 0.399576 0.676824
vt 0.484718 0.348978
vt 0.520170 0.340216
vt 0.557621 0.325341
vt 0.599748 0.346748
vt 0.907555 0.329933
vt 0.944318 0.331154
vt 0.710692 0.327057
vt 0.790895 0.326162
vt 0.868494 0.328855
vt 0.633175 0.332333
s 0
usemtl Gate
f 20/1/1 37/2/1 41/3/1 22/4/1
f 142/5/2 26/6/2 166/7/2 185/8/2
f 28/9/3 47/10/3 190/11/3 188/12/3
f 38/13/4 55/14/4 59/15/4 40/16/4
f 32/17/5 49/18/5 53/19/5 34/20/5
f 127/21/6 19/22/6 23/23/6 133/24/6
f 34/20/7 53/19/7 37/2/7 20/1/7
f 164/25/8 145/26/8 26/6/8 142/5/8
f 185/8/9 166/7/9 29/27/9 136/28/9
f 206/29/10 187/30/10 31/31/10 131/32/10
f 188/12/11 190/11/11 49/18/11 32/17/11
f 133/24/12 23/23/12 145/26/12 164/25/12
f 52/33/13 71/34/13 55/14/13 38/13/13
f 170/35/14 172/36/14 65/37/14 46/38/14
f 46/39/15 65/40/15 193/41/15 191/42/15
f 56/43/16 73/44/16 77/45/16 58/46/16
f 191/42/17 193/41/17 67/47/17 50/48/17
f 40/16/8 59/15/8 151/49/8 149/50/8
f 70/51/18 89/52/18 73/44/18 56/43/18
f 173/53/19 175/54/19 83/55/19 64/56/19
f 64/57/20 83/58/20 196/59/20 194/60/20
f 74/61/21 91/62/21 95/63/21 76/64/21
f 194/60/22 196/59/22 85/65/22 68/66/22
f 58/46/23 77/45/23 154/67/23 152/68/23
f 88/69/24 107/70/24 91/62/24 74/61/24
f 176/71/25 178/72/25 101/73/25 82/74/25
f 82/75/26 101/76/26 199/77/26 197/78/26
f 92/79/27 110/80/27 119/81/27 94/82/27
f 197/78/28 199/77/28 103/83/28 86/84/28
f 76/64/29 95/63/29 157/85/29 155/86/29
f 161/87/8 223/88/8 218/89/8 112/90/8
f 109/91/30 212/92/30 215/93/30 118/94/30
f 6/95/31 241/96/31 236/97/31 1/98/31
f 224/99/8 14/100/8 9/101/8 217/102/8
f 203/103/32 230/104/32 227/105/32 116/106/32
f 118/94/33 215/93/33 223/88/33 161/87/33
f 94/82/34 119/81/34 160/107/34 158/108/34
f 200/109/35 202/110/35 115/111/35 104/112/35
f 116/106/36 227/105/36 208/113/36 125/114/36
f 100/115/37 122/116/37 202/110/37 200/109/37
f 97/117/38 113/118/38 181/119/38 179/120/38
f 106/121/39 124/122/39 110/80/39 92/79/39
f 4/123/40 254/124/40 245/125/40 17/126/40
f 248/127/36 130/128/36 139/129/36 242/130/36
f 5/131/36 247/132/36 241/96/36 6/95/36
f 3/133/41 260/134/41 256/135/41 15/136/41
f 1/98/42 236/97/42 238/137/42 2/138/42
f 17/126/43 245/125/43 247/132/43 5/131/43
f 158/108/44 160/107/44 113/118/44 97/117/44
f 121/139/45 233/140/45 230/104/45 203/103/45
f 79/141/25 98/142/25 178/72/25 176/71/25
f 61/143/19 80/144/19 175/54/19 173/53/19
f 43/145/46 62/146/46 172/36/46 170/35/46
f 25/147/47 44/148/47 169/149/47 167/150/47
f 22/4/48 41/3/48 148/151/48 146/152/48
f 257/153/49 184/154/49 137/155/49 253/156/49
f 179/120/50 181/119/50 122/157/50 100/158/50
f 112/90/51 218/89/51 220/159/51 182/160/51
f 155/86/52 157/85/52 98/142/52 79/141/52
f 152/68/53 154/67/53 80/144/53 61/143/53
f 149/50/8 151/49/8 62/146/8 43/145/8
f 146/152/8 148/151/8 44/148/8 25/147/8
f 167/150/54 169/149/54 47/161/54 28/162/54
f 15/136/55 256/135/55 254/163/55 4/164/55
f 104/112/36 115/111/36 124/122/36 106/121/36
f 229/165/56 18/166/56 11/167/56 226/168/56
f 86/84/57 103/83/57 107/70/57 88/69/57
f 68/66/58 85/65/58 89/52/58 70/51/58
f 50/48/59 67/47/59 71/34/59 52/33/59
f 136/169/60 29/170/60 187/30/60 206/29/60
f 131/32/61 31/31/61 35/171/61 140/172/61
f 20/1/62 22/4/62 24/173/62 21/174/62
f 21/174/63 24/173/63 23/23/63 19/22/63
f 167/150/64 28/162/64 30/175/64 168/176/64
f 168/176/65 30/175/65 29/27/65 166/7/65
f 32/17/66 34/20/66 36/177/66 33/178/66
f 33/178/67 36/177/67 35/171/67 31/31/67
f 38/13/68 40/16/68 42/179/68 39/180/68
f 39/180/69 42/179/69 41/3/69 37/2/69
f 170/35/70 46/38/70 48/181/70 171/182/70
f 171/182/71 48/181/71 47/161/71 169/149/71
f 50/48/72 52/33/72 54/183/72 51/184/72
f 51/184/73 54/183/73 53/19/73 49/18/73
f 56/43/74 58/46/74 60/185/74 57/186/74
f 57/187/75 60/188/75 59/15/75 55/14/75
f 173/53/76 64/56/76 66/189/76 174/190/76
f 174/191/77 66/192/77 65/37/77 172/36/77
f 68/66/78 70/51/78 72/193/78 69/194/78
f 69/195/79 72/196/79 71/34/79 67/47/79
f 74/61/80 76/64/80 78/197/80 75/198/80
f 75/198/81 78/197/81 77/45/81 73/44/81
f 176/71/82 82/74/82 84/199/82 177/200/82
f 177/200/83 84/199/83 83/55/83 175/54/83
f 86/84/84 88/69/84 90/201/84 87/202/84
f 87/202/85 90/201/85 89/52/85 85/65/85
f 92/79/86 94/82/86 96/203/86 93/204/86
f 93/204/87 96/203/87 95/63/87 91/62/87
f 179/120/88 100/158/88 102/205/88 180/206/88
f 180/206/89 102/205/89 101/73/89 178/72/89
f 104/112/90 106/121/90 108/207/90 105/208/90
f 105/208/91 108/207/91 107/70/91 103/83/91
f 73/44/92 89/52/92 90/201/92 75/198/92
f 75/198/93 90/201/93 88/69/93 74/61/93
f 91/62/94 107/70/94 108/207/94 93/204/94
f 93/204/95 108/207/95 106/121/95 92/79/95
f 146/152/96 25/147/96 27/209/96 147/210/96
f 147/210/97 27/209/97 26/6/97 145/26/97
f 188/12/98 32/17/98 33/178/98 189/211/98
f 189/211/99 33/178/99 31/31/99 187/30/99
f 149/50/100 43/145/100 45/212/100 150/213/100
f 150/213/101 45/212/101 44/148/101 148/151/101
f 191/42/102 50/48/102 51/184/102 192/214/102
f 192/214/103 51/184/103 49/18/103 190/11/103
f 152/68/104 61/143/104 63/215/104 153/216/104
f 153/217/105 63/218/105 62/146/105 151/49/105
f 194/60/106 68/66/106 69/194/106 195/219/106
f 195/220/107 69/195/107 67/47/107 193/41/107
f 155/86/108 79/141/108 81/221/108 156/222/108
f 156/222/109 81/221/109 80/144/109 154/67/109
f 197/78/110 86/84/110 87/202/110 198/223/110
f 198/223/111 87/202/111 85/65/111 196/59/111
f 158/108/112 97/117/112 99/224/112 159/225/112
f 159/225/113 99/224/113 98/142/113 157/85/113
f 200/109/114 104/112/114 105/208/114 201/226/114
f 201/226/115 105/208/115 103/83/115 199/77/115
f 19/22/116 35/171/116 36/177/116 21/174/116
f 21/174/117 36/177/117 34/20/117 20/1/117
f 37/2/118 53/19/118 54/183/118 39/180/118
f 39/180/119 54/183/119 52/33/119 38/13/119
f 55/14/120 71/34/120 72/196/120 57/187/120
f 57/186/121 72/193/121 70/51/121 56/43/121
f 125/114/122 109/91/122 111/227/122 126/228/122
f 126/228/123 111/227/123 110/80/123 124/122/123
f 116/106/124 125/114/124 126/228/124 117/229/124
f 117/229/125 126/228/125 124/122/125 115/111/125
f 203/103/126 116/106/126 117/229/126 204/230/126
f 204/230/127 117/229/127 115/111/127 202/110/127
f 182/160/128 121/231/128 123/232/128 183/233/128
f 183/233/129 123/232/129 122/157/129 181/119/129
f 161/87/130 112/90/130 114/234/130 162/235/130
f 162/235/131 114/234/131 113/118/131 160/107/131
f 109/91/132 118/94/132 120/236/132 111/227/132
f 111/227/133 120/236/133 119/81/133 110/80/133
f 140/172/134 127/21/134 129/237/134 141/238/134
f 141/238/135 129/237/135 128/239/135 139/129/135
f 131/32/136 140/172/136 141/238/136 132/240/136
f 132/240/137 141/238/137 139/129/137 130/128/137
f 206/29/138 131/32/138 132/240/138 207/241/138
f 207/241/139 132/240/139 130/128/139 205/242/139
f 185/8/140 136/28/140 138/243/140 186/244/140
f 186/244/141 138/243/141 137/155/141 184/154/141
f 164/25/142 142/5/142 144/245/142 165/246/142
f 165/246/143 144/245/143 143/247/143 163/248/143
f 127/21/144 133/24/144 135/249/144 129/237/144
f 129/237/145 135/249/145 134/250/145 128/239/145
f 22/4/146 146/152/146 147/210/146 24/173/146
f 24/173/147 147/210/147 145/26/147 23/23/147
f 40/16/148 149/50/148 150/213/148 42/179/148
f 42/179/149 150/213/149 148/151/149 41/3/149
f 58/46/150 152/68/150 153/216/150 60/185/150
f 60/188/151 153/217/151 151/49/151 59/15/151
f 76/64/152 155/86/152 156/222/152 78/197/152
f 78/197/153 156/222/153 154/67/153 77/45/153
f 94/82/154 158/108/154 159/225/154 96/203/154
f 96/203/155 159/225/155 157/85/155 95/63/155
f 118/94/156 161/87/156 162/235/156 120/236/156
f 120/236/157 162/235/157 160/107/157 119/81/157
f 133/24/158 164/25/158 165/246/158 135/249/158
f 135/249/159 165/246/159 163/248/159 134/250/159
f 25/147/160 167/150/160 168/176/160 27/209/160
f 27/209/161 168/176/161 166/7/161 26/6/161
f 43/145/162 170/35/162 171/182/162 45/212/162
f 45/212/163 171/182/163 169/149/163 44/148/163
f 61/143/164 173/53/164 174/190/164 63/215/164
f 63/218/165 174/191/165 172/36/165 62/146/165
f 79/141/166 176/71/166 177/200/166 81/221/166
f 81/221/167 177/200/167 175/54/167 80/144/167
f 97/117/168 179/120/168 180/206/168 99/224/168
f 99/224/169 180/206/169 178/72/169 98/142/169
f 112/90/170 182/160/170 183/233/170 114/234/170
f 114/234/171 183/233/171 181/119/171 113/118/171
f 142/5/172 185/8/172 186/244/172 144/245/172
f 144/245/173 186/244/173 184/154/173 143/247/173
f 28/9/174 188/12/174 189/211/174 30/251/174
f 30/251/175 189/211/175 187/30/175 29/170/175
f 46/39/176 191/42/176 192/214/176 48/252/176
f 48/252/177 192/214/177 190/11/177 47/10/177
f 64/57/178 194/60/178 195/219/178 66/253/178
f 66/254/179 195/220/179 193/41/179 65/40/179
f 82/75/180 197/78/180 198/223/180 84/255/180
f 84/255/181 198/223/181 196/59/181 83/58/181
f 100/115/182 200/109/182 201/226/182 102/256/182
f 102/256/183 201/226/183 199/77/183 101/76/183
f 121/139/184 203/103/184 204/230/184 123/257/184
f 123/257/185 204/230/185 202/110/185 122/116/185
f 136/169/186 206/29/186 207/241/186 138/258/186
f 138/258/187 207/241/187 205/242/187 137/259/187
f 140/172/188 35/171/188 19/22/188 127/21/188
f 221/260/189 16/261/189 10/262/189 232/263/189
f 182/160/190 220/159/190 233/264/190 121/231/190
f 242/130/191 139/129/191 128/239/191 235/265/191
f 226/168/36 11/167/36 12/266/36 209/267/36
f 211/268/192 7/269/192 8/270/192 214/271/192
f 232/272/193 10/273/193 18/166/193 229/165/193
f 214/271/194 8/270/194 14/100/194 224/99/194
f 125/114/195 208/113/195 212/92/195 109/91/195
f 217/102/196 9/101/196 16/261/196 221/260/196
f 259/274/197 143/247/197 184/154/197 257/153/197
f 251/275/198 163/248/198 143/247/198 259/274/198
f 13/276/199 250/277/199 260/134/199 3/133/199
f 2/138/200 238/137/200 250/277/200 13/276/200
f 253/278/201 137/259/201 205/242/201 244/279/201
f 239/280/202 134/250/202 163/248/202 251/275/202
f 244/279/203 205/242/203 130/128/203 248/127/203
f 235/265/204 128/239/204 134/250/204 239/280/204
f 221/260/205 232/263/205 234/281/205 222/282/205
f 222/282/206 234/281/206 233/264/206 220/159/206
f 224/99/207 217/102/207 219/283/207 225/284/207
f 225/284/208 219/283/208 218/89/208 223/88/208
f 232/272/209 229/165/209 231/285/209 234/286/209
f 234/286/210 231/285/210 230/104/210 233/140/210
f 209/267/211 211/268/211 213/287/211 210/288/211
f 210/288/212 213/287/212 212/92/212 208/113/212
f 211/268/213 214/271/213 216/289/213 213/287/213
f 213/287/214 216/289/214 215/93/214 212/92/214
f 229/165/215 226/168/215 228/290/215 231/285/215
f 231/285/216 228/290/216 227/105/216 230/104/216
f 214/271/217 224/99/217 225/284/217 216/289/217
f 216/289/218 225/284/218 223/88/218 215/93/218
f 226/168/219 209/267/219 210/288/219 228/290/219
f 228/290/220 210/288/220 208/113/220 227/105/220
f 217/102/221 221/260/221 222/282/221 219/283/221
f 219/283/222 222/282/222 220/159/222 218/89/222
f 257/153/223 253/156/223 255/291/223 258/292/223
f 258/292/224 255/291/224 254/163/224 256/135/224
f 251/275/225 259/274/225 261/293/225 252/294/225
f 252/294/226 261/293/226 260/134/226 250/277/226
f 253/278/227 244/279/227 246/295/227 255/296/227
f 255/296/228 246/295/228 245/125/228 254/124/228
f 242/130/229 235/265/229 237/297/229 243/298/229
f 243/298/230 237/297/230 236/97/230 241/96/230
f 259/274/231 257/153/231 258/292/231 261/293/231
f 261/293/232 258/292/232 256/135/232 260/134/232
f 248/127/233 242/130/233 243/298/233 249/299/233
f 249/299/234 243/298/234 241/96/234 247/132/234
f 239/280/235 251/275/235 252/294/235 240/300/235
f 240/300/236 252/294/236 250/277/236 238/137/236
f 244/279/237 248/127/237 249/299/237 246/295/237
f 246/295/238 249/299/238 247/132/238 245/125/238
f 235/265/239 239/280/239 240/300/239 237/297/239
f 237/297/240 240/300/240 238/137/240 236/97/240
f 209/267/241 12/266/241 7/269/241 211/268/241
o Wall_LO
v -0.096625 -0.000428 -4.469040
v -0.096915 -0.003189 -3.764895
v -0.129047 0.006119 -3.059281
v -0.126352 0.006695 -2.352073
v -0.125490 0.006715 -1.642929
v 0.150435 -0.012202 -1.648704
v 0.128024 0.002008 -2.352055
v 0.128340 0.003634 -3.058879
v 0.140028 0.000121 -3.765205
v 0.145428 0.005128 -4.474755
v -0.037202 -0.003621 -0.945402
v -0.117603 0.004473 -1.050574
v -0.117026 0.762399 -1.050611
v -0.059061 0.779313 -0.937104
v -0.056806 0.877566 -1.050114
v -0.113014 0.011703 -5.068304
v -0.056562 0.005739 -5.167298
v -0.066410 0.865179 -5.091814
v -0.063530 0.764847 -5.187963
v -0.116516 0.760768 -5.083047
v 0.144604 -0.003581 -1.056436
v 0.084406 -0.002563 -0.945097
v 0.066618 0.876203 -1.050738
v 0.067703 0.779601 -0.938875
v 0.127995 0.762828 -1.052667
v 0.061150 0.002854 -5.152990
v 0.135913 0.003695 -5.026134
v 0.066233 0.856015 -5.026911
v 0.122534 0.738044 -5.038477
v 0.073649 0.767624 -5.142204
v -0.060732 0.789681 -1.644616
v -0.122945 0.677495 -1.643909
v -0.051321 0.901420 -2.350723
v -0.118959 0.782948 -2.351159
v -0.047472 1.016180 -3.057743
v -0.117689 0.880726 -3.058976
v -0.066153 1.015626 -3.763635
v -0.119874 0.887987 -3.765083
v -0.102228 0.676023 -4.477575
v -0.038823 0.805149 -4.478159
v 0.085088 0.817276 -4.476923
v 0.104071 0.649185 -4.468080
v 0.067076 1.031751 -3.765265
v 0.135912 0.930125 -3.767473
v 0.066055 1.016428 -3.057793
v 0.123265 0.889259 -3.058595
v 0.076409 0.903219 -2.350517
v 0.121475 0.762312 -2.355580
v 0.132139 0.658437 -1.649187
v 0.068992 0.776216 -1.647375
v -0.112530 -0.000322 -4.374807
v -0.124754 0.005107 -4.296950
v -0.124766 0.005942 -4.209717
v -0.126512 0.006226 -4.121084
v -0.125281 0.005574 -4.031904
v -0.115274 0.002581 -3.942482
v -0.110615 0.001366 -3.853872
v -0.121052 0.004856 -3.677745
v -0.126194 0.006063 -3.589629
v -0.125632 0.005913 -3.501219
v -0.112643 0.007001 -3.412334
v -0.075792 0.006748 -3.322613
v -0.120018 0.005874 -3.235816
v -0.130430 0.006357 -3.147712
v -0.117469 0.002900 -2.970591
v -0.107036 0.001534 -2.882062
v -0.117367 0.004037 -2.793903
v -0.114318 0.003369 -2.705493
v -0.091596 -0.003292 -2.616930
v -0.123709 0.005119 -2.528825
v -0.126208 0.006180 -2.440453
v -0.121014 0.005560 -2.263678
v -0.115250 0.004008 -2.175312
v -0.102262 -0.000470 -2.087317
v -0.115330 0.003756 -1.998541
v -0.124215 0.006172 -1.909258
v -0.126399 0.007063 -1.820049
v -0.129061 0.007722 -1.730684
v 0.145311 -0.007355 -1.736156
v 0.146527 -0.008785 -1.823601
v 0.146438 -0.017236 -1.911760
v 0.143997 -0.005848 -1.999173
v 0.136664 -0.001100 -2.087137
v 0.126551 0.000657 -2.175381
v 0.123395 0.000816 -2.263735
v 0.117814 0.001614 -2.440472
v 0.128929 0.000919 -2.528774
v 0.135674 -0.000607 -2.617080
v 0.128601 0.001021 -2.705453
v 0.128621 -0.001551 -2.793759
v 0.136827 0.000202 -2.882002
v 0.142172 0.000056 -2.970213
v 0.124363 0.004162 -3.147332
v 0.114928 0.001458 -3.235741
v 0.132452 0.002490 -3.323773
v 0.152004 -0.002975 -3.411339
v 0.145131 -0.001164 -3.499918
v 0.132368 0.001663 -3.588764
v 0.131880 -0.000104 -3.677028
v 0.140829 0.000289 -3.853533
v 0.139192 0.001563 -3.941969
v 0.143355 0.000966 -4.030061
v 0.154245 -0.001968 -4.117439
v 0.147077 -0.000492 -4.206406
v 0.130832 -0.000075 -4.296378
v 0.147763 0.001442 -4.384017
v 0.081173 0.004787 -4.476471
v 0.016819 0.004464 -4.475214
v -0.041215 0.003760 -4.472252
v 0.071123 0.003035 -3.765485
v 0.005973 0.003169 -3.765603
v -0.046145 0.002894 -3.765348
v 0.062559 0.003446 -3.059041
v -0.004223 0.003626 -3.059202
v -0.067404 0.003708 -3.059254
v 0.061862 0.003823 -2.352050
v -0.002008 0.004213 -2.352057
v -0.065023 0.004492 -2.352064
v 0.096584 -0.001124 -1.653004
v 0.009048 0.003158 -1.645761
v -0.060885 0.004400 -1.643656
v -0.087623 0.820231 -1.050168
v -0.102293 0.791509 -1.050408
v -0.103255 0.766605 -1.021721
v -0.089094 0.770813 -0.993278
v -0.058897 0.804236 -0.965109
v -0.058497 0.828659 -0.993273
v -0.057881 0.853133 -1.021519
v -0.104391 0.794906 -5.087851
v -0.092188 0.819580 -5.090466
v -0.067797 0.841319 -5.122276
v -0.068224 0.816244 -5.147300
v -0.066768 0.793790 -5.170924
v -0.091093 0.763167 -5.140511
v -0.103226 0.763583 -5.114046
v 0.112528 0.790426 -1.052128
v 0.096936 0.818952 -1.051587
v 0.069142 0.852367 -1.023885
v 0.070375 0.828109 -0.996138
v 0.069552 0.803738 -0.967687
v 0.100962 0.771466 -0.997174
v 0.115282 0.767200 -1.025582
v 0.076222 0.801274 -5.112651
v 0.076964 0.822600 -5.077924
v 0.073641 0.844344 -5.053668
v 0.099415 0.802480 -5.012619
v 0.111007 0.774988 -5.026307
v 0.114769 0.752318 -5.073875
v 0.104260 0.759457 -5.095806
v -0.099347 0.003318 -1.023256
v -0.078064 0.001393 -0.997153
v -0.049463 0.099836 -0.940730
v -0.053249 0.197215 -0.939222
v -0.047368 0.293579 -0.941952
v -0.041928 0.390192 -0.943778
v -0.054898 0.488424 -0.938561
v -0.059180 0.585809 -0.936912
v -0.060398 0.682920 -0.936457
v -0.120182 0.667994 -1.049782
v -0.116151 0.572906 -1.050944
v -0.093294 0.475928 -1.059329
v -0.077861 0.379218 -1.071558
v -0.081044 0.284577 -1.072130
v -0.093451 0.191167 -1.061880
v -0.113173 0.098196 -1.051777
v -0.085251 0.710669 -4.478031
v -0.069771 0.742727 -4.478493
v -0.054860 0.816805 -4.559489
v -0.057478 0.827936 -4.637761
v -0.056471 0.838995 -4.715858
v -0.057264 0.847431 -4.793881
v -0.047720 0.869219 -4.944738
v -0.112765 0.746093 -4.944034
v -0.115489 0.727979 -4.793960
v -0.115717 0.716074 -4.715889
v -0.113133 0.705448 -4.637529
v -0.093907 0.692619 -4.555632
v -0.056680 0.666338 -5.134948
v -0.049193 0.569019 -5.114428
v -0.052808 0.483912 -5.166664
v -0.055238 0.395293 -5.203405
v -0.056735 0.302211 -5.210888
v -0.058468 0.199737 -5.184383
v -0.060472 0.103829 -5.192141
v -0.084766 0.006223 -5.115486
v -0.099963 0.008046 -5.091851
v -0.112619 0.098145 -5.057249
v -0.113319 0.193788 -5.059551
v -0.122797 0.293227 -5.085784
v -0.119371 0.385936 -5.079105
v -0.100265 0.469085 -5.025868
v -0.097033 0.546071 -4.948582
v -0.109762 0.661405 -5.026764
v -0.038250 0.859116 -5.088767
v -0.006516 0.852580 -5.079057
v 0.032864 0.857135 -5.056738
v 0.041054 0.767107 -5.149734
v 0.004249 0.772394 -5.180270
v -0.031081 0.770040 -5.190867
v 0.125634 0.642280 -5.011441
v 0.115426 0.519778 -4.958405
v 0.123594 0.442993 -4.974869
v 0.129489 0.378914 -5.044512
v 0.126872 0.294099 -5.080831
v 0.123282 0.194770 -5.066719
v 0.127557 0.090242 -5.024299
v 0.117093 0.001867 -5.059253
v 0.096718 0.002555 -5.094392
v 0.065384 0.098642 -5.169032
v 0.073262 0.197996 -5.173644
v 0.064686 0.303105 -5.210356
v 0.055691 0.393870 -5.199865
v 0.052726 0.467967 -5.138407
v 0.068930 0.552011 -5.068347
v 0.070351 0.666116 -5.112801
v 0.117848 0.696324 -1.648634
v 0.101633 0.718639 -1.648544
v 0.051237 0.767329 -1.572015
v 0.043724 0.773082 -1.496565
v 0.066365 0.806677 -1.425374
v 0.073587 0.820788 -1.353111
v 0.067878 0.850660 -1.201451
v 0.132723 0.744144 -1.201931
v 0.137339 0.722394 -1.353047
v 0.126936 0.705959 -1.425167
v 0.135586 0.707120 -1.498087
v 0.134945 0.695030 -1.572019
v 0.064514 0.682685 -0.937629
v 0.063433 0.585789 -0.937157
v 0.062061 0.488567 -0.937290
v 0.061924 0.391852 -0.936661
v 0.063668 0.294786 -0.937127
v 0.073943 0.196754 -0.941246
v 0.088375 0.098229 -0.947028
v 0.117750 -0.003294 -1.001524
v 0.130562 -0.002425 -1.028856
v 0.143345 0.096495 -1.056735
v 0.136655 0.191063 -1.054753
v 0.135951 0.286996 -1.054776
v 0.140079 0.382132 -1.055734
v 0.138953 0.476904 -1.055554
v 0.127616 0.571281 -1.052765
v 0.129163 0.666398 -1.053097
v 0.040335 0.875890 -1.051927
v 0.009728 0.876863 -1.051831
v -0.024051 0.877434 -1.050823
v -0.028103 0.779354 -0.937244
v 0.003298 0.779401 -0.937596
v 0.035136 0.779473 -0.938112
v -0.044671 0.856598 -1.203475
v -0.059014 0.839857 -1.346302
v -0.061986 0.827847 -1.420162
v -0.063615 0.813905 -1.494752
v -0.069483 0.792839 -1.569026
v -0.092890 0.733754 -1.644084
v -0.108484 0.705911 -1.643894
v -0.131660 0.680102 -1.568337
v -0.130396 0.691239 -1.494080
v -0.127703 0.707165 -1.419423
v -0.123382 0.720698 -1.345613
v -0.103826 0.742453 -1.204143
v -0.027203 0.815091 -1.736939
v -0.053810 0.831202 -1.821608
v -0.054072 0.841917 -1.909880
v -0.067674 0.824277 -1.999870
v -0.055331 0.861577 -2.086512
v -0.032390 0.877923 -2.173941
v -0.044155 0.889792 -2.262256
v -0.086699 0.841825 -2.350943
v -0.103521 0.813736 -2.351026
v -0.101311 0.771278 -2.262832
v -0.110344 0.758266 -2.174720
v -0.119403 0.743529 -2.086706
v -0.123968 0.724308 -1.998662
v -0.121676 0.722474 -1.909479
v -0.117990 0.710914 -1.821247
v -0.090384 0.699317 -1.736908
v -0.048439 0.911525 -2.439601
v -0.065887 0.888127 -2.533097
v -0.047026 0.940692 -2.616285
v -0.041366 0.946099 -2.704580
v -0.045112 0.970894 -2.792621
v -0.039581 0.986613 -2.880987
v -0.040348 1.002068 -2.969147
v -0.081526 0.940867 -3.058638
v -0.097976 0.903781 -3.059062
v -0.113222 0.843088 -2.971548
v -0.113164 0.840545 -2.882532
v -0.105998 0.835389 -2.793852
v -0.094680 0.813491 -2.705719
v -0.114539 0.804899 -2.617621
v -0.124152 0.798521 -2.529759
v -0.119853 0.796503 -2.439561
v -0.059416 0.999294 -3.148007
v -0.067244 0.982002 -3.237484
v -0.062356 1.004454 -3.324378
v -0.056002 0.978155 -3.413316
v -0.057052 0.959376 -3.502083
v -0.063322 1.008603 -3.588768
v -0.057923 1.027137 -3.676771
v -0.097595 0.952057 -3.763900
v -0.108729 0.916548 -3.764422
v -0.117968 0.870363 -3.678240
v -0.117262 0.868027 -3.590443
v -0.096576 0.845946 -3.502727
v -0.086253 0.841755 -3.414662
v -0.108345 0.857331 -3.325678
v -0.121219 0.882981 -3.236397
v -0.120628 0.890203 -3.147317
v -0.070299 0.973169 -3.849039
v -0.054021 0.948762 -3.936749
v -0.053555 0.930602 -4.027030
v -0.059108 0.908558 -4.117937
v -0.057593 0.883568 -4.208340
v -0.068035 0.840886 -4.294857
v -0.057676 0.819206 -4.387124
v -0.122498 0.702834 -4.388188
v -0.119896 0.739040 -4.299353
v -0.119254 0.770234 -4.210317
v -0.119107 0.800102 -4.121277
v -0.113765 0.825568 -4.031675
v -0.106205 0.850578 -3.941746
v -0.120079 0.871652 -3.853255
v 0.063787 0.850628 -4.924240
v 0.070041 0.839887 -4.783709
v 0.072482 0.830060 -4.708480
v 0.075379 0.823307 -4.632470
v 0.079510 0.817619 -4.555891
v 0.118491 0.756056 -4.476371
v 0.126974 0.711531 -4.472826
v 0.112900 0.659627 -4.545226
v 0.109941 0.676993 -4.623912
v 0.119242 0.690334 -4.691682
v 0.130243 0.700201 -4.748548
v 0.127225 0.714150 -4.884156
v 0.081272 0.838971 -4.389532
v 0.069860 0.851406 -4.296560
v 0.066193 0.862241 -4.201220
v 0.079635 0.916964 -4.120057
v 0.069826 0.951608 -4.033311
v 0.069768 0.981112 -3.944899
v 0.067915 1.010304 -3.855318
v 0.104164 0.988063 -3.767132
v 0.120182 0.960296 -3.767333
v 0.132457 0.902008 -3.857040
v 0.131586 0.869041 -3.945676
v 0.132238 0.837614 -4.034189
v 0.141633 0.803542 -4.121043
v 0.117507 0.752798 -4.202993
v 0.110265 0.713719 -4.291890
v 0.100871 0.678615 -4.382826
v 0.063868 1.026682 -3.676800
v 0.052746 1.009402 -3.588433
v 0.068845 1.016035 -3.500941
v 0.074248 0.989591 -3.413240
v 0.068133 1.023253 -3.323490
v 0.059342 1.016291 -3.235589
v 0.054136 1.002361 -3.148116
v 0.095600 0.954826 -3.058076
v 0.110495 0.923711 -3.058202
v 0.115126 0.889107 -3.147820
v 0.112144 0.888536 -3.236534
v 0.128707 0.905710 -3.323432
v 0.135329 0.892780 -3.412537
v 0.132687 0.903924 -3.500967
v 0.120608 0.906701 -3.588906
v 0.125094 0.912463 -3.677040
v 0.065110 1.002380 -2.969563
v 0.070971 0.983382 -2.881536
v 0.070904 0.965454 -2.792576
v 0.076285 0.941159 -2.704085
v 0.070337 0.946692 -2.615163
v 0.053918 0.897574 -2.532080
v 0.067103 0.910648 -2.439865
v 0.102175 0.834718 -2.352055
v 0.109946 0.789007 -2.354371
v 0.113794 0.774040 -2.443731
v 0.107179 0.779457 -2.533101
v 0.103234 0.767661 -2.622828
v 0.086695 0.750680 -2.713573
v 0.115831 0.825379 -2.796209
v 0.129584 0.855891 -2.882894
v 0.125341 0.876323 -2.970104
v 0.070736 0.890483 -2.262384
v 0.067772 0.873649 -2.174782
v 0.068210 0.859152 -2.086753
v 0.062303 0.814816 -2.000611
v 0.076873 0.815800 -1.911467
v 0.086908 0.808547 -1.823881
v 0.077199 0.799262 -1.735007
v 0.142253 0.676635 -1.736335
v 0.146288 0.703265 -1.823463
v 0.139729 0.725618 -1.910153
v 0.131976 0.738484 -1.997985
v 0.132004 0.748690 -2.086232
v 0.127064 0.754920 -2.175184
v 0.102960 0.750223 -2.270355
v -0.115586 0.003986 -1.570534
v -0.110961 0.001899 -1.497980
v -0.095318 -0.002761 -1.429191
v -0.110994 0.002686 -1.349398
v -0.123452 0.005862 -1.195912
v -0.121406 0.586178 -1.644487
v -0.102816 0.507489 -1.647039
v -0.074325 0.420839 -1.652053
v -0.081510 0.338012 -1.653376
v -0.117169 0.257717 -1.644828
v -0.120985 0.173796 -1.644028
v -0.121121 0.089249 -1.643821
v -0.007831 -0.001707 -0.944141
v 0.021114 -0.001547 -0.943297
v 0.052179 -0.001615 -0.943981
v 0.146983 -0.010210 -1.578106
v 0.137497 -0.003398 -1.501926
v 0.133869 -0.008160 -1.430091
v 0.140307 -0.002485 -1.355171
v 0.143040 -0.005797 -1.210246
v 0.046222 0.783213 -1.647993
v 0.012181 0.786947 -1.646923
v -0.025184 0.788946 -1.645450
v 0.031067 0.000017 -5.151258
v 0.000589 0.001181 -5.155829
v -0.029581 0.003258 -5.163346
v -0.115147 0.003121 -4.544474
v -0.119995 0.004228 -4.619656
v -0.122675 0.003519 -4.688535
v -0.122988 0.004711 -4.764212
v -0.115491 0.011822 -4.931933
v 0.124675 0.010461 -4.916336
v 0.117626 0.010264 -4.774497
v 0.121356 0.010847 -4.702845
v 0.130270 0.010561 -4.629684
v 0.136904 0.008478 -4.553407
v -0.103487 0.086048 -4.466517
v -0.103941 0.168427 -4.459225
v -0.097789 0.249463 -4.446754
v -0.097985 0.327734 -4.429365
v -0.097596 0.415042 -4.444646
v -0.086228 0.504570 -4.465202
v -0.100552 0.584533 -4.474474
v -0.005165 0.809529 -4.478446
v 0.029478 0.814214 -4.477925
v 0.060255 0.818001 -4.476893
v 0.141868 0.084658 -1.647972
v 0.141729 0.171884 -1.647398
v 0.140891 0.258272 -1.647071
v 0.141845 0.344554 -1.647211
v 0.143797 0.430056 -1.648059
v 0.126944 0.488724 -1.648497
v 0.136247 0.577941 -1.650220
v 0.082831 0.559042 -4.468442
v 0.105162 0.498919 -4.467504
v 0.118603 0.421996 -4.457823
v 0.125312 0.336433 -4.447223
v 0.121389 0.255660 -4.464674
v 0.118304 0.172264 -4.472535
v 0.144988 0.089002 -4.474033
v -0.114932 0.685631 -2.351421
v -0.099783 0.578381 -2.352676
v -0.087144 0.477219 -2.352958
v -0.108451 0.388738 -2.352213
v -0.118626 0.294022 -2.352084
v -0.129364 0.198090 -2.352101
v -0.131076 0.101490 -2.352100
v 0.049086 0.904173 -2.350379
v 0.019822 0.904004 -2.350381
v -0.014720 0.902784 -2.350568
v -0.125054 0.778739 -3.058999
v -0.122145 0.673951 -3.058724
v -0.105949 0.562119 -3.058449
v -0.109675 0.453160 -3.058471
v -0.121929 0.339824 -3.058909
v -0.129658 0.226689 -3.059216
v -0.130034 0.114794 -3.059276
v 0.034019 1.020412 -3.057719
v 0.002837 1.019485 -3.057896
v -0.024111 1.017136 -3.057979
v -0.121295 0.781363 -3.765778
v -0.120808 0.681184 -3.766693
v -0.113545 0.570061 -3.766178
v -0.073293 0.457594 -3.763932
v -0.090460 0.344662 -3.764644
v -0.098456 0.230935 -3.765101
v -0.097996 0.116884 -3.765074
v 0.030944 1.020146 -3.763689
v -0.007677 1.000675 -3.761048
v -0.045718 0.993059 -3.760947
v 0.137257 0.811206 -3.766302
v 0.092465 0.656412 -3.761305
v 0.122658 0.579466 -3.766575
v 0.124844 0.465141 -3.766801
v 0.113262 0.345815 -3.766047
v 0.119206 0.231875 -3.766021
v 0.132909 0.117188 -3.765471
v 0.109757 0.757519 -3.061235
v 0.119895 0.668458 -3.059093
v 0.105606 0.555157 -3.059580
v 0.089344 0.441424 -3.059843
v 0.098068 0.331263 -3.059574
v 0.125223 0.223963 -3.058966
v 0.137701 0.113490 -3.058702
v 0.140731 0.685130 -2.351294
v 0.129194 0.590497 -2.351172
v 0.117640 0.488542 -2.352013
v 0.095356 0.385012 -2.353125
v 0.120790 0.294359 -2.352041
v 0.129260 0.196942 -2.352015
v 0.141472 0.098966 -2.352009
v 0.039126 0.861019 -4.934653
v 0.013823 0.865750 -4.939193
v -0.017085 0.866808 -4.942949
v 0.042939 0.846118 -4.787104
v 0.010151 0.847971 -4.790946
v -0.024999 0.848690 -4.793519
v 0.043603 0.836942 -4.711061
v 0.009682 0.839778 -4.714547
v -0.024268 0.840683 -4.716035
v 0.045048 0.830376 -4.634927
v 0.009028 0.831282 -4.637612
v -0.025291 0.830397 -4.638462
v 0.049623 0.821827 -4.557502
v 0.012646 0.820279 -4.559336
v -0.022527 0.818524 -4.559900
v -0.010640 0.005732 -4.917130
v -0.075073 0.005811 -4.973768
v -0.034145 0.004535 -5.028089
v 0.064010 0.003254 -5.026022
v 0.088755 0.004878 -4.971609
v 0.051200 0.005664 -4.831366
v 0.069083 0.006082 -4.570183
v -0.002317 0.005140 -4.574226
v 0.065379 0.005949 -4.657611
v -0.006161 0.003680 -4.666001
v 0.065137 0.005546 -4.743510
v -0.009159 0.003738 -4.771167
v -0.056297 0.003696 -4.559701
v -0.060754 0.002855 -4.644034
v -0.069352 0.003276 -4.734638
v -0.075048 0.005328 -4.828004
v 0.124340 0.094956 -4.911947
v 0.115998 0.192622 -4.940433
v 0.112639 0.283447 -4.941027
v 0.116943 0.364136 -4.902038
v 0.123848 0.436449 -4.831976
v 0.110449 0.515034 -4.825170
v 0.113334 0.620634 -4.866526
v 0.115069 0.094995 -4.780202
v 0.124962 0.186489 -4.787147
v 0.128351 0.276832 -4.782890
v 0.128980 0.354640 -4.735187
v 0.127502 0.434045 -4.700737
v 0.110507 0.516544 -4.725169
v 0.102291 0.607784 -4.757519
v 0.118465 0.094844 -4.708788
v 0.128526 0.182482 -4.707052
v 0.136222 0.270926 -4.699241
v 0.135167 0.350145 -4.655162
v 0.132446 0.437420 -4.643573
v 0.121118 0.527637 -4.674874
v 0.093402 0.595316 -4.695170
v 0.138345 0.093819 -4.631835
v 0.129877 0.177881 -4.626549
v 0.142416 0.263068 -4.614282
v 0.145588 0.343482 -4.577704
v 0.135889 0.434388 -4.584869
v 0.120927 0.520491 -4.611444
v 0.091771 0.582129 -4.622062
v 0.141765 0.091367 -4.553005
v 0.119029 0.173875 -4.547533
v 0.115736 0.256144 -4.538382
v 0.120459 0.332214 -4.511531
v 0.129728 0.421359 -4.519465
v 0.123616 0.504775 -4.538359
v 0.091007 0.553721 -4.539766
v 0.000978 0.003703 -1.210258
v -0.060837 0.004299 -1.555318
v 0.001912 0.003997 -1.548498
v -0.054561 0.002778 -1.469316
v 0.005969 0.002160 -1.453234
v -0.042800 0.001907 -1.385055
v 0.015579 0.002436 -1.350084
v 0.072625 0.001927 -1.559620
v 0.062842 0.001079 -1.471375
v 0.077809 0.000389 -1.387336
v 0.073787 0.001139 -1.301850
v 0.092981 0.002351 -1.155398
v 0.061360 0.002977 -1.093014
v -0.056442 0.003968 -1.089134
v -0.088033 0.004215 -1.149169
v -0.065320 0.003852 -1.295926
v 0.020099 0.775973 -1.570816
v -0.008336 0.785426 -1.569990
v -0.038805 0.790238 -1.569367
v 0.008403 0.773763 -1.495191
v -0.014432 0.788944 -1.494970
v -0.037009 0.804404 -1.494874
v 0.023984 0.802661 -1.422365
v -0.004941 0.811516 -1.421396
v -0.032156 0.822184 -1.420752
v 0.032694 0.819121 -1.349983
v 0.003572 0.830221 -1.348407
v -0.026970 0.837610 -1.347183
v 0.041407 0.848255 -1.203446
v 0.014206 0.852595 -1.203519
v -0.014859 0.855166 -1.203420
v -0.032855 0.104545 -5.196526
v -0.028468 0.200318 -5.187931
v -0.024218 0.301496 -5.209631
v -0.033737 0.392571 -5.201514
v -0.031346 0.480020 -5.164558
v -0.023758 0.565836 -5.115743
v -0.031017 0.662041 -5.137518
v -0.000633 0.104653 -5.196766
v 0.006535 0.200041 -5.185820
v 0.006954 0.302011 -5.210557
v -0.009123 0.391337 -5.201502
v -0.008934 0.474456 -5.160226
v 0.002916 0.559780 -5.108323
v 0.000171 0.664069 -5.140768
v 0.032791 0.102773 -5.188575
v 0.042916 0.198963 -5.179461
v 0.034711 0.303288 -5.214451
v 0.021240 0.393160 -5.205465
v 0.020792 0.471410 -5.153609
v 0.036620 0.556100 -5.089225
v 0.037516 0.663998 -5.118821
v 0.142523 0.086479 -1.575984
v 0.139886 0.174875 -1.573610
v 0.134256 0.262698 -1.571949
v 0.133172 0.350380 -1.571617
v 0.126578 0.434198 -1.571296
v 0.122015 0.516175 -1.571355
v 0.139149 0.611624 -1.573052
v 0.118120 0.088951 -1.498276
v 0.114882 0.177844 -1.495533
v 0.112759 0.265001 -1.494798
v 0.102588 0.347093 -1.494366
v 0.084791 0.418873 -1.493923
v 0.110134 0.522886 -1.494812
v 0.133572 0.622115 -1.497370
v 0.110323 0.089782 -1.423947
v 0.113199 0.180773 -1.420479
v 0.117978 0.270421 -1.419994
v 0.120767 0.360052 -1.420158
v 0.111377 0.443159 -1.420184
v 0.085222 0.517596 -1.419941
v 0.115788 0.618082 -1.421554
v 0.115490 0.091619 -1.349804
v 0.122257 0.184010 -1.346416
v 0.123284 0.274591 -1.345935
v 0.121873 0.365075 -1.345658
v 0.115339 0.453232 -1.345450
v 0.090056 0.528767 -1.345107
v 0.114504 0.626117 -1.347585
v 0.125036 0.093146 -1.205564
v 0.122242 0.188492 -1.198755
v 0.121612 0.281369 -1.197655
v 0.119717 0.373730 -1.197460
v 0.114597 0.464739 -1.197810
v 0.114330 0.556009 -1.198974
v 0.136665 0.651198 -1.203055
v 0.146040 0.091485 -4.382528
v 0.124338 0.179258 -4.383497
v 0.128529 0.266073 -4.374740
v 0.129394 0.355795 -4.373910
v 0.127369 0.448575 -4.385131
v 0.123706 0.536513 -4.388950
v 0.101618 0.602119 -4.384862
v 0.130191 0.093947 -4.292240
v 0.115444 0.186121 -4.294350
v 0.126385 0.277613 -4.287652
v 0.129072 0.373902 -4.294459
v 0.130802 0.470525 -4.300383
v 0.128234 0.561845 -4.300557
v 0.091106 0.614151 -4.290624
v 0.137364 0.098371 -4.206619
v 0.109112 0.192906 -4.205203
v 0.124014 0.289951 -4.202695
v 0.128057 0.390702 -4.209620
v 0.129747 0.489737 -4.211942
v 0.126388 0.581743 -4.210776
v 0.094866 0.650603 -4.202783
v 0.149533 0.101650 -4.117753
v 0.122024 0.198595 -4.115561
v 0.110425 0.295333 -4.114475
v 0.119718 0.399961 -4.119201
v 0.122752 0.502928 -4.121157
v 0.108947 0.586510 -4.116217
v 0.131046 0.695136 -4.118288
v 0.147434 0.105372 -4.029723
v 0.131544 0.206734 -4.028349
v 0.132673 0.310810 -4.029362
v 0.139809 0.415732 -4.030520
v 0.125115 0.507530 -4.026916
v 0.099082 0.576666 -4.016393
v 0.141563 0.726330 -4.030997
v 0.134086 0.109859 -3.942264
v 0.119693 0.216767 -3.942353
v 0.122770 0.324400 -3.942907
v 0.130449 0.435629 -3.944248
v 0.130824 0.543310 -3.944320
v 0.086779 0.602927 -3.931085
v 0.130065 0.751738 -3.942680
v 0.132815 0.113625 -3.854000
v 0.120930 0.224672 -3.854440
v 0.117899 0.335386 -3.854570
v 0.126769 0.450544 -3.855576
v 0.126499 0.563217 -3.855820
v 0.087720 0.629345 -3.846576
v 0.128205 0.779580 -3.854389
v -0.107576 0.113496 -3.853820
v -0.107643 0.223970 -3.853887
v -0.096527 0.333741 -3.853232
v -0.086822 0.440644 -3.851624
v -0.115019 0.552301 -3.853322
v -0.126483 0.660043 -3.853399
v -0.120392 0.772044 -3.854644
v -0.116961 0.110328 -3.942802
v -0.118683 0.217161 -3.942818
v -0.115375 0.323657 -3.942544
v -0.094246 0.427300 -3.940283
v -0.094597 0.536382 -3.941496
v -0.106798 0.644862 -3.942709
v -0.107066 0.750906 -3.943471
v -0.122769 0.107003 -4.031901
v -0.116435 0.209581 -4.030880
v -0.105823 0.311954 -4.029775
v -0.074496 0.410872 -4.026611
v -0.069292 0.516516 -4.028005
v -0.094128 0.623265 -4.031175
v -0.107948 0.727065 -4.032456
v -0.126337 0.103551 -4.121230
v -0.125191 0.202595 -4.120252
v -0.119570 0.301084 -4.117749
v -0.103258 0.396544 -4.116142
v -0.083260 0.499149 -4.117044
v -0.112284 0.602720 -4.121332
v -0.118393 0.703945 -4.122114
v -0.126130 0.099769 -4.209945
v -0.126156 0.195001 -4.208599
v -0.125099 0.289141 -4.203790
v -0.124346 0.382424 -4.204809
v -0.075126 0.480733 -4.203333
v -0.108743 0.580334 -4.210052
v -0.117813 0.677882 -4.211368
v -0.125561 0.095512 -4.296844
v -0.126254 0.186702 -4.294466
v -0.125622 0.276336 -4.287728
v -0.101431 0.366247 -4.285144
v -0.054799 0.461378 -4.286783
v -0.094401 0.557469 -4.297271
v -0.115482 0.651509 -4.300598
v -0.107954 0.088293 -4.372437
v -0.103566 0.175074 -4.367370
v -0.086988 0.260234 -4.356389
v -0.077174 0.345648 -4.350884
v -0.056695 0.440084 -4.368091
v -0.089273 0.534310 -4.384715
v -0.115312 0.622782 -4.390137
v -0.131997 0.115534 -3.147697
v -0.131415 0.228204 -3.147599
v -0.128023 0.342155 -3.147388
v -0.121522 0.456127 -3.147060
v -0.105706 0.566306 -3.146686
v -0.122104 0.679790 -3.146996
v -0.124873 0.789391 -3.147067
v -0.126792 0.115025 -3.235898
v -0.130644 0.226723 -3.236028
v -0.129802 0.339821 -3.235932
v -0.117169 0.455795 -3.235352
v -0.095787 0.567989 -3.234642
v -0.116581 0.681458 -3.235282
v -0.123738 0.788843 -3.235674
v -0.090067 0.112048 -3.323246
v -0.098264 0.220257 -3.323728
v -0.101258 0.327760 -3.323999
v -0.088948 0.439188 -3.323513
v -0.095844 0.548740 -3.323731
v -0.119152 0.657341 -3.324841
v -0.120558 0.758330 -3.325269
v -0.109615 0.115314 -3.412228
v -0.093354 0.225492 -3.411734
v -0.064020 0.328745 -3.410985
v -0.039581 0.420820 -3.410619
v -0.074054 0.523758 -3.412396
v -0.098313 0.631146 -3.413652
v -0.091774 0.718768 -3.414583
v -0.127282 0.117035 -3.501242
v -0.126385 0.230806 -3.501143
v -0.109037 0.344625 -3.500355
v -0.045044 0.443034 -3.498251
v -0.059062 0.548027 -3.499186
v -0.073606 0.650320 -3.500350
v -0.076275 0.740515 -3.501468
v -0.129434 0.117404 -3.589702
v -0.127066 0.231367 -3.589523
v -0.122034 0.345529 -3.589213
v -0.060101 0.455705 -3.586683
v -0.089368 0.571363 -3.587940
v -0.118389 0.686324 -3.589233
v -0.118851 0.788780 -3.589742
v -0.122386 0.117464 -3.677802
v -0.119538 0.231357 -3.677675
v -0.108533 0.344897 -3.677070
v -0.059542 0.454122 -3.674991
v -0.110030 0.572593 -3.677382
v -0.122302 0.684631 -3.678192
v -0.117677 0.784907 -3.678586
v -0.131953 0.103062 -2.440482
v -0.130131 0.201645 -2.440470
v -0.128034 0.300221 -2.440445
v -0.116516 0.398240 -2.440368
v -0.079336 0.491733 -2.440569
v -0.108411 0.594215 -2.440470
v -0.118826 0.698670 -2.439792
v -0.125162 0.104164 -2.528834
v -0.123123 0.204379 -2.528822
v -0.122222 0.304848 -2.528797
v -0.109452 0.404828 -2.528657
v -0.093354 0.503206 -2.528731
v -0.114086 0.602745 -2.529147
v -0.120674 0.705975 -2.528813
v -0.098743 0.104546 -2.617004
v -0.096112 0.205836 -2.616983
v -0.091422 0.306705 -2.616955
v -0.076627 0.407037 -2.616823
v -0.091963 0.506696 -2.617180
v -0.116049 0.602043 -2.618227
v -0.119286 0.703607 -2.618076
v -0.109672 0.106836 -2.705432
v -0.111686 0.210437 -2.705459
v -0.111894 0.313764 -2.705472
v -0.084401 0.417208 -2.705091
v -0.082221 0.519483 -2.705111
v -0.099694 0.620655 -2.705656
v -0.105134 0.724522 -2.705231
v -0.121996 0.108806 -2.793964
v -0.122848 0.214254 -2.793985
v -0.119233 0.320112 -2.793880
v -0.098348 0.425220 -2.793524
v -0.116093 0.528185 -2.794181
v -0.115689 0.637397 -2.793721
v -0.111585 0.737016 -2.793605
v -0.108054 0.109765 -2.882088
v -0.100582 0.215955 -2.881983
v -0.086352 0.320814 -2.881802
v -0.087234 0.423496 -2.881840
v -0.114046 0.524088 -2.882894
v -0.115886 0.629852 -2.882772
v -0.112337 0.727790 -2.882854
v -0.108578 0.112096 -2.970437
v -0.103538 0.220394 -2.970375
v -0.073493 0.328193 -2.969831
v -0.080187 0.433747 -2.969844
v -0.101614 0.536381 -2.970744
v -0.108519 0.638888 -2.971010
v -0.113996 0.732780 -2.971589
v -0.116118 0.088627 -4.545708
v -0.116531 0.172355 -4.538542
v -0.115272 0.253677 -4.521944
v -0.116338 0.331529 -4.498521
v -0.116286 0.417084 -4.507953
v -0.090895 0.512626 -4.535501
v -0.078666 0.607672 -4.551727
v -0.121258 0.092013 -4.628069
v -0.119157 0.178286 -4.625383
v -0.112396 0.262129 -4.612494
v -0.113387 0.337950 -4.577576
v -0.112455 0.418258 -4.559815
v -0.081899 0.522733 -4.598647
v -0.095991 0.620990 -4.631645
v -0.125480 0.094194 -4.705513
v -0.125726 0.182940 -4.708289
v -0.125075 0.267661 -4.696232
v -0.128839 0.342909 -4.660546
v -0.106306 0.422232 -4.615252
v -0.077653 0.528580 -4.653883
v -0.103235 0.631543 -4.708804
v -0.125724 0.093859 -4.771585
v -0.130748 0.185513 -4.783252
v -0.134028 0.271584 -4.776515
v -0.139796 0.349042 -4.746551
v -0.108406 0.428977 -4.685551
v -0.087949 0.530576 -4.706715
v -0.108054 0.639907 -4.783153
v -0.113356 0.090881 -4.891386
v -0.112426 0.186508 -4.906293
v -0.111504 0.280346 -4.917303
v -0.110158 0.363731 -4.890773
v -0.085051 0.442859 -4.827509
v -0.082211 0.533126 -4.806952
v -0.108152 0.649316 -4.913913
v -0.057312 0.004222 -4.387452
v -0.005820 0.004279 -4.387556
v 0.058610 0.004389 -4.388389
v -0.070677 0.003179 -4.295160
v -0.006473 0.004369 -4.299391
v 0.060099 0.004272 -4.299247
v -0.071732 0.003023 -4.205611
v -0.004926 0.004254 -4.210077
v 0.065993 0.003965 -4.209521
v -0.068238 0.003702 -4.119230
v -0.001937 0.003884 -4.120209
v 0.077186 0.003092 -4.119184
v -0.061931 0.003737 -4.031229
v 0.004468 0.003524 -4.031000
v 0.069645 0.003367 -4.030987
v -0.057787 0.003547 -3.942693
v 0.003768 0.003571 -3.942654
v 0.070343 0.003279 -3.942443
v -0.048579 0.002932 -3.853727
v 0.014772 0.002852 -3.853678
v 0.078880 0.002680 -3.853564
v -0.061927 0.003685 -3.677775
v 0.000620 0.003581 -3.677663
v 0.063346 0.003369 -3.677429
v -0.066096 0.003801 -3.589592
v -0.001565 0.003631 -3.589404
v 0.062819 0.003475 -3.589213
v -0.064552 0.003716 -3.501147
v -0.001293 0.003589 -3.501014
v 0.068586 0.003294 -3.500607
v -0.051699 0.003283 -3.412250
v 0.022944 0.002872 -3.411726
v 0.097185 0.002738 -3.411105
v -0.034729 0.002768 -3.323193
v 0.009035 0.003207 -3.323740
v 0.067533 0.003324 -3.323910
v -0.061459 0.003554 -3.235871
v -0.002810 0.003623 -3.235940
v 0.057018 0.003522 -3.235882
v -0.068557 0.003776 -3.147670
v -0.004179 0.003652 -3.147587
v 0.061293 0.003493 -3.147469
v -0.053708 0.003367 -2.970509
v 0.007353 0.003364 -2.970522
v 0.078638 0.003214 -2.970329
v -0.046475 0.003243 -2.882061
v 0.012986 0.003226 -2.882018
v 0.081175 0.003189 -2.881901
v -0.059052 0.003465 -2.793931
v 0.002073 0.003445 -2.793911
v 0.064834 0.003371 -2.793844
v -0.052483 0.003350 -2.705472
v 0.004193 0.003422 -2.705508
v 0.064603 0.003400 -2.705497
v -0.036314 0.002807 -2.616994
v 0.020517 0.002954 -2.617022
v 0.078240 0.003031 -2.617046
v -0.063040 0.003763 -2.528818
v 0.001229 0.003579 -2.528790
v 0.065853 0.003361 -2.528767
v -0.067371 0.004311 -2.440451
v -0.004593 0.004055 -2.440441
v 0.055625 0.003815 -2.440453
v -0.058794 0.004063 -2.263673
v 0.007680 0.003318 -2.263680
v 0.062082 0.003443 -2.263713
v -0.056833 0.003887 -2.175282
v 0.004114 0.003811 -2.175291
v 0.065316 0.003300 -2.175340
v -0.043685 0.001989 -2.087259
v 0.018511 0.001537 -2.087287
v 0.073612 0.001551 -2.087231
v -0.052512 0.003162 -1.998708
v 0.019517 0.001420 -1.999417
v 0.085113 -0.000191 -1.999655
v -0.063245 0.004511 -1.909484
v 0.001249 0.003702 -1.910038
v 0.074849 0.000915 -1.911788
v -0.066915 0.005205 -1.820105
v -0.004776 0.004575 -1.820702
v 0.064075 0.002280 -1.822649
v -0.067889 0.005384 -1.731010
v -0.001822 0.004558 -1.732095
v 0.076977 0.001038 -1.736499
v -0.129151 0.091825 -1.730708
v -0.126049 0.177331 -1.731433
v -0.108108 0.259016 -1.735857
v -0.047686 0.336269 -1.748437
v -0.053799 0.415671 -1.743140
v -0.073050 0.494875 -1.740978
v -0.082089 0.596015 -1.738636
v -0.129338 0.093364 -1.819559
v -0.131420 0.180862 -1.819448
v -0.119413 0.267479 -1.820974
v -0.056684 0.347906 -1.831686
v -0.079460 0.437798 -1.825112
v -0.106359 0.515487 -1.823410
v -0.118248 0.615459 -1.821564
v -0.125475 0.094156 -1.909106
v -0.126140 0.183228 -1.909101
v -0.115449 0.271344 -1.910140
v -0.072636 0.355739 -1.917244
v -0.086446 0.446293 -1.911896
v -0.118053 0.531594 -1.910406
v -0.124395 0.627343 -1.909516
v -0.117459 0.094595 -1.998423
v -0.119728 0.185238 -1.998488
v -0.099534 0.273895 -2.000103
v -0.054799 0.359024 -2.002673
v -0.078306 0.453905 -1.999729
v -0.111150 0.540997 -1.999260
v -0.124257 0.625317 -1.999173
v -0.095895 0.093239 -2.087613
v -0.094231 0.185030 -2.087893
v -0.080780 0.276195 -2.088460
v -0.066071 0.367092 -2.088472
v -0.084504 0.461836 -2.087301
v -0.118410 0.550598 -2.087598
v -0.121491 0.647790 -2.087066
v -0.117223 0.097595 -2.175290
v -0.116624 0.191175 -2.175322
v -0.104678 0.284068 -2.175437
v -0.088231 0.376429 -2.175697
v -0.083804 0.469915 -2.175508
v -0.110925 0.557279 -2.176418
v -0.114109 0.659961 -2.175349
v -0.122116 0.099388 -2.263689
v -0.117677 0.194382 -2.263683
v -0.115287 0.289859 -2.263640
v -0.105546 0.384627 -2.263614
v -0.076377 0.476075 -2.263770
v -0.088791 0.560337 -2.265359
v -0.087272 0.670657 -2.263304
v 0.135957 0.116146 -3.676613
v 0.113060 0.230474 -3.677548
v 0.106681 0.343405 -3.677709
v 0.120648 0.463130 -3.678032
v 0.123375 0.581229 -3.678077
v 0.086787 0.643057 -3.674073
v 0.128060 0.786469 -3.675752
v 0.146528 0.115775 -3.588130
v 0.130218 0.228997 -3.588722
v 0.116644 0.341621 -3.589201
v 0.122196 0.459177 -3.589305
v 0.121443 0.573992 -3.589229
v 0.102922 0.657731 -3.588412
v 0.129671 0.798712 -3.588650
v 0.157685 0.115167 -3.499391
v 0.151968 0.227277 -3.499671
v 0.138899 0.335186 -3.499770
v 0.152173 0.447888 -3.499956
v 0.138345 0.554096 -3.500599
v 0.121783 0.637621 -3.501063
v 0.137312 0.790897 -3.500607
v 0.148278 0.115121 -3.411468
v 0.129668 0.227568 -3.412290
v 0.104626 0.336485 -3.412571
v 0.100340 0.441215 -3.412798
v 0.098412 0.533931 -3.413150
v 0.111742 0.647422 -3.412962
v 0.143461 0.783126 -3.412110
v 0.143111 0.114801 -3.323405
v 0.125281 0.226811 -3.324081
v 0.111849 0.339278 -3.324272
v 0.120786 0.453579 -3.324026
v 0.117164 0.563841 -3.324117
v 0.097500 0.654590 -3.325255
v 0.132436 0.786909 -3.323615
v 0.129428 0.114102 -3.235194
v 0.114202 0.224583 -3.235510
v 0.112759 0.336346 -3.235871
v 0.122930 0.453288 -3.235635
v 0.122778 0.570194 -3.235312
v 0.099752 0.659095 -3.237010
v 0.109494 0.769547 -3.236925
v 0.136372 0.113892 -3.147056
v 0.125737 0.224748 -3.147314
v 0.087329 0.331306 -3.147909
v 0.116359 0.450404 -3.147373
v 0.118133 0.565219 -3.147112
v 0.099482 0.657800 -3.148935
v 0.083841 0.747193 -3.150780
v 0.139951 0.111754 -2.970320
v 0.132219 0.220432 -2.970486
v 0.107777 0.326919 -2.970969
v 0.114717 0.440590 -2.970646
v 0.115086 0.551823 -2.970538
v 0.121588 0.658451 -2.970748
v 0.116550 0.742429 -2.973300
v 0.129801 0.110215 -2.882123
v 0.118767 0.217119 -2.882275
v 0.095173 0.320576 -2.882838
v 0.117405 0.433202 -2.882222
v 0.125035 0.546980 -2.881501
v 0.141200 0.655732 -2.881090
v 0.134338 0.740621 -2.883598
v 0.120353 0.108592 -2.793854
v 0.119243 0.213933 -2.793906
v 0.107973 0.317991 -2.794127
v 0.120590 0.424963 -2.793882
v 0.134745 0.536254 -2.793047
v 0.148233 0.640201 -2.792912
v 0.124271 0.723155 -2.795808
v 0.137915 0.106751 -2.705375
v 0.140953 0.210273 -2.705355
v 0.137666 0.313579 -2.705357
v 0.114555 0.409983 -2.706262
v 0.121911 0.504023 -2.707323
v 0.147053 0.610588 -2.706578
v 0.117148 0.687951 -2.709962
v 0.138927 0.104966 -2.617041
v 0.130696 0.207130 -2.617085
v 0.119283 0.308698 -2.617211
v 0.117385 0.409720 -2.617345
v 0.133768 0.515494 -2.616702
v 0.145871 0.618232 -2.616433
v 0.124982 0.709260 -2.617939
v 0.135109 0.103240 -2.528726
v 0.127528 0.203816 -2.528742
v 0.116842 0.303455 -2.528904
v 0.119424 0.404448 -2.528785
v 0.128408 0.509273 -2.528095
v 0.141576 0.613110 -2.527489
v 0.130741 0.715436 -2.527321
v 0.129316 0.101068 -2.440443
v 0.120582 0.199955 -2.440491
v 0.096014 0.294712 -2.441224
v 0.107926 0.395765 -2.440801
v 0.127712 0.501870 -2.439584
v 0.140703 0.603878 -2.438959
v 0.138656 0.703605 -2.438831
v 0.142379 0.096512 -2.263675
v 0.137962 0.193197 -2.263626
v 0.129637 0.290409 -2.263519
v 0.110854 0.381028 -2.264345
v 0.100014 0.472733 -2.264904
v 0.119239 0.573137 -2.264039
v 0.119224 0.659045 -2.265192
v 0.140823 0.094899 -2.175375
v 0.147959 0.188604 -2.175332
v 0.148122 0.283100 -2.175245
v 0.137955 0.376285 -2.175426
v 0.131802 0.468137 -2.175695
v 0.149375 0.573154 -2.174249
v 0.146824 0.670167 -2.173930
v 0.131851 0.093986 -2.087142
v 0.129494 0.187957 -2.086957
v 0.130811 0.281119 -2.086867
v 0.130378 0.374062 -2.086837
v 0.114348 0.457683 -2.087666
v 0.141237 0.563204 -2.086426
v 0.152207 0.659541 -2.085896
v 0.128974 0.092863 -1.998853
v 0.125343 0.185650 -1.998470
v 0.123993 0.277173 -1.998375
v 0.123979 0.369257 -1.998292
v 0.107949 0.451488 -1.998689
v 0.124709 0.551878 -1.998335
v 0.141520 0.651042 -1.998031
v 0.130697 0.090351 -1.910912
v 0.123966 0.182145 -1.910208
v 0.117859 0.271886 -1.909880
v 0.102573 0.355762 -1.909798
v 0.091842 0.432006 -1.910072
v 0.109943 0.531491 -1.910171
v 0.138907 0.635602 -1.910489
v 0.120677 0.089026 -1.822627
v 0.108424 0.178262 -1.821408
v 0.109046 0.266502 -1.820938
v 0.113201 0.354929 -1.820893
v 0.096963 0.428396 -1.820899
v 0.113328 0.526503 -1.821392
v 0.136799 0.624851 -1.822446
v 0.126258 0.087885 -1.734565
v 0.125734 0.177080 -1.733111
v 0.126501 0.265401 -1.732645
v 0.127145 0.354196 -1.732557
v 0.119895 0.437659 -1.732545
v 0.087276 0.494927 -1.732476
v 0.123051 0.595975 -1.734597
v 0.053424 0.098727 -0.945791
v 0.055593 0.195663 -0.946404
v 0.037073 0.294419 -0.938644
v 0.029891 0.391793 -0.936370
v 0.032359 0.488740 -0.937025
v 0.032403 0.585852 -0.936812
v 0.032835 0.682794 -0.937074
v 0.017154 0.099312 -0.943250
v 0.023454 0.195821 -0.945683
v 0.015845 0.293526 -0.942554
v 0.001065 0.391484 -0.937406
v 0.001615 0.488831 -0.936753
v 0.001287 0.585895 -0.936573
v 0.001498 0.682864 -0.936726
v -0.017210 0.099679 -0.941604
v -0.016655 0.196680 -0.941743
v -0.007088 0.292768 -0.945801
v -0.021862 0.391035 -0.939951
v -0.027866 0.488747 -0.937139
v -0.029573 0.585911 -0.936450
v -0.029638 0.682913 -0.936468
v 0.042918 0.891551 -2.262233
v 0.016797 0.891296 -2.262175
v -0.011362 0.891014 -2.262129
v 0.042782 0.876860 -2.174365
v 0.022095 0.877960 -2.174081
v 0.002359 0.878007 -2.173872
v 0.044376 0.862995 -2.086369
v 0.019272 0.862809 -2.086352
v -0.019270 0.862414 -2.086429
v 0.032949 0.814125 -2.000791
v -0.003400 0.815653 -2.000537
v -0.035807 0.820630 -2.000141
v 0.051572 0.830910 -1.911034
v 0.016546 0.838303 -1.910516
v -0.020035 0.841321 -1.910062
v 0.060007 0.820530 -1.823884
v 0.022617 0.827438 -1.823202
v -0.017102 0.830592 -1.822181
v 0.058725 0.810899 -1.735561
v 0.037075 0.814372 -1.736833
v 0.006209 0.815214 -1.737217
v 0.034573 1.007300 -2.969373
v 0.007054 1.008613 -2.969203
v -0.016794 1.006964 -2.969074
v 0.042474 0.989495 -2.881073
v 0.014845 0.991946 -2.880780
v -0.011326 0.989661 -2.880802
v 0.038840 0.970758 -2.792460
v 0.008174 0.972628 -2.792484
v -0.020046 0.972605 -2.792519
v 0.043145 0.946904 -2.704033
v 0.010262 0.951976 -2.704078
v -0.018068 0.949692 -2.704368
v 0.038925 0.949336 -2.615131
v 0.007426 0.948320 -2.615402
v -0.022445 0.944134 -2.615956
v 0.021755 0.887325 -2.533411
v -0.002685 0.884367 -2.533766
v -0.035310 0.876573 -2.534684
v 0.039235 0.913693 -2.439476
v 0.013401 0.914700 -2.439302
v -0.011372 0.913336 -2.439396
v 0.029315 1.011302 -3.675666
v -0.005493 0.995618 -3.674911
v -0.034504 1.006649 -3.675926
v 0.022822 1.009499 -3.588384
v -0.005422 1.001443 -3.588176
v -0.036113 0.996208 -3.588339
v 0.033394 0.998073 -3.501266
v 0.004488 0.973021 -3.501501
v -0.025194 0.955515 -3.501844
v 0.039996 0.988890 -3.413196
v 0.007016 0.989473 -3.412858
v -0.027257 0.975562 -3.413173
v 0.035912 1.019898 -3.323698
v 0.005722 1.015211 -3.323819
v -0.025490 1.011216 -3.323900
v 0.025024 1.006052 -3.236339
v -0.004701 0.994169 -3.236965
v -0.038556 0.982263 -3.237627
v 0.024722 1.006893 -3.147859
v -0.001671 1.009664 -3.147545
v -0.026508 1.008118 -3.147435
v 0.052035 0.837229 -4.389153
v 0.012650 0.831589 -4.389108
v -0.023197 0.826604 -4.388464
v 0.031220 0.838575 -4.293449
v -0.015583 0.820951 -4.289802
v -0.043692 0.828691 -4.291916
v 0.039296 0.872090 -4.204367
v 0.007289 0.878121 -4.206401
v -0.025502 0.881859 -4.207664
v 0.053510 0.915014 -4.119285
v 0.019330 0.914870 -4.119379
v -0.021255 0.913103 -4.119157
v 0.039715 0.947417 -4.032080
v 0.016463 0.945245 -4.031290
v -0.008685 0.939157 -4.029309
v 0.038228 0.977827 -3.944178
v 0.006204 0.970090 -3.942343
v -0.021553 0.956491 -3.938622
v 0.032453 1.000702 -3.853598
v -0.002866 0.986178 -3.850743
v -0.034717 0.974676 -3.848598
v -0.078684 0.806797 -1.012009
v -0.093041 0.790580 -1.026085
v -0.083172 0.791648 -1.003976
v -0.082572 0.812574 -1.028168
v -0.084514 0.804225 -5.131182
v -0.087853 0.790047 -5.137290
v -0.096073 0.793035 -5.116512
v -0.087851 0.811690 -5.116252
v 0.090324 0.805911 -1.015556
v 0.095044 0.790785 -1.007801
v 0.104194 0.789521 -1.029585
v 0.093276 0.811511 -1.031300
v 0.096069 0.803204 -5.065788
v 0.099022 0.807025 -5.047448
v 0.107592 0.786563 -5.060048
v 0.099982 0.789621 -5.080081
v -0.059150 0.096995 -1.005383
v -0.068045 0.193774 -1.001704
v -0.072540 0.289977 -1.000241
v -0.064287 0.385232 -1.003454
v -0.079816 0.482675 -0.997053
v -0.088916 0.579459 -0.993375
v -0.089103 0.675442 -0.993263
v -0.087617 0.097726 -1.027999
v -0.070964 0.191604 -1.034680
v -0.078578 0.287592 -1.031908
v -0.075060 0.382679 -1.033351
v -0.088680 0.479403 -1.027843
v -0.103585 0.576246 -1.021761
v -0.104197 0.671718 -1.021477
v -0.083898 0.757735 -4.560393
v -0.089981 0.769424 -4.639668
v -0.088830 0.781832 -4.717522
v -0.088592 0.791669 -4.794869
v -0.082355 0.813327 -4.946540
v -0.092629 0.726748 -4.558785
v -0.103035 0.739655 -4.639040
v -0.103122 0.751446 -4.716980
v -0.102364 0.762955 -4.794327
v -0.098289 0.783100 -4.944756
v -0.081356 0.665793 -5.076492
v -0.076146 0.560256 -5.043332
v -0.078737 0.479953 -5.112696
v -0.086275 0.392575 -5.151222
v -0.092822 0.299911 -5.160130
v -0.089550 0.198418 -5.132676
v -0.087960 0.101205 -5.128233
v -0.095135 0.663283 -5.048733
v -0.087679 0.553781 -4.999046
v -0.089134 0.475651 -5.075432
v -0.104408 0.390148 -5.120906
v -0.110476 0.297151 -5.128646
v -0.103649 0.196460 -5.100426
v -0.100897 0.099398 -5.093802
v -0.041076 0.833427 -5.118602
v -0.004244 0.838932 -5.110121
v 0.038762 0.846391 -5.085613
v -0.038109 0.815243 -5.143520
v -0.000205 0.823745 -5.134778
v 0.041199 0.825667 -5.105518
v -0.034001 0.799200 -5.169715
v 0.002760 0.805285 -5.159989
v 0.041479 0.802876 -5.129785
v 0.113848 0.650273 -5.040102
v 0.104422 0.530841 -4.990762
v 0.106241 0.446885 -5.020426
v 0.117730 0.383480 -5.090263
v 0.119719 0.296804 -5.117791
v 0.119433 0.196428 -5.098793
v 0.105504 0.091756 -5.062748
v 0.098101 0.654462 -5.062410
v 0.093320 0.540192 -5.018268
v 0.083597 0.453977 -5.067768
v 0.095631 0.388001 -5.132219
v 0.102251 0.299345 -5.150401
v 0.105464 0.197505 -5.125985
v 0.088928 0.094537 -5.101020
v 0.099826 0.747744 -1.572020
v 0.098212 0.751025 -1.498686
v 0.098632 0.758324 -1.425607
v 0.110668 0.777795 -1.353474
v 0.100768 0.800907 -1.201168
v 0.117763 0.725816 -1.571833
v 0.117829 0.732891 -1.498314
v 0.111318 0.730188 -1.425227
v 0.125569 0.749788 -1.353534
v 0.116459 0.772661 -1.201457
v 0.098061 0.674919 -0.995930
v 0.095050 0.578997 -0.995153
v 0.092465 0.482931 -0.994895
v 0.095441 0.387538 -0.994207
v 0.096531 0.291422 -0.994788
v 0.101948 0.194560 -0.997960
v 0.119151 0.096870 -1.005434
v 0.115605 0.670637 -1.025917
v 0.109702 0.575030 -1.024989
v 0.114265 0.480102 -1.025072
v 0.114722 0.385123 -1.024128
v 0.116331 0.289323 -1.025299
v 0.120117 0.192698 -1.028806
v 0.133303 0.096475 -1.033304
v 0.039901 0.851887 -1.024542
v 0.006353 0.852199 -1.023211
v -0.026260 0.852890 -1.022083
v 0.038232 0.828108 -0.995579
v 0.004547 0.828290 -0.994307
v -0.027475 0.828483 -0.993608
v 0.036279 0.803935 -0.966636
v 0.003747 0.804081 -0.965820
v -0.027910 0.804166 -0.965345
v -0.066353 0.797535 -1.206755
v -0.092662 0.781070 -1.345417
v -0.096578 0.767876 -1.419253
v -0.097764 0.752180 -1.494201
v -0.101074 0.736081 -1.568585
v -0.082744 0.768724 -1.206333
v -0.108433 0.751345 -1.345377
v -0.112597 0.737743 -1.419218
v -0.114421 0.721409 -1.494064
v -0.116485 0.707984 -1.568434
v -0.061895 0.756682 -1.736362
v -0.088803 0.772576 -1.821174
v -0.089423 0.783979 -1.909608
v -0.096483 0.775521 -1.999114
v -0.089653 0.803117 -2.086616
v -0.073945 0.819199 -2.174277
v -0.077003 0.831292 -2.262469
v -0.076734 0.726973 -1.736548
v -0.103707 0.742473 -1.821185
v -0.105817 0.754159 -1.909535
v -0.110281 0.750430 -1.998845
v -0.104797 0.774002 -2.086647
v -0.092684 0.789058 -2.174499
v -0.090831 0.801301 -2.262638
v -0.085660 0.850552 -2.439600
v -0.095777 0.838754 -2.531540
v -0.080199 0.869464 -2.617057
v -0.053493 0.878927 -2.704960
v -0.069464 0.909611 -2.792917
v -0.083185 0.921276 -2.881522
v -0.080675 0.918467 -2.970571
v -0.103313 0.824965 -2.439543
v -0.110831 0.818844 -2.530696
v -0.096666 0.830142 -2.617565
v -0.073872 0.842834 -2.705371
v -0.089976 0.873610 -2.793354
v -0.099618 0.882136 -2.881989
v -0.099056 0.883481 -2.971015
v -0.084526 0.931743 -3.147914
v -0.086850 0.910262 -3.237589
v -0.084195 0.925169 -3.325139
v -0.070239 0.911852 -3.413378
v -0.078777 0.887796 -3.502609
v -0.089440 0.909835 -3.590381
v -0.094911 0.945677 -3.677240
v -0.101049 0.908403 -3.147679
v -0.102308 0.890450 -3.237188
v -0.091559 0.872482 -3.325908
v -0.075608 0.870612 -3.413786
v -0.085373 0.857206 -3.502764
v -0.098690 0.867960 -3.590999
v -0.105401 0.890600 -3.677953
v -0.097264 0.921229 -3.850342
v -0.079302 0.898600 -3.939210
v -0.085682 0.881828 -4.030637
v -0.089760 0.856891 -4.120316
v -0.089084 0.827825 -4.209437
v -0.093584 0.794203 -4.298093
v -0.099335 0.747891 -4.385012
v -0.108267 0.896132 -3.851898
v -0.091737 0.874309 -3.940770
v -0.100112 0.854294 -4.031411
v -0.104251 0.829585 -4.121026
v -0.104325 0.800024 -4.209929
v -0.107146 0.767327 -4.298651
v -0.111041 0.726995 -4.386898
v 0.100995 0.791921 -4.888648
v 0.106051 0.784800 -4.767549
v 0.105865 0.774800 -4.699718
v 0.104992 0.765506 -4.628996
v 0.109601 0.758013 -4.554232
v 0.117731 0.762599 -4.879988
v 0.122742 0.751553 -4.753756
v 0.119032 0.741979 -4.693281
v 0.113986 0.730039 -4.625465
v 0.118581 0.718973 -4.550735
v 0.111113 0.778536 -4.389063
v 0.098233 0.789090 -4.295329
v 0.094884 0.808472 -4.202752
v 0.112005 0.864600 -4.121648
v 0.101804 0.897721 -4.034161
v 0.102271 0.929827 -3.945942
v 0.102301 0.961991 -3.856904
v 0.117536 0.739502 -4.387409
v 0.108373 0.754422 -4.293977
v 0.109507 0.782470 -4.203615
v 0.127079 0.835264 -4.121510
v 0.117496 0.869691 -4.034381
v 0.117454 0.901587 -3.945987
v 0.118057 0.934502 -3.857176
v 0.096606 0.974083 -3.677232
v 0.090788 0.966927 -3.588839
v 0.103117 0.964095 -3.500909
v 0.105949 0.943840 -3.412775
v 0.099679 0.968237 -3.323301
v 0.084523 0.949116 -3.236348
v 0.088225 0.952169 -3.147388
v 0.110722 0.942670 -3.677129
v 0.107187 0.939408 -3.588960
v 0.118144 0.934624 -3.500941
v 0.120414 0.918247 -3.412657
v 0.113829 0.937372 -3.323407
v 0.095282 0.912345 -3.236819
v 0.103749 0.923876 -3.147304
v 0.096804 0.942494 -2.969538
v 0.103823 0.923842 -2.881389
v 0.096777 0.899380 -2.793655
v 0.103850 0.882193 -2.704448
v 0.093452 0.873470 -2.617254
v 0.078045 0.829070 -2.533456
v 0.091677 0.841639 -2.441474
v 0.112071 0.910931 -2.969676
v 0.117622 0.889644 -2.881927
v 0.108712 0.865438 -2.794356
v 0.109828 0.839194 -2.706605
v 0.092286 0.808546 -2.622206
v 0.087029 0.786940 -2.535256
v 0.097555 0.791892 -2.444412
v 0.089919 0.806376 -2.265741
v 0.086348 0.764286 -2.180098
v 0.090708 0.755509 -2.090878
v 0.088229 0.750507 -2.001602
v 0.094123 0.740375 -1.912746
v 0.094765 0.728867 -1.824069
v 0.084180 0.691041 -1.736737
v 0.086183 0.748413 -2.269567
v 0.103515 0.753173 -2.178830
v 0.112015 0.761219 -2.087801
v 0.112652 0.757225 -1.998733
v 0.122934 0.747830 -1.910547
v 0.127125 0.724223 -1.823828
v 0.116526 0.685370 -1.737067
v -0.123244 0.096715 -1.196500
v -0.121970 0.188815 -1.197330
v -0.115022 0.280487 -1.199832
v -0.081981 0.369820 -1.211074
v -0.067051 0.460770 -1.216264
v -0.079039 0.554444 -1.212327
v -0.094794 0.647165 -1.207501
v -0.115483 0.093467 -1.347801
v -0.117478 0.183239 -1.347687
v -0.117419 0.271998 -1.349075
v -0.085005 0.358782 -1.357844
v -0.078804 0.448126 -1.357019
v -0.112066 0.542263 -1.348949
v -0.123725 0.629857 -1.346185
v -0.091387 0.089358 -1.428688
v -0.101413 0.178348 -1.426857
v -0.102418 0.266294 -1.427099
v -0.072543 0.352212 -1.434355
v -0.087113 0.441240 -1.428711
v -0.117459 0.532718 -1.422339
v -0.127999 0.618699 -1.419877
v -0.112369 0.089889 -1.497858
v -0.109191 0.176114 -1.499219
v -0.086863 0.261964 -1.503307
v -0.064650 0.347710 -1.508123
v -0.091150 0.438410 -1.500600
v -0.118970 0.525425 -1.496124
v -0.133696 0.598915 -1.494539
v -0.120381 0.090331 -1.569540
v -0.122425 0.176139 -1.569530
v -0.110078 0.261322 -1.571757
v -0.075267 0.344233 -1.579758
v -0.091323 0.432834 -1.574548
v -0.117863 0.518636 -1.570446
v -0.133882 0.589174 -1.568809
v -0.096625 -0.000426 4.310287
v -0.096915 -0.003188 3.606142
v -0.129047 0.006120 2.900528
v -0.126352 0.006696 2.193321
v -0.125490 0.006715 1.484176
v 0.150435 -0.012202 1.489952
v 0.128024 0.002009 2.193302
v 0.128340 0.003635 2.900126
v 0.140028 0.000122 3.606452
v 0.145428 0.005129 4.316003
v -0.037202 -0.003621 0.786649
v -0.117603 0.004473 0.891821
v -0.117026 0.762399 0.891858
v -0.059061 0.779313 0.778351
v -0.056806 0.877566 0.891361
v -0.113014 0.011704 4.909552
v -0.056562 0.005741 5.008545
v -0.066410 0.865181 4.933061
v -0.063530 0.764849 5.029210
v -0.116516 0.760770 4.924294
v 0.144604 -0.003580 0.897684
v 0.084406 -0.002562 0.786344
v 0.066618 0.876203 0.891985
v 0.067703 0.779601 0.780122
v 0.127995 0.762828 0.893914
v 0.061150 0.002855 4.994237
v 0.135913 0.003697 4.867380
v 0.066233 0.856016 4.868158
v 0.122534 0.738045 4.879725
v 0.073649 0.767625 4.983452
v -0.060732 0.789682 1.485863
v -0.122945 0.677495 1.485156
v -0.051321 0.901421 2.191970
v -0.118959 0.782949 2.192406
v -0.047472 1.016181 2.898990
v -0.117689 0.880727 2.900223
v -0.066153 1.015627 3.604882
v -0.119874 0.887988 3.606330
v -0.102228 0.676024 4.318822
v -0.038823 0.805150 4.319407
v 0.085088 0.817277 4.318170
v 0.104071 0.649186 4.309327
v 0.067076 1.031752 3.606512
v 0.135912 0.930126 3.608720
v 0.066055 1.016429 2.899040
v 0.123265 0.889260 2.899842
v 0.076409 0.903219 2.191764
v 0.121475 0.762313 2.196827
v 0.132139 0.658437 1.490434
v 0.068992 0.776217 1.488622
v -0.112530 -0.000321 4.216055
v -0.124754 0.005109 4.138197
v -0.124766 0.005943 4.050964
v -0.126512 0.006227 3.962331
v -0.125281 0.005575 3.873151
v -0.115274 0.002583 3.783728
v -0.110615 0.001367 3.695119
v -0.121052 0.004857 3.518992
v -0.126194 0.006064 3.430876
v -0.125632 0.005914 3.342466
v -0.112643 0.007002 3.253581
v -0.075792 0.006749 3.163861
v -0.120018 0.005875 3.077064
v -0.130430 0.006358 2.988959
v -0.117469 0.002901 2.811838
v -0.107036 0.001535 2.723309
v -0.117367 0.004038 2.635150
v -0.114318 0.003370 2.546740
v -0.091596 -0.003291 2.458178
v -0.123709 0.005120 2.370073
v -0.126208 0.006181 2.281700
v -0.121014 0.005561 2.104925
v -0.115250 0.004008 2.016559
v -0.102262 -0.000470 1.928564
v -0.115330 0.003756 1.839788
v -0.124215 0.006173 1.750505
v -0.126399 0.007064 1.661296
v -0.129061 0.007722 1.571931
v 0.145311 -0.007354 1.577403
v 0.146527 -0.008785 1.664848
v 0.146438 -0.017236 1.753008
v 0.143997 -0.005848 1.840420
v 0.136664 -0.001099 1.928385
v 0.126551 0.000657 2.016629
v 0.123395 0.000817 2.104982
v 0.117814 0.001614 2.281719
v 0.128929 0.000919 2.370021
v 0.135674 -0.000606 2.458328
v 0.128601 0.001022 2.546700
v 0.128621 -0.001550 2.635006
v 0.136827 0.000203 2.723249
v 0.142172 0.000057 2.811460
v 0.124363 0.004163 2.988579
v 0.114928 0.001459 3.076988
v 0.132452 0.002491 3.165020
v 0.152004 -0.002974 3.252586
v 0.145131 -0.001163 3.341165
v 0.132368 0.001664 3.430011
v 0.131880 -0.000103 3.518275
v 0.140829 0.000291 3.694780
v 0.139192 0.001564 3.783216
v 0.143355 0.000967 3.871308
v 0.154245 -0.001966 3.958686
v 0.147077 -0.000491 4.047653
v 0.130832 -0.000074 4.137625
v 0.147763 0.001444 4.225265
v 0.081173 0.004788 4.317719
v 0.016819 0.004466 4.316461
v -0.041215 0.003762 4.313498
v 0.071123 0.003036 3.606732
v 0.005973 0.003170 3.606850
v -0.046145 0.002895 3.606595
v 0.062559 0.003447 2.900288
v -0.004223 0.003627 2.900449
v -0.067404 0.003709 2.900501
v 0.061862 0.003823 2.193297
v -0.002008 0.004214 2.193305
v -0.065023 0.004493 2.193311
v 0.096584 -0.001124 1.494251
v 0.009048 0.003159 1.487009
v -0.060885 0.004401 1.484904
v -0.087623 0.820231 0.891415
v -0.102293 0.791510 0.891654
v -0.103255 0.766605 0.862968
v -0.089094 0.770813 0.834525
v -0.058897 0.804236 0.806356
v -0.058497 0.828659 0.834520
v -0.057881 0.853133 0.862766
v -0.104391 0.794908 4.929097
v -0.092188 0.819582 4.931713
v -0.067797 0.841320 4.963524
v -0.068224 0.816245 4.988547
v -0.066768 0.793791 5.012172
v -0.091093 0.763169 4.981758
v -0.103226 0.763585 4.955293
v 0.112528 0.790426 0.893375
v 0.096936 0.818952 0.892834
v 0.069142 0.852367 0.865133
v 0.070375 0.828109 0.837384
v 0.069552 0.803738 0.808934
v 0.100962 0.771466 0.838421
v 0.115282 0.767200 0.866829
v 0.076222 0.801276 4.953898
v 0.076964 0.822602 4.919171
v 0.073641 0.844345 4.894915
v 0.099415 0.802481 4.853867
v 0.111007 0.774989 4.867555
v 0.114769 0.752320 4.915122
v 0.104260 0.759458 4.937054
v -0.099347 0.003318 0.864504
v -0.078064 0.001393 0.838400
v -0.049463 0.099836 0.781978
v -0.053249 0.197216 0.780469
v -0.047368 0.293579 0.783200
v -0.041928 0.390192 0.785025
v -0.054898 0.488425 0.779808
v -0.059180 0.585809 0.778159
v -0.060398 0.682920 0.777704
v -0.120182 0.667994 0.891029
v -0.116151 0.572906 0.892191
v -0.093294 0.475928 0.900576
v -0.077861 0.379218 0.912805
v -0.081044 0.284577 0.913377
v -0.093451 0.191168 0.903127
v -0.113173 0.098196 0.893024
v -0.085251 0.710671 4.319278
v -0.069771 0.742728 4.319740
v -0.054860 0.816807 4.400737
v -0.057478 0.827937 4.479008
v -0.056471 0.838996 4.557106
v -0.057264 0.847432 4.635129
v -0.047720 0.869220 4.785985
v -0.112765 0.746095 4.785281
v -0.115489 0.727980 4.635206
v -0.115717 0.716076 4.557137
v -0.113133 0.705449 4.478776
v -0.093907 0.692621 4.396879
v -0.056680 0.666340 4.976195
v -0.049193 0.569021 4.955675
v -0.052808 0.483914 5.007912
v -0.055238 0.395295 5.044653
v -0.056735 0.302213 5.052135
v -0.058468 0.199738 5.025631
v -0.060472 0.103831 5.033388
v -0.084766 0.006225 4.956734
v -0.099963 0.008048 4.933098
v -0.112619 0.098147 4.898496
v -0.113319 0.193790 4.900799
v -0.122797 0.293229 4.927032
v -0.119371 0.385937 4.920353
v -0.100265 0.469087 4.867115
v -0.097033 0.546073 4.789828
v -0.109762 0.661407 4.868011
v -0.038250 0.859117 4.930015
v -0.006516 0.852582 4.920304
v 0.032864 0.857136 4.897985
v 0.041054 0.767108 4.990980
v 0.004249 0.772396 5.021518
v -0.031081 0.770041 5.032115
v 0.125634 0.642282 4.852688
v 0.115426 0.519780 4.799652
v 0.123594 0.442995 4.816116
v 0.129489 0.378915 4.885759
v 0.126872 0.294101 4.922078
v 0.123282 0.194772 4.907967
v 0.127557 0.090243 4.865546
v 0.117093 0.001869 4.900500
v 0.096718 0.002557 4.935639
v 0.065384 0.098643 5.010280
v 0.073262 0.197997 5.014891
v 0.064686 0.303106 5.051602
v 0.055691 0.393872 5.041112
v 0.052726 0.467969 4.979654
v 0.068930 0.552013 4.909594
v 0.070351 0.666118 4.954047
v 0.117848 0.696324 1.489882
v 0.101633 0.718640 1.489791
v 0.051237 0.767329 1.413262
v 0.043724 0.773082 1.337812
v 0.066365 0.806678 1.266620
v 0.073587 0.820788 1.194358
v 0.067878 0.850660 1.042698
v 0.132723 0.744144 1.043178
v 0.137339 0.722394 1.194294
v 0.126936 0.705959 1.266414
v 0.135586 0.707121 1.339334
v 0.134945 0.695031 1.413266
v 0.064514 0.682685 0.778876
v 0.063433 0.585789 0.778404
v 0.062061 0.488567 0.778537
v 0.061924 0.391852 0.777908
v 0.063668 0.294786 0.778374
v 0.073943 0.196754 0.782493
v 0.088375 0.098230 0.788275
v 0.117750 -0.003294 0.842772
v 0.130562 -0.002424 0.870103
v 0.143345 0.096495 0.897982
v 0.136655 0.191063 0.896000
v 0.135951 0.286996 0.896024
v 0.140079 0.382133 0.896981
v 0.138953 0.476905 0.896801
v 0.127616 0.571281 0.894012
v 0.129163 0.666398 0.894345
v 0.040335 0.875890 0.893174
v 0.009728 0.876863 0.893078
v -0.024051 0.877434 0.892070
v -0.028103 0.779355 0.778491
v 0.003298 0.779401 0.778843
v 0.035136 0.779473 0.779359
v -0.044671 0.856598 1.044722
v -0.059014 0.839857 1.187549
v -0.061986 0.827847 1.261409
v -0.063615 0.813906 1.335999
v -0.069483 0.792839 1.410273
v -0.092890 0.733754 1.485331
v -0.108484 0.705911 1.485141
v -0.131660 0.680103 1.409584
v -0.130396 0.691239 1.335327
v -0.127703 0.707165 1.260670
v -0.123382 0.720698 1.186860
v -0.103826 0.742453 1.045390
v -0.027203 0.815092 1.578186
v -0.053810 0.831202 1.662855
v -0.054072 0.841917 1.751127
v -0.067674 0.824278 1.841117
v -0.055331 0.861577 1.927759
v -0.032390 0.877924 2.015188
v -0.044155 0.889793 2.103503
v -0.086699 0.841826 2.192190
v -0.103521 0.813737 2.192272
v -0.101311 0.771278 2.104079
v -0.110344 0.758266 2.015967
v -0.119403 0.743529 1.927953
v -0.123968 0.724309 1.839909
v -0.121676 0.722474 1.750726
v -0.117990 0.710914 1.662494
v -0.090384 0.699317 1.578155
v -0.048439 0.911526 2.280849
v -0.065887 0.888127 2.374344
v -0.047026 0.940693 2.457532
v -0.041366 0.946100 2.545827
v -0.045112 0.970895 2.633868
v -0.039581 0.986614 2.722234
v -0.040348 1.002069 2.810394
v -0.081526 0.940868 2.899885
v -0.097976 0.903782 2.900309
v -0.113222 0.843089 2.812795
v -0.113164 0.840546 2.723778
v -0.105998 0.835390 2.635099
v -0.094680 0.813492 2.546966
v -0.114539 0.804900 2.458868
v -0.124152 0.798522 2.371006
v -0.119853 0.796503 2.280808
v -0.059416 0.999295 2.989254
v -0.067244 0.982003 3.078731
v -0.062356 1.004456 3.165625
v -0.056002 0.978156 3.254563
v -0.057052 0.959377 3.343330
v -0.063322 1.008605 3.430015
v -0.057923 1.027138 3.518018
v -0.097595 0.952058 3.605147
v -0.108729 0.916549 3.605669
v -0.117968 0.870364 3.519487
v -0.117262 0.868028 3.431690
v -0.096576 0.845948 3.343974
v -0.086253 0.841756 3.255909
v -0.108345 0.857332 3.166925
v -0.121219 0.882982 3.077644
v -0.120628 0.890204 2.988564
v -0.070299 0.973170 3.690286
v -0.054021 0.948763 3.777996
v -0.053555 0.930603 3.868277
v -0.059108 0.908560 3.959184
v -0.057593 0.883569 4.049586
v -0.068035 0.840887 4.136105
v -0.057676 0.819207 4.228372
v -0.122498 0.702836 4.229436
v -0.119896 0.739042 4.140599
v -0.119254 0.770236 4.051564
v -0.119107 0.800103 3.962524
v -0.113765 0.825570 3.872923
v -0.106205 0.850579 3.782993
v -0.120079 0.871653 3.694502
v 0.063787 0.850630 4.765488
v 0.070041 0.839888 4.624955
v 0.072482 0.830062 4.549727
v 0.075379 0.823309 4.473717
v 0.079510 0.817620 4.397139
v 0.118491 0.756057 4.317618
v 0.126974 0.711532 4.314074
v 0.112900 0.659629 4.386474
v 0.109941 0.676995 4.465159
v 0.119242 0.690335 4.532929
v 0.130243 0.700202 4.589795
v 0.127225 0.714152 4.725404
v 0.081272 0.838973 4.230779
v 0.069860 0.851407 4.137807
v 0.066193 0.862242 4.042467
v 0.079635 0.916966 3.961304
v 0.069826 0.951610 3.874558
v 0.069768 0.981113 3.786146
v 0.067915 1.010305 3.696565
v 0.104164 0.988064 3.608379
v 0.120182 0.960297 3.608580
v 0.132457 0.902009 3.698287
v 0.131586 0.869042 3.786923
v 0.132238 0.837616 3.875436
v 0.141633 0.803544 3.962290
v 0.117507 0.752800 4.044241
v 0.110265 0.713720 4.133137
v 0.100871 0.678616 4.224072
v 0.063868 1.026684 3.518047
v 0.052746 1.009404 3.429680
v 0.068845 1.016036 3.342188
v 0.074248 0.989592 3.254487
v 0.068133 1.023254 3.164737
v 0.059342 1.016292 3.076835
v 0.054136 1.002362 2.989362
v 0.095600 0.954827 2.899323
v 0.110495 0.923712 2.899449
v 0.115126 0.889108 2.989068
v 0.112144 0.888537 3.077780
v 0.128707 0.905712 3.164679
v 0.135329 0.892781 3.253784
v 0.132687 0.903926 3.342214
v 0.120608 0.906702 3.430153
v 0.125094 0.912465 3.518287
v 0.065110 1.002381 2.810810
v 0.070971 0.983383 2.722783
v 0.070904 0.965455 2.633823
v 0.076285 0.941159 2.545332
v 0.070337 0.946693 2.456410
v 0.053918 0.897575 2.373327
v 0.067103 0.910649 2.281112
v 0.102175 0.834719 2.193302
v 0.109946 0.789008 2.195618
v 0.113794 0.774041 2.284978
v 0.107179 0.779458 2.374348
v 0.103234 0.767661 2.464075
v 0.086695 0.750681 2.554820
v 0.115831 0.825380 2.637456
v 0.129584 0.855892 2.724141
v 0.125341 0.876323 2.811352
v 0.070736 0.890484 2.103631
v 0.067772 0.873650 2.016029
v 0.068210 0.859152 1.928000
v 0.062303 0.814816 1.841858
v 0.076873 0.815801 1.752714
v 0.086908 0.808547 1.665128
v 0.077199 0.799263 1.576254
v 0.142253 0.676636 1.577582
v 0.146288 0.703266 1.664710
v 0.139729 0.725619 1.751400
v 0.131976 0.738485 1.839232
v 0.132004 0.748691 1.927480
v 0.127064 0.754920 2.016431
v 0.102960 0.750224 2.111602
v -0.115586 0.003986 1.411781
v -0.110961 0.001900 1.339228
v -0.095318 -0.002761 1.270438
v -0.110994 0.002686 1.190645
v -0.123452 0.005863 1.037159
v -0.121406 0.586179 1.485734
v -0.102816 0.507490 1.488286
v -0.074325 0.420840 1.493300
v -0.081510 0.338012 1.494623
v -0.117169 0.257718 1.486075
v -0.120985 0.173796 1.485275
v -0.121121 0.089249 1.485068
v -0.007831 -0.001706 0.785388
v 0.021114 -0.001546 0.784544
v 0.052179 -0.001615 0.785228
v 0.146983 -0.010209 1.419353
v 0.137497 -0.003397 1.343173
v 0.133869 -0.008159 1.271338
v 0.140307 -0.002485 1.196419
v 0.143040 -0.005796 1.051493
v 0.046222 0.783214 1.489240
v 0.012181 0.786947 1.488170
v -0.025184 0.788947 1.486696
v 0.031067 0.000018 4.992505
v 0.000589 0.001183 4.997076
v -0.029581 0.003260 5.004594
v -0.115147 0.003123 4.385721
v -0.119995 0.004230 4.460903
v -0.122675 0.003520 4.529782
v -0.122988 0.004713 4.605458
v -0.115491 0.011823 4.773181
v 0.124675 0.010462 4.757583
v 0.117626 0.010266 4.615744
v 0.121356 0.010849 4.544092
v 0.130270 0.010563 4.470931
v 0.136904 0.008480 4.394654
v -0.103487 0.086050 4.307765
v -0.103941 0.168429 4.300471
v -0.097789 0.249465 4.288001
v -0.097985 0.327736 4.270612
v -0.097596 0.415044 4.285893
v -0.086228 0.504571 4.306450
v -0.100552 0.584534 4.315722
v -0.005165 0.809530 4.319694
v 0.029478 0.814215 4.319173
v 0.060255 0.818002 4.318141
v 0.141868 0.084658 1.489219
v 0.141729 0.171885 1.488645
v 0.140891 0.258273 1.488318
v 0.141845 0.344555 1.488458
v 0.143797 0.430056 1.489306
v 0.126944 0.488725 1.489744
v 0.136247 0.577942 1.491467
v 0.082831 0.559044 4.309690
v 0.105162 0.498921 4.308751
v 0.118603 0.421997 4.299070
v 0.125312 0.336435 4.288470
v 0.121389 0.255662 4.305921
v 0.118304 0.172265 4.313783
v 0.144988 0.089004 4.315280
v -0.114932 0.685632 2.192668
v -0.099783 0.578381 2.193923
v -0.087144 0.477219 2.194205
v -0.108451 0.388739 2.193460
v -0.118626 0.294022 2.193331
v -0.129364 0.198091 2.193348
v -0.131076 0.101491 2.193347
v 0.049086 0.904173 2.191626
v 0.019822 0.904005 2.191628
v -0.014720 0.902784 2.191815
v -0.125054 0.778740 2.900245
v -0.122145 0.673952 2.899971
v -0.105949 0.562120 2.899696
v -0.109675 0.453161 2.899718
v -0.121929 0.339825 2.900156
v -0.129658 0.226690 2.900463
v -0.130034 0.114795 2.900523
v 0.034019 1.020413 2.898967
v 0.002837 1.019486 2.899143
v -0.024111 1.017137 2.899226
v -0.121295 0.781364 3.607025
v -0.120808 0.681185 3.607940
v -0.113545 0.570062 3.607424
v -0.073293 0.457596 3.605180
v -0.090460 0.344664 3.605891
v -0.098456 0.230936 3.606348
v -0.097996 0.116885 3.606322
v 0.030944 1.020147 3.604936
v -0.007677 1.000676 3.602295
v -0.045718 0.993061 3.602194
v 0.137257 0.811207 3.607549
v 0.092465 0.656413 3.602552
v 0.122658 0.579467 3.607822
v 0.124844 0.465142 3.608048
v 0.113262 0.345816 3.607294
v 0.119206 0.231876 3.607268
v 0.132909 0.117189 3.606719
v 0.109757 0.757520 2.902482
v 0.119895 0.668459 2.900341
v 0.105606 0.555158 2.900827
v 0.089344 0.441425 2.901089
v 0.098068 0.331264 2.900821
v 0.125223 0.223964 2.900213
v 0.137701 0.113491 2.899949
v 0.140731 0.685131 2.192541
v 0.129194 0.590497 2.192419
v 0.117640 0.488543 2.193260
v 0.095356 0.385012 2.194372
v 0.120790 0.294360 2.193289
v 0.129260 0.196942 2.193263
v 0.141472 0.098966 2.193256
v 0.039126 0.861020 4.775900
v 0.013823 0.865752 4.780439
v -0.017085 0.866810 4.784196
v 0.042939 0.846120 4.628351
v 0.010151 0.847973 4.632193
v -0.024999 0.848692 4.634767
v 0.043603 0.836943 4.552307
v 0.009682 0.839780 4.555795
v -0.024268 0.840685 4.557282
v 0.045048 0.830377 4.476174
v 0.009028 0.831283 4.478859
v -0.025291 0.830399 4.479710
v 0.049623 0.821828 4.398749
v 0.012646 0.820280 4.400583
v -0.022527 0.818525 4.401147
v -0.010640 0.005733 4.758378
v -0.075073 0.005813 4.815016
v -0.034145 0.004537 4.869335
v 0.064010 0.003256 4.867269
v 0.088755 0.004880 4.812856
v 0.051200 0.005665 4.672612
v 0.069083 0.006084 4.411430
v -0.002317 0.005142 4.415473
v 0.065379 0.005950 4.498858
v -0.006161 0.003682 4.507249
v 0.065137 0.005547 4.584757
v -0.009159 0.003740 4.612414
v -0.056297 0.003697 4.400949
v -0.060754 0.002856 4.485282
v -0.069352 0.003277 4.575886
v -0.075048 0.005329 4.669251
v 0.124340 0.094957 4.753195
v 0.115998 0.192623 4.781680
v 0.112639 0.283449 4.782274
v 0.116943 0.364137 4.743285
v 0.123848 0.436451 4.673223
v 0.110449 0.515036 4.666416
v 0.113334 0.620636 4.707773
v 0.115069 0.094997 4.621449
v 0.124962 0.186491 4.628394
v 0.128351 0.276834 4.624137
v 0.128980 0.354641 4.576434
v 0.127502 0.434046 4.541984
v 0.110507 0.516546 4.566416
v 0.102291 0.607786 4.598766
v 0.118465 0.094846 4.550035
v 0.128526 0.182484 4.548299
v 0.136222 0.270928 4.540487
v 0.135167 0.350146 4.496408
v 0.132446 0.437421 4.484819
v 0.121118 0.527638 4.516122
v 0.093402 0.595318 4.536417
v 0.138345 0.093820 4.473082
v 0.129877 0.177882 4.467796
v 0.142416 0.263070 4.455528
v 0.145588 0.343483 4.418951
v 0.135889 0.434390 4.426117
v 0.120927 0.520493 4.452691
v 0.091771 0.582130 4.463309
v 0.141765 0.091368 4.394252
v 0.119029 0.173876 4.388781
v 0.115736 0.256146 4.379629
v 0.120459 0.332215 4.352778
v 0.129728 0.421360 4.360712
v 0.123616 0.504777 4.379605
v 0.091007 0.553723 4.381014
v 0.000978 0.003703 1.051505
v -0.060837 0.004299 1.396565
v 0.001912 0.003998 1.389745
v -0.054561 0.002779 1.310564
v 0.005969 0.002161 1.294482
v -0.042800 0.001908 1.226302
v 0.015579 0.002437 1.191331
v 0.072625 0.001927 1.400867
v 0.062842 0.001080 1.312622
v 0.077809 0.000389 1.228583
v 0.073787 0.001140 1.143098
v 0.092981 0.002351 0.996645
v 0.061360 0.002977 0.934261
v -0.056442 0.003968 0.930382
v -0.088033 0.004215 0.990416
v -0.065320 0.003852 1.137173
v 0.020099 0.775973 1.412063
v -0.008336 0.785426 1.411237
v -0.038805 0.790239 1.410614
v 0.008403 0.773763 1.336438
v -0.014432 0.788945 1.336217
v -0.037009 0.804405 1.336121
v 0.023984 0.802662 1.263612
v -0.004941 0.811516 1.262643
v -0.032156 0.822184 1.261999
v 0.032694 0.819121 1.191230
v 0.003572 0.830222 1.189654
v -0.026970 0.837610 1.188430
v 0.041407 0.848255 1.044693
v 0.014206 0.852595 1.044766
v -0.014859 0.855166 1.044667
v -0.032855 0.104547 5.037773
v -0.028468 0.200319 5.029179
v -0.024218 0.301498 5.050879
v -0.033737 0.392573 5.042762
v -0.031346 0.480022 5.005806
v -0.023758 0.565838 4.956990
v -0.031017 0.662043 4.978765
v -0.000633 0.104655 5.038013
v 0.006535 0.200043 5.027067
v 0.006954 0.302013 5.051805
v -0.009123 0.391339 5.042749
v -0.008934 0.474458 5.001473
v 0.002916 0.559782 4.949570
v 0.000171 0.664071 4.982015
v 0.032791 0.102775 5.029822
v 0.042916 0.198965 5.020708
v 0.034711 0.303290 5.055698
v 0.021240 0.393162 5.046713
v 0.020792 0.471412 4.994856
v 0.036620 0.556102 4.930472
v 0.037516 0.664000 4.960068
v 0.142523 0.086479 1.417231
v 0.139886 0.174875 1.414857
v 0.134256 0.262699 1.413196
v 0.133172 0.350380 1.412864
v 0.126578 0.434199 1.412543
v 0.122015 0.516176 1.412602
v 0.139149 0.611625 1.414299
v 0.118120 0.088952 1.339523
v 0.114882 0.177845 1.336780
v 0.112759 0.265002 1.336045
v 0.102588 0.347093 1.335613
v 0.084791 0.418873 1.335170
v 0.110134 0.522887 1.336059
v 0.133572 0.622116 1.338617
v 0.110323 0.089782 1.265194
v 0.113199 0.180773 1.261726
v 0.117978 0.270422 1.261242
v 0.120767 0.360052 1.261405
v 0.111377 0.443160 1.261432
v 0.085222 0.517597 1.261189
v 0.115788 0.618082 1.262801
v 0.115490 0.091619 1.191051
v 0.122257 0.184011 1.187663
v 0.123284 0.274592 1.187182
v 0.121873 0.365076 1.186905
v 0.115339 0.453232 1.186697
v 0.090056 0.528768 1.186354
v 0.114504 0.626117 1.188832
v 0.125036 0.093147 1.046811
v 0.122242 0.188493 1.040002
v 0.121612 0.281369 1.038903
v 0.119717 0.373730 1.038707
v 0.114597 0.464740 1.039057
v 0.114330 0.556010 1.040221
v 0.136665 0.651198 1.044302
v 0.146040 0.091487 4.223775
v 0.124338 0.179260 4.224745
v 0.128529 0.266075 4.215987
v 0.129394 0.355796 4.215157
v 0.127369 0.448577 4.226378
v 0.123706 0.536514 4.230198
v 0.101618 0.602120 4.226110
v 0.130191 0.093949 4.133488
v 0.115444 0.186122 4.135597
v 0.126385 0.277615 4.128899
v 0.129072 0.373904 4.135706
v 0.130802 0.470527 4.141630
v 0.128234 0.561846 4.141805
v 0.091106 0.614152 4.131870
v 0.137364 0.098373 4.047866
v 0.109112 0.192907 4.046450
v 0.124014 0.289952 4.043941
v 0.128057 0.390703 4.050867
v 0.129747 0.489739 4.053189
v 0.126388 0.581744 4.052023
v 0.094866 0.650604 4.044030
v 0.149533 0.101652 3.959000
v 0.122024 0.198596 3.956808
v 0.110425 0.295334 3.955722
v 0.119718 0.399962 3.960448
v 0.122752 0.502929 3.962404
v 0.108947 0.586511 3.957464
v 0.131046 0.695137 3.959534
v 0.147434 0.105373 3.870970
v 0.131544 0.206736 3.869596
v 0.132673 0.310811 3.870609
v 0.139809 0.415733 3.871768
v 0.125115 0.507531 3.868163
v 0.099082 0.576667 3.857640
v 0.141563 0.726331 3.872245
v 0.134086 0.109860 3.783511
v 0.119693 0.216769 3.783601
v 0.122770 0.324401 3.784155
v 0.130449 0.435631 3.785496
v 0.130824 0.543312 3.785568
v 0.086779 0.602928 3.772332
v 0.130065 0.751739 3.783927
v 0.132815 0.113627 3.695247
v 0.120930 0.224673 3.695688
v 0.117899 0.335388 3.695817
v 0.126769 0.450545 3.696823
v 0.126499 0.563219 3.697067
v 0.087720 0.629347 3.687824
v 0.128205 0.779581 3.695637
v -0.107576 0.113497 3.695067
v -0.107643 0.223971 3.695134
v -0.096527 0.333742 3.694479
v -0.086822 0.440645 3.692871
v -0.115019 0.552303 3.694568
v -0.126483 0.660044 3.694647
v -0.120392 0.772045 3.695891
v -0.116961 0.110330 3.784050
v -0.118683 0.217163 3.784065
v -0.115375 0.323658 3.783791
v -0.094246 0.427301 3.781530
v -0.094597 0.536383 3.782743
v -0.106798 0.644863 3.783956
v -0.107066 0.750907 3.784718
v -0.122769 0.107004 3.873149
v -0.116435 0.209582 3.872127
v -0.105823 0.311956 3.871022
v -0.074496 0.410873 3.867858
v -0.069292 0.516518 3.869251
v -0.094128 0.623266 3.872422
v -0.107948 0.727066 3.873703
v -0.126337 0.103553 3.962477
v -0.125191 0.202597 3.961499
v -0.119570 0.301085 3.958997
v -0.103258 0.396546 3.957389
v -0.083260 0.499150 3.958292
v -0.112284 0.602722 3.962579
v -0.118393 0.703946 3.963362
v -0.126130 0.099770 4.051192
v -0.126156 0.195002 4.049846
v -0.125099 0.289143 4.045037
v -0.124346 0.382425 4.046057
v -0.075126 0.480734 4.044580
v -0.108743 0.580335 4.051299
v -0.117813 0.677883 4.052615
v -0.125561 0.095514 4.138091
v -0.126254 0.186704 4.135713
v -0.125622 0.276338 4.128975
v -0.101431 0.366248 4.126391
v -0.054799 0.461380 4.128030
v -0.094401 0.557470 4.138518
v -0.115482 0.651511 4.141846
v -0.107954 0.088295 4.213685
v -0.103566 0.175076 4.208617
v -0.086988 0.260236 4.197637
v -0.077174 0.345650 4.192132
v -0.056695 0.440086 4.209338
v -0.089273 0.534312 4.225963
v -0.115312 0.622784 4.231383
v -0.131997 0.115535 2.988944
v -0.131415 0.228205 2.988846
v -0.128023 0.342156 2.988635
v -0.121522 0.456128 2.988308
v -0.105706 0.566307 2.987933
v -0.122104 0.679791 2.988242
v -0.124873 0.789392 2.988314
v -0.126792 0.115027 3.077145
v -0.130644 0.226724 3.077275
v -0.129802 0.339822 3.077179
v -0.117169 0.455796 3.076599
v -0.095787 0.567990 3.075889
v -0.116581 0.681459 3.076529
v -0.123738 0.788844 3.076922
v -0.090067 0.112049 3.164493
v -0.098264 0.220258 3.164975
v -0.101258 0.327761 3.165246
v -0.088948 0.439189 3.164760
v -0.095844 0.548741 3.164978
v -0.119152 0.657342 3.166088
v -0.120558 0.758331 3.166516
v -0.109615 0.115315 3.253475
v -0.093354 0.225493 3.252980
v -0.064020 0.328746 3.252232
v -0.039581 0.420821 3.251866
v -0.074054 0.523759 3.253643
v -0.098313 0.631147 3.254899
v -0.091774 0.718769 3.255831
v -0.127282 0.117036 3.342489
v -0.126385 0.230808 3.342390
v -0.109037 0.344626 3.341602
v -0.045044 0.443035 3.339498
v -0.059062 0.548028 3.340433
v -0.073606 0.650321 3.341597
v -0.076275 0.740516 3.342715
v -0.129434 0.117405 3.430949
v -0.127066 0.231368 3.430770
v -0.122034 0.345530 3.430461
v -0.060101 0.455707 3.427931
v -0.089368 0.571364 3.429187
v -0.118389 0.686325 3.430480
v -0.118851 0.788782 3.430989
v -0.122386 0.117465 3.519049
v -0.119538 0.231358 3.518923
v -0.108533 0.344898 3.518317
v -0.059542 0.454124 3.516238
v -0.110030 0.572594 3.518630
v -0.122302 0.684633 3.519439
v -0.117677 0.784908 3.519832
v -0.131953 0.103063 2.281729
v -0.130131 0.201646 2.281717
v -0.128034 0.300222 2.281693
v -0.116516 0.398241 2.281615
v -0.079336 0.491734 2.281816
v -0.108411 0.594216 2.281717
v -0.118826 0.698671 2.281039
v -0.125162 0.104165 2.370081
v -0.123123 0.204380 2.370070
v -0.122222 0.304848 2.370044
v -0.109452 0.404828 2.369905
v -0.093354 0.503206 2.369978
v -0.114086 0.602746 2.370394
v -0.120674 0.705976 2.370060
v -0.098743 0.104547 2.458251
v -0.096112 0.205837 2.458231
v -0.091422 0.306706 2.458202
v -0.076627 0.407038 2.458070
v -0.091963 0.506697 2.458427
v -0.116049 0.602044 2.459475
v -0.119286 0.703607 2.459323
v -0.109672 0.106837 2.546679
v -0.111686 0.210438 2.546706
v -0.111894 0.313765 2.546719
v -0.084401 0.417209 2.546339
v -0.082221 0.519484 2.546358
v -0.099694 0.620656 2.546902
v -0.105134 0.724523 2.546478
v -0.121996 0.108807 2.635212
v -0.122848 0.214255 2.635232
v -0.119233 0.320113 2.635128
v -0.098348 0.425221 2.634772
v -0.116093 0.528186 2.635428
v -0.115689 0.637398 2.634969
v -0.111585 0.737017 2.634852
v -0.108054 0.109765 2.723335
v -0.100582 0.215956 2.723230
v -0.086352 0.320815 2.723049
v -0.087234 0.423497 2.723087
v -0.114046 0.524089 2.724141
v -0.115886 0.629853 2.724019
v -0.112337 0.727790 2.724101
v -0.108578 0.112097 2.811683
v -0.103538 0.220395 2.811622
v -0.073493 0.328194 2.811078
v -0.080187 0.433748 2.811091
v -0.101614 0.536382 2.811991
v -0.108519 0.638889 2.812257
v -0.113996 0.732781 2.812836
v -0.116118 0.088628 4.386955
v -0.116531 0.172357 4.379789
v -0.115272 0.253678 4.363192
v -0.116338 0.331530 4.339768
v -0.116286 0.417085 4.349200
v -0.090895 0.512627 4.376747
v -0.078666 0.607673 4.392975
v -0.121258 0.092015 4.469316
v -0.119157 0.178287 4.466630
v -0.112396 0.262130 4.453741
v -0.113387 0.337952 4.418823
v -0.112455 0.418259 4.401062
v -0.081899 0.522735 4.439895
v -0.095991 0.620991 4.472893
v -0.125480 0.094195 4.546761
v -0.125726 0.182942 4.549536
v -0.125075 0.267662 4.537479
v -0.128839 0.342910 4.501794
v -0.106306 0.422233 4.456499
v -0.077653 0.528582 4.495130
v -0.103235 0.631545 4.550051
v -0.125724 0.093861 4.612831
v -0.130748 0.185514 4.624498
v -0.134028 0.271586 4.617762
v -0.139796 0.349044 4.587798
v -0.108406 0.428979 4.526798
v -0.087949 0.530577 4.547961
v -0.108054 0.639909 4.624400
v -0.113356 0.090883 4.732633
v -0.112426 0.186510 4.747540
v -0.111504 0.280348 4.758550
v -0.110158 0.363732 4.732020
v -0.085051 0.442861 4.668756
v -0.082211 0.533127 4.648200
v -0.108152 0.649317 4.755160
v -0.057312 0.004224 4.228700
v -0.005820 0.004281 4.228804
v 0.058610 0.004390 4.229636
v -0.070677 0.003180 4.136408
v -0.006473 0.004370 4.140637
v 0.060099 0.004273 4.140494
v -0.071732 0.003024 4.046858
v -0.004926 0.004256 4.051325
v 0.065993 0.003967 4.050768
v -0.068238 0.003703 3.960478
v -0.001937 0.003886 3.961456
v 0.077186 0.003093 3.960432
v -0.061931 0.003739 3.872475
v 0.004468 0.003525 3.872247
v 0.069645 0.003368 3.872234
v -0.057787 0.003548 3.783940
v 0.003768 0.003572 3.783901
v 0.070343 0.003281 3.783690
v -0.048579 0.002933 3.694974
v 0.014772 0.002853 3.694925
v 0.078880 0.002682 3.694811
v -0.061927 0.003686 3.519023
v 0.000620 0.003582 3.518910
v 0.063346 0.003370 3.518677
v -0.066096 0.003802 3.430839
v -0.001565 0.003632 3.430650
v 0.062819 0.003476 3.430460
v -0.064552 0.003717 3.342394
v -0.001293 0.003590 3.342261
v 0.068586 0.003295 3.341854
v -0.051699 0.003284 3.253497
v 0.022944 0.002873 3.252973
v 0.097185 0.002739 3.252352
v -0.034729 0.002769 3.164440
v 0.009035 0.003208 3.164987
v 0.067533 0.003325 3.165157
v -0.061459 0.003555 3.077119
v -0.002810 0.003624 3.077186
v 0.057018 0.003523 3.077129
v -0.068557 0.003777 2.988917
v -0.004179 0.003653 2.988834
v 0.061293 0.003494 2.988716
v -0.053708 0.003367 2.811756
v 0.007353 0.003365 2.811769
v 0.078638 0.003215 2.811577
v -0.046475 0.003244 2.723308
v 0.012986 0.003227 2.723265
v 0.081175 0.003190 2.723148
v -0.059052 0.003466 2.635178
v 0.002073 0.003445 2.635158
v 0.064834 0.003372 2.635091
v -0.052483 0.003351 2.546719
v 0.004193 0.003422 2.546756
v 0.064603 0.003400 2.546744
v -0.036314 0.002808 2.458241
v 0.020517 0.002955 2.458269
v 0.078240 0.003032 2.458293
v -0.063040 0.003763 2.370065
v 0.001229 0.003580 2.370038
v 0.065853 0.003362 2.370014
v -0.067371 0.004311 2.281698
v -0.004593 0.004056 2.281688
v 0.055625 0.003816 2.281700
v -0.058794 0.004064 2.104920
v 0.007680 0.003319 2.104927
v 0.062082 0.003444 2.104961
v -0.056833 0.003888 2.016530
v 0.004114 0.003812 2.016538
v 0.065316 0.003301 2.016587
v -0.043685 0.001990 1.928506
v 0.018511 0.001538 1.928534
v 0.073612 0.001552 1.928478
v -0.052512 0.003163 1.839955
v 0.019517 0.001420 1.840664
v 0.085113 -0.000190 1.840903
v -0.063245 0.004512 1.750731
v 0.001249 0.003702 1.751285
v 0.074849 0.000915 1.753035
v -0.066915 0.005206 1.661352
v -0.004776 0.004576 1.661950
v 0.064075 0.002281 1.663897
v -0.067889 0.005385 1.572258
v -0.001822 0.004558 1.573342
v 0.076977 0.001039 1.577746
v -0.129151 0.091826 1.571955
v -0.126049 0.177332 1.572680
v -0.108108 0.259016 1.577104
v -0.047686 0.336269 1.589684
v -0.053799 0.415671 1.584387
v -0.073050 0.494875 1.582225
v -0.082089 0.596016 1.579883
v -0.129338 0.093365 1.660806
v -0.131420 0.180862 1.660695
v -0.119413 0.267480 1.662222
v -0.056684 0.347906 1.672933
v -0.079460 0.437799 1.666359
v -0.106359 0.515488 1.664657
v -0.118248 0.615459 1.662811
v -0.125475 0.094156 1.750354
v -0.126140 0.183228 1.750348
v -0.115449 0.271345 1.751387
v -0.072636 0.355739 1.758492
v -0.086446 0.446293 1.753143
v -0.118053 0.531595 1.751653
v -0.124395 0.627343 1.750763
v -0.117459 0.094596 1.839670
v -0.119728 0.185239 1.839735
v -0.099534 0.273895 1.841350
v -0.054799 0.359024 1.843920
v -0.078306 0.453906 1.840976
v -0.111150 0.540997 1.840507
v -0.124257 0.625318 1.840420
v -0.095895 0.093239 1.928860
v -0.094231 0.185030 1.929140
v -0.080780 0.276195 1.929707
v -0.066071 0.367092 1.929719
v -0.084504 0.461837 1.928549
v -0.118410 0.550599 1.928845
v -0.121491 0.647791 1.928313
v -0.117223 0.097596 2.016537
v -0.116624 0.191176 2.016569
v -0.104678 0.284068 2.016685
v -0.088231 0.376430 2.016944
v -0.083804 0.469916 2.016755
v -0.110925 0.557279 2.017665
v -0.114109 0.659962 2.016596
v -0.122116 0.099389 2.104936
v -0.117677 0.194383 2.104930
v -0.115287 0.289859 2.104888
v -0.105546 0.384628 2.104861
v -0.076377 0.476076 2.105017
v -0.088791 0.560338 2.106606
v -0.087272 0.670658 2.104551
v 0.135957 0.116147 3.517860
v 0.113060 0.230475 3.518795
v 0.106681 0.343406 3.518956
v 0.120648 0.463131 3.519279
v 0.123375 0.581230 3.519324
v 0.086787 0.643058 3.515321
v 0.128060 0.786470 3.516999
v 0.146528 0.115776 3.429377
v 0.130218 0.228998 3.429969
v 0.116644 0.341622 3.430448
v 0.122196 0.459178 3.430552
v 0.121443 0.573993 3.430476
v 0.102922 0.657732 3.429659
v 0.129671 0.798713 3.429897
v 0.157685 0.115169 3.340638
v 0.151968 0.227278 3.340918
v 0.138899 0.335187 3.341017
v 0.152173 0.447889 3.341203
v 0.138345 0.554097 3.341847
v 0.121783 0.637622 3.342310
v 0.137312 0.790898 3.341855
v 0.148278 0.115122 3.252715
v 0.129668 0.227569 3.253537
v 0.104626 0.336486 3.253818
v 0.100340 0.441216 3.254045
v 0.098412 0.533933 3.254398
v 0.111742 0.647423 3.254209
v 0.143461 0.783127 3.253358
v 0.143111 0.114802 3.164652
v 0.125281 0.226812 3.165328
v 0.111849 0.339279 3.165519
v 0.120786 0.453580 3.165273
v 0.117164 0.563842 3.165364
v 0.097500 0.654592 3.166502
v 0.132436 0.786910 3.164862
v 0.129428 0.114103 3.076441
v 0.114202 0.224584 3.076757
v 0.112759 0.336347 3.077118
v 0.122930 0.453289 3.076882
v 0.122778 0.570195 3.076560
v 0.099752 0.659096 3.078256
v 0.109494 0.769548 3.078171
v 0.136372 0.113893 2.988303
v 0.125737 0.224749 2.988561
v 0.087329 0.331307 2.989156
v 0.116359 0.450405 2.988621
v 0.118133 0.565220 2.988359
v 0.099482 0.657801 2.990183
v 0.083841 0.747193 2.992027
v 0.139951 0.111755 2.811568
v 0.132219 0.220433 2.811733
v 0.107777 0.326920 2.812216
v 0.114717 0.440591 2.811893
v 0.115086 0.551823 2.811785
v 0.121588 0.658452 2.811995
v 0.116550 0.742430 2.814547
v 0.129801 0.110216 2.723369
v 0.118767 0.217120 2.723522
v 0.095173 0.320577 2.724085
v 0.117405 0.433203 2.723469
v 0.125035 0.546981 2.722748
v 0.141200 0.655733 2.722337
v 0.134338 0.740622 2.724845
v 0.120353 0.108592 2.635101
v 0.119243 0.213934 2.635154
v 0.107973 0.317992 2.635375
v 0.120590 0.424964 2.635130
v 0.134745 0.536255 2.634294
v 0.148233 0.640202 2.634160
v 0.124271 0.723156 2.637055
v 0.137915 0.106751 2.546623
v 0.140953 0.210274 2.546602
v 0.137666 0.313579 2.546604
v 0.114555 0.409984 2.547509
v 0.121911 0.504024 2.548569
v 0.147053 0.610588 2.547826
v 0.117148 0.687952 2.551209
v 0.138927 0.104966 2.458288
v 0.130696 0.207130 2.458333
v 0.119283 0.308699 2.458459
v 0.117385 0.409721 2.458592
v 0.133768 0.515495 2.457949
v 0.145871 0.618233 2.457680
v 0.124982 0.709261 2.459187
v 0.135109 0.103241 2.369973
v 0.127528 0.203817 2.369989
v 0.116842 0.303456 2.370151
v 0.119424 0.404449 2.370032
v 0.128408 0.509273 2.369342
v 0.141576 0.613110 2.368736
v 0.130741 0.715437 2.368568
v 0.129316 0.101069 2.281690
v 0.120582 0.199956 2.281738
v 0.096014 0.294712 2.282471
v 0.107926 0.395766 2.282048
v 0.127712 0.501871 2.280831
v 0.140703 0.603878 2.280206
v 0.138656 0.703606 2.280078
v 0.142379 0.096513 2.104922
v 0.137962 0.193198 2.104873
v 0.129637 0.290410 2.104766
v 0.110854 0.381029 2.105592
v 0.100014 0.472733 2.106151
v 0.119239 0.573138 2.105285
v 0.119224 0.659045 2.106439
v 0.140823 0.094900 2.016622
v 0.147959 0.188605 2.016579
v 0.148122 0.283100 2.016493
v 0.137955 0.376286 2.016674
v 0.131802 0.468137 2.016943
v 0.149375 0.573155 2.015496
v 0.146824 0.670167 2.015177
v 0.131851 0.093987 1.928389
v 0.129494 0.187957 1.928204
v 0.130811 0.281120 1.928114
v 0.130378 0.374063 1.928084
v 0.114348 0.457684 1.928913
v 0.141237 0.563205 1.927673
v 0.152207 0.659542 1.927143
v 0.128974 0.092864 1.840100
v 0.125343 0.185651 1.839717
v 0.123993 0.277173 1.839622
v 0.123979 0.369257 1.839539
v 0.107949 0.451489 1.839936
v 0.124709 0.551879 1.839581
v 0.141520 0.651043 1.839278
v 0.130697 0.090352 1.752159
v 0.123966 0.182145 1.751456
v 0.117859 0.271887 1.751127
v 0.102573 0.355763 1.751045
v 0.091842 0.432007 1.751319
v 0.109943 0.531491 1.751418
v 0.138907 0.635603 1.751736
v 0.120677 0.089027 1.663874
v 0.108424 0.178262 1.662655
v 0.109046 0.266502 1.662185
v 0.113201 0.354929 1.662140
v 0.096963 0.428397 1.662147
v 0.113328 0.526503 1.662639
v 0.136799 0.624851 1.663693
v 0.126258 0.087885 1.575813
v 0.125734 0.177081 1.574358
v 0.126501 0.265401 1.573892
v 0.127145 0.354196 1.573804
v 0.119895 0.437660 1.573792
v 0.087276 0.494928 1.573723
v 0.123051 0.595976 1.575844
v 0.053424 0.098727 0.787039
v 0.055593 0.195663 0.787652
v 0.037073 0.294419 0.779891
v 0.029891 0.391793 0.777617
v 0.032359 0.488740 0.778272
v 0.032403 0.585852 0.778059
v 0.032835 0.682795 0.778322
v 0.017154 0.099313 0.784497
v 0.023454 0.195821 0.786930
v 0.015845 0.293527 0.783801
v 0.001065 0.391484 0.778654
v 0.001615 0.488831 0.778000
v 0.001287 0.585896 0.777820
v 0.001498 0.682865 0.777973
v -0.017210 0.099679 0.782852
v -0.016655 0.196681 0.782991
v -0.007088 0.292768 0.787048
v -0.021862 0.391035 0.781198
v -0.027866 0.488747 0.778386
v -0.029573 0.585912 0.777697
v -0.029638 0.682913 0.777715
v 0.042918 0.891552 2.103480
v 0.016797 0.891296 2.103422
v -0.011362 0.891015 2.103376
v 0.042782 0.876860 2.015611
v 0.022095 0.877961 2.015328
v 0.002359 0.878008 2.015118
v 0.044376 0.862996 1.927616
v 0.019272 0.862809 1.927599
v -0.019270 0.862415 1.927676
v 0.032949 0.814125 1.842038
v -0.003400 0.815654 1.841784
v -0.035807 0.820630 1.841388
v 0.051572 0.830911 1.752281
v 0.016546 0.838304 1.751763
v -0.020035 0.841322 1.751309
v 0.060007 0.820531 1.665131
v 0.022617 0.827438 1.664449
v -0.017102 0.830593 1.663429
v 0.058725 0.810899 1.576808
v 0.037075 0.814372 1.578080
v 0.006209 0.815215 1.578464
v 0.034573 1.007301 2.810620
v 0.007054 1.008614 2.810450
v -0.016794 1.006965 2.810321
v 0.042474 0.989496 2.722320
v 0.014845 0.991946 2.722027
v -0.011326 0.989662 2.722049
v 0.038840 0.970759 2.633707
v 0.008174 0.972629 2.633731
v -0.020046 0.972605 2.633766
v 0.043145 0.946905 2.545280
v 0.010262 0.951977 2.545325
v -0.018068 0.949693 2.545614
v 0.038925 0.949337 2.456378
v 0.007426 0.948321 2.456649
v -0.022445 0.944135 2.457203
v 0.021755 0.887326 2.374658
v -0.002685 0.884368 2.375013
v -0.035310 0.876574 2.375931
v 0.039235 0.913694 2.280724
v 0.013401 0.914701 2.280549
v -0.011372 0.913337 2.280643
v 0.029315 1.011303 3.516913
v -0.005493 0.995619 3.516158
v -0.034504 1.006650 3.517174
v 0.022822 1.009500 3.429631
v -0.005422 1.001444 3.429423
v -0.036113 0.996209 3.429586
v 0.033394 0.998074 3.342512
v 0.004488 0.973022 3.342748
v -0.025194 0.955516 3.343091
v 0.039996 0.988891 3.254443
v 0.007016 0.989474 3.254105
v -0.027257 0.975563 3.254420
v 0.035912 1.019899 3.164945
v 0.005722 1.015212 3.165066
v -0.025490 1.011217 3.165147
v 0.025024 1.006054 3.077586
v -0.004701 0.994170 3.078212
v -0.038556 0.982264 3.078874
v 0.024722 1.006894 2.989106
v -0.001671 1.009665 2.988792
v -0.026508 1.008119 2.988683
v 0.052035 0.837231 4.230401
v 0.012650 0.831591 4.230355
v -0.023197 0.826605 4.229712
v 0.031220 0.838576 4.134696
v -0.015583 0.820952 4.131049
v -0.043692 0.828692 4.133162
v 0.039296 0.872091 4.045614
v 0.007289 0.878123 4.047648
v -0.025502 0.881861 4.048911
v 0.053510 0.915016 3.960532
v 0.019330 0.914871 3.960625
v -0.021255 0.913105 3.960404
v 0.039715 0.947419 3.873327
v 0.016463 0.945246 3.872537
v -0.008685 0.939159 3.870557
v 0.038228 0.977828 3.785425
v 0.006204 0.970091 3.783590
v -0.021553 0.956493 3.779869
v 0.032453 1.000703 3.694845
v -0.002866 0.986179 3.691990
v -0.034717 0.974677 3.689845
v -0.078684 0.806798 0.853256
v -0.093041 0.790581 0.867332
v -0.083172 0.791648 0.845223
v -0.082572 0.812574 0.869415
v -0.084514 0.804227 4.972429
v -0.087853 0.790049 4.978538
v -0.096073 0.793037 4.957759
v -0.087851 0.811692 4.957500
v 0.090324 0.805912 0.856803
v 0.095044 0.790785 0.849048
v 0.104194 0.789521 0.870832
v 0.093276 0.811511 0.872547
v 0.096069 0.803206 4.907035
v 0.099022 0.807027 4.888695
v 0.107592 0.786565 4.901296
v 0.099982 0.789623 4.921328
v -0.059150 0.096995 0.846630
v -0.068045 0.193774 0.842951
v -0.072540 0.289977 0.841488
v -0.064287 0.385233 0.844701
v -0.079816 0.482675 0.838300
v -0.088916 0.579459 0.834622
v -0.089103 0.675442 0.834510
v -0.087617 0.097726 0.869246
v -0.070964 0.191604 0.875927
v -0.078578 0.287592 0.873155
v -0.075060 0.382679 0.874598
v -0.088680 0.479404 0.869090
v -0.103585 0.576247 0.863008
v -0.104197 0.671718 0.862724
v -0.083898 0.757737 4.401640
v -0.089981 0.769425 4.480915
v -0.088830 0.781833 4.558769
v -0.088592 0.791671 4.636116
v -0.082355 0.813329 4.787787
v -0.092629 0.726750 4.400032
v -0.103035 0.739656 4.480288
v -0.103122 0.751447 4.558228
v -0.102364 0.762956 4.635574
v -0.098289 0.783101 4.786003
v -0.081356 0.665795 4.917739
v -0.076146 0.560258 4.884579
v -0.078737 0.479954 4.953943
v -0.086275 0.392577 4.992469
v -0.092822 0.299912 5.001377
v -0.089550 0.198420 4.973924
v -0.087960 0.101207 4.969480
v -0.095135 0.663285 4.889979
v -0.087679 0.553783 4.840293
v -0.089134 0.475653 4.916679
v -0.104408 0.390150 4.962153
v -0.110476 0.297153 4.969893
v -0.103649 0.196461 4.941672
v -0.100897 0.099400 4.935049
v -0.041076 0.833429 4.959849
v -0.004244 0.838934 4.951368
v 0.038762 0.846393 4.926861
v -0.038109 0.815245 4.984767
v -0.000205 0.823747 4.976026
v 0.041199 0.825668 4.946766
v -0.034001 0.799202 5.010962
v 0.002760 0.805287 5.001236
v 0.041479 0.802877 4.971032
v 0.113848 0.650274 4.881349
v 0.104422 0.530843 4.832009
v 0.106241 0.446886 4.861673
v 0.117730 0.383482 4.931511
v 0.119719 0.296805 4.959039
v 0.119433 0.196430 4.940041
v 0.105504 0.091758 4.903995
v 0.098101 0.654464 4.903657
v 0.093320 0.540194 4.859515
v 0.083597 0.453978 4.909015
v 0.095631 0.388003 4.973466
v 0.102251 0.299347 4.991648
v 0.105464 0.197506 4.967233
v 0.088928 0.094539 4.942266
v 0.099826 0.747744 1.413267
v 0.098212 0.751025 1.339933
v 0.098632 0.758325 1.266854
v 0.110668 0.777796 1.194721
v 0.100768 0.800907 1.042415
v 0.117763 0.725817 1.413080
v 0.117829 0.732892 1.339561
v 0.111318 0.730188 1.266474
v 0.125569 0.749788 1.194782
v 0.116459 0.772661 1.042704
v 0.098061 0.674919 0.837178
v 0.095050 0.578997 0.836401
v 0.092465 0.482932 0.836142
v 0.095441 0.387538 0.835454
v 0.096531 0.291422 0.836035
v 0.101948 0.194560 0.839207
v 0.119151 0.096871 0.846682
v 0.115605 0.670637 0.867164
v 0.109702 0.575030 0.866236
v 0.114265 0.480103 0.866319
v 0.114722 0.385123 0.865375
v 0.116331 0.289323 0.866546
v 0.120117 0.192698 0.870053
v 0.133303 0.096475 0.874552
v 0.039901 0.851887 0.865789
v 0.006353 0.852199 0.864458
v -0.026260 0.852890 0.863330
v 0.038232 0.828108 0.836826
v 0.004547 0.828290 0.835554
v -0.027475 0.828483 0.834855
v 0.036279 0.803935 0.807883
v 0.003747 0.804081 0.807067
v -0.027910 0.804167 0.806592
v -0.066353 0.797536 1.048002
v -0.092662 0.781070 1.186664
v -0.096578 0.767876 1.260500
v -0.097764 0.752180 1.335448
v -0.101074 0.736082 1.409832
v -0.082744 0.768725 1.047580
v -0.108433 0.751345 1.186624
v -0.112597 0.737743 1.260465
v -0.114421 0.721409 1.335311
v -0.116485 0.707985 1.409681
v -0.061895 0.756683 1.577609
v -0.088803 0.772577 1.662421
v -0.089423 0.783980 1.750854
v -0.096483 0.775522 1.840361
v -0.089653 0.803118 1.927863
v -0.073945 0.819199 2.015524
v -0.077003 0.831293 2.103716
v -0.076734 0.726974 1.577795
v -0.103707 0.742473 1.662432
v -0.105817 0.754159 1.750782
v -0.110281 0.750431 1.840092
v -0.104797 0.774003 1.927894
v -0.092684 0.789059 2.015746
v -0.090831 0.801301 2.103885
v -0.085660 0.850553 2.280847
v -0.095777 0.838755 2.372787
v -0.080199 0.869465 2.458304
v -0.053493 0.878928 2.546207
v -0.069464 0.909612 2.634164
v -0.083185 0.921277 2.722769
v -0.080675 0.918468 2.811818
v -0.103313 0.824965 2.280790
v -0.110831 0.818845 2.371943
v -0.096666 0.830142 2.458812
v -0.073872 0.842834 2.546618
v -0.089976 0.873611 2.634601
v -0.099618 0.882137 2.723236
v -0.099056 0.883482 2.812262
v -0.084526 0.931744 2.989161
v -0.086850 0.910263 3.078836
v -0.084195 0.925170 3.166385
v -0.070239 0.911853 3.254625
v -0.078777 0.887797 3.343857
v -0.089440 0.909836 3.431628
v -0.094911 0.945679 3.518488
v -0.101049 0.908404 2.988926
v -0.102308 0.890451 3.078435
v -0.091559 0.872483 3.167155
v -0.075608 0.870613 3.255033
v -0.085373 0.857207 3.344011
v -0.098690 0.867961 3.432246
v -0.105401 0.890601 3.519201
v -0.097264 0.921230 3.691589
v -0.079302 0.898602 3.780457
v -0.085682 0.881829 3.871884
v -0.089760 0.856893 3.961562
v -0.089084 0.827826 4.050685
v -0.093584 0.794204 4.139340
v -0.099335 0.747892 4.226258
v -0.108267 0.896133 3.693145
v -0.091737 0.874310 3.782017
v -0.100112 0.854295 3.872658
v -0.104251 0.829586 3.962273
v -0.104325 0.800025 4.051176
v -0.107146 0.767329 4.139898
v -0.111041 0.726996 4.228146
v 0.100995 0.791923 4.729895
v 0.106051 0.784802 4.608795
v 0.105865 0.774801 4.540964
v 0.104992 0.765507 4.470243
v 0.109601 0.758014 4.395478
v 0.117731 0.762600 4.721235
v 0.122742 0.751554 4.595003
v 0.119032 0.741981 4.534528
v 0.113986 0.730040 4.466712
v 0.118581 0.718975 4.391982
v 0.111113 0.778538 4.230310
v 0.098233 0.789091 4.136576
v 0.094884 0.808473 4.043999
v 0.112005 0.864601 3.962895
v 0.101804 0.897722 3.875408
v 0.102271 0.929829 3.787189
v 0.102301 0.961992 3.698151
v 0.117536 0.739503 4.228656
v 0.108373 0.754423 4.135224
v 0.109507 0.782472 4.044862
v 0.127079 0.835265 3.962757
v 0.117496 0.869692 3.875628
v 0.117454 0.901588 3.787234
v 0.118057 0.934504 3.698423
v 0.096606 0.974084 3.518479
v 0.090788 0.966928 3.430086
v 0.103117 0.964096 3.342156
v 0.105949 0.943841 3.254021
v 0.099679 0.968238 3.164548
v 0.084523 0.949117 3.077595
v 0.088225 0.952170 2.988635
v 0.110722 0.942671 3.518376
v 0.107187 0.939409 3.430207
v 0.118144 0.934625 3.342188
v 0.120414 0.918248 3.253905
v 0.113829 0.937373 3.164654
v 0.095282 0.912346 3.078066
v 0.103749 0.923877 2.988550
v 0.096804 0.942495 2.810785
v 0.103823 0.923843 2.722636
v 0.096777 0.899381 2.634902
v 0.103850 0.882194 2.545695
v 0.093452 0.873471 2.458501
v 0.078045 0.829070 2.374703
v 0.091677 0.841639 2.282721
v 0.112071 0.910931 2.810922
v 0.117622 0.889645 2.723173
v 0.108712 0.865439 2.635603
v 0.109828 0.839195 2.547852
v 0.092286 0.808546 2.463454
v 0.087029 0.786941 2.376503
v 0.097555 0.791893 2.285659
v 0.089919 0.806377 2.106988
v 0.086348 0.764287 2.021344
v 0.090708 0.755509 1.932125
v 0.088229 0.750508 1.842849
v 0.094123 0.740376 1.753993
v 0.094765 0.728868 1.665317
v 0.084180 0.691041 1.577984
v 0.086183 0.748414 2.110814
v 0.103515 0.753174 2.020077
v 0.112015 0.761220 1.929048
v 0.112652 0.757226 1.839980
v 0.122934 0.747831 1.751794
v 0.127125 0.724223 1.665075
v 0.116526 0.685371 1.578314
v -0.123244 0.096715 1.037747
v -0.121970 0.188815 1.038577
v -0.115022 0.280488 1.041079
v -0.081981 0.369820 1.052321
v -0.067051 0.460770 1.057511
v -0.079039 0.554445 1.053575
v -0.094794 0.647165 1.048748
v -0.115483 0.093468 1.189049
v -0.117478 0.183239 1.188935
v -0.117419 0.271998 1.190322
v -0.085005 0.358783 1.199091
v -0.078804 0.448126 1.198266
v -0.112066 0.542263 1.190197
v -0.123725 0.629857 1.187432
v -0.091387 0.089358 1.269935
v -0.101413 0.178348 1.268104
v -0.102418 0.266295 1.268346
v -0.072543 0.352213 1.275602
v -0.087113 0.441241 1.269958
v -0.117459 0.532718 1.263586
v -0.127999 0.618700 1.261124
v -0.112369 0.089890 1.339106
v -0.109191 0.176114 1.340466
v -0.086863 0.261964 1.344554
v -0.064650 0.347711 1.349370
v -0.091150 0.438410 1.341847
v -0.118970 0.525425 1.337371
v -0.133696 0.598916 1.335786
v -0.120381 0.090331 1.410787
v -0.122425 0.176140 1.410777
v -0.110078 0.261323 1.413004
v -0.075267 0.344234 1.421005
v -0.091323 0.432835 1.415795
v -0.117863 0.518637 1.411694
v -0.133882 0.589174 1.410056
vn -0.0133 -0.9999 -0.0093
vn 0.0054 -1.0000 -0.0007
vn 0.0092 -0.9999 -0.0049
vn 0.0052 -0.9998 -0.0185
vn 0.0471 0.9926 0.1116
vn -0.0001 0.9932 0.1160
vn -0.0232 0.9929 0.1163
vn 0.0289 0.9936 0.1093
vn 0.5822 0.8103 0.0664
vn 0.1659 0.9807 0.1031
vn 0.1347 0.9856 0.1025
vn 0.5836 0.8080 0.0811
vn -0.5175 0.8507 0.0922
vn -0.5224 0.8464 0.1036
vn -0.1225 0.9916 -0.0404
vn -0.1093 0.9920 -0.0627
vn -0.0577 0.9916 0.1156
vn -0.0708 0.9879 0.1380
vn 0.1063 0.9896 0.0968
vn 0.5957 0.8015 0.0536
vn -0.5404 0.8313 0.1296
vn -0.0420 0.9897 0.1370
vn -0.4207 0.9057 0.0516
vn -0.8734 0.4837 0.0571
vn -0.8819 0.4695 0.0436
vn -0.5618 0.8071 0.1815
vn 0.0414 0.9963 0.0758
vn 0.5788 0.8155 0.0023
vn -0.3451 0.7283 -0.5920
vn -0.8346 0.4281 -0.3467
vn -0.8755 0.4702 -0.1111
vn -0.3769 0.8815 -0.2845
vn 0.1843 0.9174 -0.3527
vn 0.1451 0.7889 -0.5971
vn -0.0437 -0.9990 0.0070
vn -0.0039 -1.0000 0.0047
vn -0.0428 -0.9989 -0.0187
vn -0.0789 -0.9969 0.0004
vn 0.5356 0.8434 -0.0419
vn 0.6369 0.7256 -0.2604
vn 0.3050 0.8289 -0.4689
vn 0.1536 0.9685 -0.1960
vn 0.4624 0.8811 -0.0993
vn -0.1715 0.9637 -0.2048
vn 0.0159 0.9129 -0.4079
vn 0.5235 0.7643 -0.3767
vn -0.4636 0.8379 -0.2882
vn -0.4199 0.8408 -0.3417
vn 0.1013 0.8912 -0.4421
vn 0.1430 0.9442 -0.2968
vn 0.4840 0.8695 -0.0987
vn -0.1570 0.9766 -0.1471
vn 0.9286 0.3711 0.0050
vn 0.9428 0.3321 0.0293
vn 0.1088 0.9528 -0.2833
vn 0.0645 0.9978 0.0170
vn 0.1481 0.9885 0.0314
vn -0.0142 -0.9999 -0.0053
vn -0.7061 -0.7068 0.0429
vn -0.7113 -0.7023 0.0283
vn -0.0191 -0.9998 -0.0018
vn 0.0804 0.9965 0.0223
vn 0.5790 0.8143 0.0412
vn 0.2986 0.9528 0.0549
vn 0.8417 0.5399 -0.0018
vn 0.8446 0.5199 0.1278
vn 0.3157 0.9404 0.1266
vn -0.4219 0.2370 -0.8751
vn -0.8679 0.1783 -0.4637
vn -0.8972 0.2697 -0.3497
vn -0.4480 0.4261 -0.7859
vn -0.0307 0.9951 -0.0936
vn 0.5631 0.8204 -0.0992
vn -0.5555 0.8310 -0.0293
vn -0.8743 -0.2817 -0.3952
vn -0.9635 -0.1921 -0.1863
vn -0.9748 0.0296 -0.2209
vn -0.9096 -0.0620 -0.4108
vn -0.5219 0.8228 -0.2248
vn -0.0484 0.9924 -0.1129
vn -0.1362 0.9852 -0.1045
vn 0.5136 -0.0090 0.8580
vn 0.8720 -0.0159 0.4893
vn 0.8733 -0.0201 0.4867
vn 0.5069 -0.0061 0.8620
vn 0.4092 0.8625 -0.2977
vn 0.8575 0.4960 -0.1365
vn 0.8352 0.4749 -0.2774
vn 0.4953 0.7801 -0.3823
vn -0.0037 0.9925 0.1224
vn 0.0102 -0.9999 -0.0090
vn -0.0063 -0.9999 -0.0100
vn -0.9871 0.1575 -0.0294
vn -0.9875 0.1551 -0.0293
vn -0.9990 -0.0022 -0.0449
vn -0.9987 -0.0221 -0.0465
vn -0.9042 -0.0531 -0.4238
vn -0.5416 -0.0872 -0.8361
vn -0.4319 -0.6610 -0.6137
vn -0.6191 -0.7330 -0.2818
vn 0.9016 -0.0609 -0.4283
vn 0.9853 0.0285 -0.1686
vn 0.7810 -0.6075 -0.1447
vn 0.6472 -0.6891 -0.3261
vn 0.0192 -0.9998 0.0015
vn 0.0326 -0.9995 -0.0039
vn 0.0169 -0.9998 -0.0064
vn -0.9469 0.0365 -0.3194
vn -0.9625 -0.0193 -0.2707
vn -0.8827 -0.2571 -0.3932
vn 0.8539 0.3050 -0.4217
vn 0.5440 0.3488 -0.7632
vn 0.6519 0.4571 -0.6051
vn 0.8755 0.3080 -0.3723
vn -0.9793 0.1627 -0.1207
vn -0.9905 -0.0311 -0.1337
vn 0.9955 0.0911 -0.0242
vn 0.9901 0.1350 -0.0389
vn 0.7137 -0.6985 -0.0518
vn 0.6992 -0.7120 -0.0645
vn 0.0757 -0.0827 -0.9937
vn 0.2008 -0.1343 -0.9704
vn 0.2535 -0.1339 -0.9580
vn 0.1257 -0.1226 -0.9845
vn -0.7524 -0.6579 -0.0335
vn -0.7159 -0.6974 -0.0347
vn 0.2533 0.9469 -0.1979
vn 0.6481 0.7562 -0.0901
vn 0.6530 0.7543 -0.0682
vn 0.3733 0.9268 0.0402
vn 0.0111 0.2733 -0.9619
vn 0.0762 0.3276 -0.9417
vn 0.0540 -0.0925 -0.9943
vn -0.0268 -0.0869 -0.9959
vn 0.9277 -0.1421 -0.3454
vn 0.9917 -0.0504 -0.1181
vn 0.1287 -0.8381 -0.5300
vn 0.5120 -0.6371 -0.5762
vn 0.6556 -0.6904 -0.3058
vn -0.0062 -0.9998 0.0168
vn 0.9997 0.0230 0.0126
vn 0.9979 -0.0419 -0.0492
vn 0.9998 -0.0198 -0.0090
vn 0.9988 0.0300 0.0395
vn 0.7731 0.0043 -0.6342
vn 0.8880 -0.0601 -0.4558
vn 0.0352 -0.9993 0.0108
vn 0.0066 -1.0000 -0.0021
vn 0.0028 -1.0000 0.0075
vn 0.5286 -0.0439 -0.8477
vn 0.6358 -0.1588 -0.7554
vn 0.0450 -0.9990 0.0014
vn 0.7331 -0.6801 0.0015
vn 0.7227 -0.6858 -0.0855
vn 0.0568 -0.9984 -0.0044
vn 0.0619 -0.8357 -0.5457
vn -0.0011 -0.8049 -0.5934
vn 0.9962 0.0148 -0.0858
vn 0.7096 -0.6985 -0.0929
vn 0.9942 -0.0313 -0.1033
vn 0.9959 0.0889 0.0166
vn 0.9905 0.1237 0.0599
vn 0.9896 0.1381 -0.0405
vn -0.7087 -0.7005 0.0846
vn -0.6130 -0.7897 0.0255
vn -0.9983 -0.0134 0.0570
vn -0.9934 -0.0163 0.1136
vn 0.9945 0.1021 -0.0215
vn 0.9913 -0.1306 0.0162
vn 0.9952 -0.0566 -0.0801
vn 0.9924 0.0202 -0.1214
vn 0.9992 0.0002 -0.0396
vn 0.9990 -0.0437 -0.0079
vn 0.9978 -0.0228 -0.0616
vn 0.9989 -0.0077 -0.0472
vn 0.9998 -0.0038 0.0210
vn 0.9941 -0.0731 0.0804
vn 0.9890 -0.0775 0.1259
vn 0.9930 0.0989 0.0641
vn 0.7441 -0.6654 0.0591
vn 0.8953 -0.1028 -0.4335
vn 0.0235 -0.9993 0.0296
vn 0.9968 0.0002 -0.0799
vn 0.9969 -0.0185 -0.0759
vn 0.9945 -0.0709 -0.0770
vn -0.9922 -0.0494 -0.1141
vn -0.9872 0.0020 -0.1593
vn -0.9983 -0.0038 -0.0583
vn -0.9979 -0.0214 -0.0616
vn -0.9979 0.0229 0.0600
vn -0.9974 -0.0139 0.0706
vn -0.9917 -0.0534 0.1168
vn -0.9970 -0.0048 0.0768
vn 0.0065 -0.0711 -0.9974
vn -0.0313 -0.0688 -0.9971
vn -0.0090 -0.1074 -0.9942
vn -0.5336 0.8449 -0.0386
vn -0.3962 0.8925 0.2155
vn -0.8714 0.4827 0.0877
vn -0.8654 0.4796 -0.1449
vn -0.8562 -0.0306 -0.5158
vn -0.9204 -0.0362 -0.3893
vn -0.9154 0.1955 -0.3520
vn -0.9304 -0.0278 -0.3655
vn -0.6701 -0.6893 -0.2754
vn -0.8045 -0.5732 -0.1555
vn 0.6468 -0.1380 -0.7500
vn 0.3847 -0.6301 0.6745
vn 0.0213 -0.7071 0.7068
vn -0.0162 -0.9996 -0.0213
vn 0.6127 -0.7227 0.3197
vn 0.0296 -0.9995 -0.0117
vn 0.0492 -0.9988 -0.0016
vn 0.8716 -0.1525 -0.4659
vn 0.8654 0.0282 -0.5003
vn 0.4228 0.8856 -0.1921
vn 0.8365 0.5279 -0.1470
vn 0.7782 0.5920 -0.2099
vn 0.3512 0.8856 -0.3039
vn 0.7191 -0.6932 0.0479
vn -0.9985 -0.0020 0.0556
vn -0.7105 -0.7026 0.0393
vn -0.0259 -0.9997 -0.0033
vn 0.6490 -0.7606 0.0152
vn 0.7154 -0.6923 -0.0943
vn -0.0315 -0.9995 -0.0030
vn -0.9921 -0.0069 0.1254
vn -0.9874 0.1322 0.0865
vn -0.9881 0.1498 -0.0364
vn -0.9995 0.0137 0.0289
vn 0.0203 -0.9998 0.0036
vn -0.9971 -0.0105 0.0757
vn -0.9986 0.0080 0.0527
vn -0.7317 -0.6804 0.0410
vn -0.6895 -0.7231 0.0411
vn -0.4500 -0.0554 -0.8913
vn -0.5568 -0.0801 -0.8268
vn -0.9991 -0.0210 -0.0364
vn -0.7048 -0.7092 0.0172
vn -0.9992 -0.0156 0.0378
vn -0.9986 -0.0271 -0.0444
vn -0.0178 -0.9998 0.0014
vn -0.0027 -1.0000 -0.0000
vn -0.0032 -1.0000 -0.0034
vn -0.0238 -0.9997 0.0013
vn 0.9955 0.0902 0.0293
vn 0.9882 0.1492 -0.0337
vn 0.9929 0.0844 -0.0844
vn 0.9973 0.0725 -0.0120
vn 0.9969 0.0286 -0.0732
vn 0.9921 0.0966 -0.0798
vn 0.9946 0.0504 -0.0902
vn 0.9706 0.2395 -0.0258
vn 0.9992 0.0395 0.0014
vn 0.9419 0.3359 -0.0039
vn 0.9537 0.2956 0.0563
vn 0.9960 -0.0612 0.0652
vn 0.9945 0.0972 0.0378
vn 0.9924 -0.0219 0.1210
vn 0.9480 0.3124 0.0609
vn 0.9851 0.0745 0.1549
vn 0.9926 -0.0492 0.1114
vn 0.9441 0.3007 0.1353
vn 0.9563 0.2242 -0.1877
vn 0.9940 0.0401 -0.1016
vn 0.9979 0.0640 -0.0086
vn 0.9680 0.2488 -0.0325
vn 0.9876 0.1270 -0.0918
vn 0.9884 0.1408 -0.0562
vn -0.6106 -0.7919 -0.0110
vn 0.0125 -0.9999 0.0104
vn -0.0084 -0.9998 0.0152
vn -0.7117 -0.6969 -0.0884
vn 0.9998 0.0120 -0.0139
vn 0.9627 0.2631 -0.0637
vn 0.9782 0.2029 -0.0445
vn 0.9982 0.0206 0.0568
vn 0.8863 0.4629 0.0145
vn 0.9689 0.2464 0.0215
vn 0.9653 0.2564 -0.0502
vn 0.8903 0.4550 -0.0186
vn -0.4880 0.8692 -0.0796
vn -0.8819 0.4707 0.0268
vn -0.8934 0.4478 -0.0362
vn -0.4990 0.8595 -0.1109
vn -0.9848 -0.0138 0.1730
vn -0.7017 -0.7043 0.1073
vn -0.9997 -0.0221 -0.0049
vn 0.9881 0.1422 -0.0593
vn 0.9866 0.1331 -0.0944
vn 0.9951 0.0992 0.0029
vn 0.9939 0.0921 0.0605
vn 0.9960 0.0857 -0.0247
vn 0.9968 -0.0586 0.0545
vn 0.9972 -0.0235 -0.0707
vn 0.9998 -0.0168 0.0093
vn 0.9975 -0.0318 0.0631
vn 0.9969 0.0506 0.0598
vn 0.9964 -0.0717 0.0448
vn 0.0043 -1.0000 0.0035
vn 0.9970 -0.0047 -0.0768
vn 0.9367 0.0275 -0.3490
vn 0.9006 0.2918 -0.3223
vn 0.9859 0.1305 -0.1052
vn 0.9031 0.2897 -0.3170
vn 0.9889 0.1101 -0.1003
vn 0.9996 -0.0281 -0.0026
vn 0.9145 -0.0541 -0.4011
vn 0.9922 0.0325 -0.1204
vn 0.9748 -0.1249 -0.1847
vn 0.9962 -0.0792 0.0350
vn 0.9886 0.0793 -0.1277
vn 0.9957 -0.0791 0.0472
vn -0.0195 -0.9998 -0.0086
vn -0.0009 -0.9999 -0.0139
vn 0.9988 0.0214 0.0444
vn 0.9934 0.1093 0.0332
vn 0.9881 -0.1204 0.0960
vn 0.9772 0.1864 0.1017
vn 0.9901 -0.1407 -0.0033
vn 0.9917 0.1235 0.0349
vn 0.9820 0.1590 -0.1019
vn 0.9818 -0.1890 -0.0178
vn 0.9773 -0.2063 0.0476
vn -0.7302 -0.6830 0.0169
vn -0.0250 -0.9997 -0.0040
vn -0.9811 0.1722 0.0883
vn -0.9997 0.0185 0.0183
vn -0.9957 0.0756 0.0539
vn -0.9779 0.1970 0.0697
vn -0.9889 -0.0233 -0.1467
vn -0.9983 0.0225 0.0535
vn -0.9760 0.0998 0.1935
vn -0.9799 0.0167 0.1986
vn -0.9800 -0.0552 0.1912
vn -0.9879 0.0729 0.1367
vn -0.9695 0.2376 0.0595
vn -0.9556 0.2593 0.1401
vn -0.9914 0.0745 0.1079
vn 0.6815 -0.7257 0.0950
vn 0.6864 -0.7258 -0.0451
vn 0.9960 0.0592 -0.0664
vn 0.9894 0.0565 0.1335
vn 0.9930 0.0994 -0.0642
vn 0.7797 -0.6253 -0.0324
vn 0.7185 -0.6955 -0.0047
vn 0.9944 0.1056 -0.0100
vn -0.9416 -0.0438 0.3338
vn -0.9619 0.0223 0.2726
vn -0.9970 0.0028 -0.0772
vn -0.9720 0.1770 -0.1545
vn -0.9256 0.1228 0.3579
vn -0.9032 0.0552 0.4256
vn -0.9896 -0.1399 0.0337
vn -0.9971 -0.0760 -0.0010
vn -0.9854 0.1690 0.0220
vn 0.0200 -0.7087 0.7052
vn -0.0126 -0.9999 0.0015
vn -0.0176 -0.9997 -0.0194
vn -0.6162 -0.6847 0.3893
vn -0.5663 -0.6474 0.5101
vn -0.0206 -0.9998 -0.0036
vn -0.0564 -0.9984 0.0093
vn -0.0723 -0.9974 0.0029
vn -0.0198 -0.9998 -0.0053
vn -0.0292 -0.9996 -0.0013
vn -0.1150 -0.9934 -0.0052
vn -0.0801 -0.9967 0.0087
vn -0.5553 0.0299 0.8311
vn -0.5915 -0.0118 0.8062
vn 0.0555 0.0097 0.9984
vn -0.0102 -0.0165 0.9998
vn -0.5648 -0.0483 0.8238
vn -0.0698 -0.0403 0.9968
vn 0.7381 -0.6738 0.0348
vn 0.7196 -0.6917 -0.0620
vn -0.0911 -0.9958 -0.0054
vn -0.0923 -0.9956 0.0137
vn 0.8814 -0.0175 0.4720
vn 0.9677 -0.0302 0.2502
vn 0.9480 0.2509 0.1957
vn 0.8835 0.2355 0.4050
vn 0.0336 0.9595 0.2796
vn -0.4731 0.8539 0.2170
vn -0.4596 0.6818 0.5691
vn 0.0238 0.7595 0.6500
vn 0.9989 0.0427 -0.0171
vn 0.9975 0.0260 -0.0654
vn 0.9987 0.0031 -0.0507
vn 0.9995 -0.0058 -0.0295
vn 0.0317 -0.9991 -0.0279
vn 0.8841 0.0525 0.4644
vn 0.5359 0.0304 0.8437
vn -0.0775 -0.0510 0.9957
vn -0.0661 -0.0445 0.9968
vn 0.0178 -0.0094 0.9998
vn -0.0589 -0.0403 0.9974
vn 0.9855 0.0182 -0.1689
vn 0.9840 -0.0104 -0.1779
vn 0.9988 0.0078 -0.0475
vn 0.9972 0.0147 -0.0737
vn 0.8542 -0.0006 0.5199
vn 0.8287 -0.2150 -0.5167
vn 0.8790 -0.1883 -0.4381
vn 0.9678 0.0053 0.2518
vn 0.9690 -0.0016 0.2472
vn 0.7200 -0.6928 -0.0417
vn -0.0728 -0.0360 0.9967
vn 0.6596 0.7441 0.1060
vn 0.2502 0.9390 0.2360
vn 0.2551 0.9636 0.0798
vn -0.9593 -0.0232 0.2814
vn -0.9804 0.1763 0.0880
vn -0.9793 0.1769 -0.0980
vn -0.9927 -0.0084 -0.1204
vn -0.9945 0.0685 0.0788
vn -0.7598 0.1249 0.6380
vn -0.8875 0.0436 0.4588
vn -0.4925 0.8603 -0.1316
vn -0.3884 0.9020 -0.1884
vn 0.3148 0.9256 -0.2101
vn 0.1773 0.9804 -0.0859
vn -0.5361 -0.0272 0.8437
vn -0.8981 -0.0539 0.4364
vn -0.9163 -0.1312 0.3785
vn -0.5747 -0.0843 0.8140
vn 0.9821 0.0901 0.1653
vn 0.7273 -0.6743 0.1281
vn 0.9887 0.1335 0.0679
vn 0.9995 0.0285 0.0099
vn 0.9894 0.0330 -0.1414
vn 0.9892 0.0706 -0.1286
vn -0.9818 0.0209 -0.1887
vn -0.9778 0.0740 -0.1961
vn -0.9928 0.0969 -0.0704
vn -0.9977 0.0187 -0.0653
vn -0.0138 -0.9999 -0.0076
vn -0.0172 -0.9998 0.0061
vn -0.0564 -0.9983 0.0115
vn 0.9981 0.0112 -0.0602
vn 0.9982 -0.0253 -0.0537
vn 0.4738 0.6832 0.5557
vn 0.4213 0.8759 0.2353
vn 0.0130 0.9636 0.2670
vn 0.0049 0.7592 0.6508
vn 0.0053 -0.9998 0.0201
vn -0.7223 -0.6834 -0.1065
vn -0.6114 -0.7907 -0.0318
vn 0.0274 -0.9996 0.0079
vn -0.0648 -0.9979 -0.0081
vn 0.6137 -0.7280 0.3057
vn 0.9759 0.0397 0.2145
vn 0.9811 0.0599 0.1839
vn 0.9943 0.0864 -0.0622
vn 0.7156 -0.6806 0.1572
vn 0.9873 0.0119 0.1581
vn 0.9934 0.0321 0.1101
vn 0.9966 -0.0024 -0.0824
vn 0.9990 -0.0244 -0.0385
vn 0.0458 0.0052 0.9989
vn 0.0147 0.0025 0.9999
vn 0.8609 0.0237 0.5082
vn 0.8335 0.0069 0.5524
vn 0.8132 0.0063 0.5820
vn 0.8523 0.0133 0.5230
vn 0.8901 0.0459 0.4535
vn -0.0118 -0.7189 0.6950
vn -0.4025 -0.6746 0.6188
vn -0.5889 -0.0239 0.8079
vn 0.0327 -0.0112 0.9994
vn 0.7828 0.6055 -0.1432
vn -0.7313 -0.6820 0.0001
vn 0.4442 0.8847 -0.1413
vn 0.8523 0.5211 -0.0447
vn 0.2473 0.9522 -0.1794
vn 0.1359 0.9405 -0.3115
vn -0.4207 0.8929 -0.1602
vn 0.2750 0.9332 -0.2313
vn -0.8714 0.4826 -0.0879
vn 0.2909 0.9323 0.2150
vn 0.1055 0.9702 0.2183
vn 0.1212 0.9733 0.1948
vn 0.1546 0.9722 -0.1757
vn -0.8742 0.4800 -0.0737
vn 0.1029 0.9718 -0.2121
vn -0.6791 -0.7287 -0.0888
vn -0.7327 -0.6777 -0.0623
vn 0.0862 0.2435 -0.9661
vn -0.8856 -0.0893 -0.4559
vn 0.4593 0.3594 0.8123
vn 0.8699 0.2198 0.4415
vn 0.8677 0.4779 0.1367
vn 0.2745 0.9614 0.0202
vn 0.0803 0.9968 -0.0030
vn -0.0284 0.9996 0.0055
vn -0.0212 0.9870 0.1592
vn 0.0979 0.9815 0.1646
vn 0.0526 0.9881 0.1445
vn 0.8374 0.4412 0.3227
vn -0.8871 0.4524 0.0914
vn -0.8293 0.4363 0.3492
vn 0.4077 0.8952 -0.1799
vn -0.5549 0.8254 0.1038
vn -0.8590 0.5119 0.0091
vn -0.8423 0.5379 0.0349
vn -0.4224 0.9045 -0.0595
vn 0.3554 0.8898 -0.2863
vn 0.2508 0.9454 -0.2083
vn 0.1395 0.9767 -0.1629
vn 0.0585 0.9817 -0.1814
vn 0.0732 0.9874 -0.1403
vn 0.0554 0.9611 0.2706
vn 0.5537 0.1358 -0.8216
vn 0.8713 0.0791 -0.4843
vn 0.5852 -0.2649 -0.7664
vn 0.0980 0.1240 -0.9874
vn 0.3524 0.1362 -0.9259
vn 0.2147 0.4651 -0.8588
vn 0.1733 0.4387 -0.8818
vn 0.4561 0.1160 -0.8824
vn 0.2868 0.5223 -0.8031
vn 0.3065 -0.3063 -0.9012
vn 0.3982 -0.2790 -0.8738
vn 0.9874 0.1121 -0.1114
vn 0.9859 0.0287 0.1647
vn 0.9807 0.0340 0.1927
vn 0.9644 0.0577 0.2582
vn 0.9916 0.1049 0.0759
vn 0.9646 0.0495 0.2591
vn 0.9931 0.0700 0.0941
vn 0.9997 -0.0207 0.0135
vn 0.4710 0.6666 0.5777
vn 0.8249 0.4384 0.3569
vn 0.8327 0.4342 0.3436
vn 0.4782 0.6733 0.5639
vn -0.6220 0.1123 -0.7749
vn -0.5725 -0.3455 -0.7435
vn -0.0054 -0.3288 -0.9444
vn -0.4973 -0.0238 -0.8673
vn 0.0290 0.0804 -0.9963
vn 0.3800 0.1049 -0.9190
vn 0.4677 0.0943 -0.8788
vn 0.9843 0.1391 -0.1086
vn 0.9862 0.0756 -0.1473
vn 0.9803 0.0350 -0.1942
vn 0.9675 0.1760 -0.1818
vn 0.9882 0.1409 -0.0599
vn 0.9995 0.0113 -0.0300
vn 0.9727 -0.1450 0.1811
vn 0.9991 -0.0301 0.0305
vn 0.9850 0.1621 -0.0596
vn 0.9972 -0.0104 -0.0743
vn 0.9948 -0.0460 -0.0911
vn 0.9921 0.0786 -0.0983
vn 0.9787 -0.2003 -0.0460
vn 0.9936 -0.1088 -0.0303
vn 0.9654 -0.0095 0.2605
vn 0.9687 0.0440 0.2444
vn 0.0311 0.7613 0.6476
vn 0.9828 -0.0895 0.1617
vn 0.9975 -0.0610 0.0369
vn 0.9822 -0.1203 0.1440
vn 0.9918 0.0006 -0.1278
vn 0.9792 -0.1995 -0.0380
vn 0.9885 -0.1208 -0.0907
vn 0.9906 0.0692 -0.1181
vn 0.8741 0.0735 0.4802
vn 0.4656 0.0146 0.8849
vn 0.9734 0.2229 -0.0525
vn 0.9597 0.2690 -0.0809
vn 0.9746 -0.1987 0.1036
vn 0.9585 0.2790 0.0580
vn 0.9828 0.1845 0.0019
vn 0.9802 0.1704 -0.1011
vn 0.9735 0.2280 -0.0149
vn 0.9959 0.0595 0.0674
vn 0.9950 0.0826 0.0555
vn 0.9986 -0.0322 -0.0413
vn 0.9949 0.0952 0.0323
vn 0.9989 -0.0287 -0.0364
vn 0.9994 0.0317 0.0158
vn 0.9930 0.1172 0.0145
vn 0.9802 0.1931 -0.0448
vn 0.9977 0.0674 0.0118
vn 0.9960 0.0894 -0.0014
vn 0.9959 -0.0392 0.0818
vn 0.9987 -0.0057 -0.0516
vn 0.9883 0.1522 0.0090
vn 0.9533 0.2950 -0.0645
vn 0.9997 -0.0115 -0.0212
vn 0.9918 0.1167 -0.0518
vn 0.9954 0.0902 0.0321
vn 0.9982 -0.0277 0.0533
vn 0.9988 -0.0288 0.0405
vn 0.9985 -0.0139 0.0525
vn 0.9921 0.1202 -0.0352
vn 0.9606 0.2739 -0.0476
vn 0.9988 -0.0497 0.0036
vn 0.9983 -0.0431 0.0387
vn 0.9982 -0.0377 0.0460
vn 0.9994 0.0360 0.0006
vn 0.9938 -0.1089 0.0210
vn 0.9970 0.0654 -0.0421
vn 0.9960 0.0881 0.0133
vn 0.9789 0.2042 -0.0036
vn 0.9713 0.2377 -0.0087
vn -0.9677 0.2265 -0.1105
vn -0.9994 0.0225 0.0256
vn -0.9937 -0.0800 0.0789
vn -0.9891 0.1460 -0.0166
vn -0.9857 0.0006 -0.1683
vn -0.9847 0.0465 -0.1681
vn -0.9963 0.0455 -0.0734
vn -0.9974 0.0015 -0.0725
vn -0.9927 0.0346 0.1152
vn -0.9882 0.1038 0.1124
vn -0.9908 0.1353 -0.0004
vn -0.9979 0.0363 0.0528
vn 0.9925 -0.0146 -0.1211
vn 0.9944 0.0174 -0.1047
vn 0.9971 0.0696 -0.0306
vn 0.9947 0.0102 -0.1026
vn 0.9970 0.0024 0.0771
vn 0.9850 0.1503 0.0847
vn 0.9841 0.0560 0.1683
vn 0.9759 0.1837 0.1181
vn 0.9909 0.0173 -0.1331
vn 0.9769 0.1171 -0.1787
vn 0.9922 0.1238 0.0169
vn 0.9994 0.0129 -0.0310
vn 0.9883 -0.0246 -0.1504
vn 0.9806 0.1563 -0.1181
vn 0.9928 0.0860 0.0830
vn 0.9950 0.0036 0.1002
vn 1.0000 -0.0048 -0.0014
vn 0.9837 -0.1699 0.0589
vn -0.5577 0.7968 -0.2325
vn -0.5054 0.8101 -0.2971
vn -0.1210 0.9606 -0.2504
vn -0.2809 0.9314 -0.2316
vn 0.9775 0.2029 -0.0583
vn 0.9937 0.0206 -0.1099
vn 0.9949 -0.1010 0.0068
vn 0.9882 -0.1168 -0.0989
vn 0.9815 0.0076 -0.1914
vn 0.9905 -0.1164 0.0734
vn 0.9675 0.1585 -0.1970
vn 0.9877 -0.1274 0.0911
vn 0.9741 0.2236 -0.0327
vn 0.9891 -0.1464 0.0140
vn 0.9771 0.2046 -0.0588
vn 0.9738 0.2051 -0.0983
vn 0.9662 0.2571 0.0164
vn 0.7151 -0.6989 0.0102
vn 0.7181 -0.6960 -0.0036
vn -0.0204 -0.9998 -0.0034
vn -0.0231 -0.9997 0.0007
vn 0.7014 -0.7120 0.0324
vn 0.6849 -0.7255 0.0676
vn -0.0005 -1.0000 0.0040
vn 0.0224 -0.9997 -0.0125
vn -0.0013 -1.0000 -0.0023
vn 0.7179 -0.6961 -0.0113
vn 0.0034 -1.0000 -0.0093
vn -0.0022 -1.0000 -0.0039
vn -0.0108 -0.9999 -0.0056
vn -0.0030 -1.0000 -0.0008
vn -0.0186 -0.9998 0.0008
vn -0.0008 -1.0000 -0.0019
vn -0.0170 -0.9999 0.0024
vn 0.0049 -1.0000 -0.0022
vn -0.6957 -0.7167 0.0480
vn -0.7071 -0.7043 0.0626
vn -0.9997 0.0122 0.0213
vn -0.9978 0.0381 0.0550
vn -0.9999 0.0107 0.0088
vn -1.0000 -0.0041 -0.0032
vn -0.9981 0.0508 0.0345
vn -0.9872 0.1589 0.0155
vn -0.9869 0.1053 0.1223
vn -0.9929 0.0726 -0.0937
vn -0.9809 -0.1047 -0.1637
vn -0.9975 -0.0713 -0.0021
vn -0.9869 0.1605 -0.0142
vn -0.9824 0.0461 -0.1811
vn -0.9929 0.0100 -0.1189
vn -0.9976 0.0688 -0.0014
vn -0.9926 -0.0318 0.1168
vn -0.9697 0.2033 0.1353
vn 0.0062 -1.0000 0.0017
vn -0.0007 -1.0000 0.0006
vn -0.0004 -1.0000 0.0010
vn 0.0014 -1.0000 0.0038
vn -0.9800 -0.1723 0.1001
vn -0.9743 -0.2224 -0.0354
vn -0.9943 0.0214 -0.1046
vn -0.9985 0.0190 0.0509
vn -0.9842 0.0799 -0.1579
vn -0.9893 0.0175 -0.1447
vn -0.9608 0.1147 -0.2525
vn -0.9655 0.2471 -0.0826
vn -0.9593 -0.2824 -0.0098
vn -0.9885 0.0055 -0.1510
vn -0.0164 -0.9999 -0.0034
vn -0.9955 -0.0010 0.0944
vn -0.9953 0.0124 0.0956
vn -0.9950 0.0328 0.0938
vn -0.9867 0.0278 0.1602
vn -0.9786 0.1208 -0.1664
vn -0.9215 0.2654 -0.2837
vn -0.9696 -0.2301 0.0832
vn -0.9949 0.0204 0.0992
vn -0.0216 -0.9998 0.0035
vn -0.9677 0.0438 0.2481
vn -0.9789 0.1908 -0.0738
vn -0.9970 -0.0729 -0.0275
vn -0.9929 0.1176 -0.0161
vn -0.9950 -0.0002 0.0995
vn -0.9868 -0.1112 -0.1178
vn -0.0325 -0.9995 -0.0001
vn 0.0009 -1.0000 -0.0080
vn -0.7107 -0.6992 0.0777
vn -0.7330 -0.6769 0.0675
vn -0.0148 -0.9999 -0.0061
vn -0.9596 0.0949 0.2648
vn -0.9833 0.0865 0.1601
vn -0.9924 -0.0836 0.0907
vn -0.9830 0.0246 0.1820
vn -0.9678 0.0761 0.2401
vn -0.9905 0.0387 0.1322
vn -0.9802 0.1121 0.1633
vn -0.9812 0.0593 0.1836
vn -0.9925 0.0129 0.1219
vn -0.9998 0.0145 0.0097
vn -0.9977 0.0584 0.0346
vn -0.9848 0.0517 -0.1659
vn -0.9832 -0.0141 -0.1819
vn -0.9942 0.0010 0.1075
vn -0.9967 -0.0351 0.0730
vn -0.9972 0.0062 0.0745
vn -0.9871 -0.1594 -0.0165
vn -0.9679 -0.2358 0.0865
vn -0.9975 -0.0555 0.0441
vn -0.9993 -0.0278 0.0257
vn -0.9767 -0.2017 0.0739
vn -0.9966 -0.0364 -0.0745
vn -0.9857 -0.0801 -0.1485
vn -0.9998 0.0137 0.0142
vn -0.9998 0.0151 0.0146
vn -0.9966 0.0167 -0.0803
vn -0.9967 -0.0130 -0.0805
vn 0.6649 -0.7469 -0.0088
vn 0.6419 -0.7638 -0.0674
vn -0.0214 -0.9998 -0.0004
vn -0.0220 -0.9998 0.0031
vn -0.9887 -0.1442 0.0408
vn -0.9704 0.2408 0.0200
vn -0.9639 0.2321 -0.1301
vn -0.9965 -0.0549 0.0637
vn -0.9624 0.2502 -0.1059
vn -0.9960 -0.0533 0.0717
vn -0.9756 0.2193 0.0055
vn -0.9977 -0.0667 -0.0104
vn -0.9753 0.2187 -0.0318
vn -0.9922 -0.1247 0.0067
vn -0.9739 0.2153 -0.0725
vn -0.9882 -0.1478 -0.0396
vn -0.9778 0.1983 -0.0677
vn -0.9734 0.1737 -0.1492
vn -0.9782 0.1062 -0.1786
vn -0.7191 -0.6949 -0.0015
vn -0.7279 -0.6857 0.0070
vn -0.7302 -0.6824 0.0350
vn -0.7099 -0.6785 -0.1889
vn -0.0276 -0.9996 -0.0058
vn -0.0214 -0.9998 -0.0001
vn -0.7268 -0.6864 -0.0247
vn -0.9780 0.0170 0.2079
vn -0.9842 0.1099 0.1390
vn -0.9758 0.0947 0.1972
vn -0.9926 0.0181 0.1201
vn -0.9773 0.0231 -0.2105
vn -0.9385 0.0918 -0.3329
vn -0.9722 0.2339 0.0121
vn -0.9842 0.1042 -0.1432
vn -0.9972 -0.0419 -0.0620
vn -0.9798 -0.1267 -0.1544
vn -0.9453 0.0278 -0.3249
vn -0.6029 0.7828 0.1537
vn -0.9700 0.2170 0.1100
vn -0.9769 0.2002 -0.0751
vn -0.5964 0.7673 -0.2359
vn -0.9983 0.0514 -0.0269
vn -0.9995 -0.0013 -0.0300
vn -0.9185 0.3069 0.2493
vn -0.9539 -0.2018 -0.2221
vn -0.9883 0.0809 -0.1296
vn -0.0004 -0.9998 -0.0178
vn -0.0046 -0.9999 -0.0104
vn -0.0095 -0.9999 -0.0124
vn 0.0026 -1.0000 -0.0062
vn -0.9675 -0.1052 -0.2301
vn -0.9927 -0.0980 0.0704
vn -0.9799 -0.1975 0.0298
vn -0.9937 -0.0421 -0.1037
vn -0.9584 0.2852 0.0127
vn -0.9827 0.1179 0.1426
vn -0.9682 -0.0771 0.2382
vn -0.9545 -0.2188 0.2024
vn 0.0008 -1.0000 0.0033
vn -0.0088 -1.0000 0.0029
vn -0.0025 -1.0000 0.0032
vn -0.0017 -1.0000 0.0001
vn -0.9873 0.1092 0.1154
vn 0.0012 -1.0000 0.0037
vn -0.0172 -0.9998 0.0039
vn -0.9911 0.0967 0.0920
vn -0.9935 0.0873 0.0733
vn -0.0016 -1.0000 -0.0018
vn -0.0402 -0.9992 0.0062
vn -0.0283 -0.9996 -0.0050
vn -0.9974 0.0028 0.0727
vn -0.9957 0.0507 0.0775
vn -0.9966 0.0459 0.0683
vn -0.9986 -0.0088 0.0528
vn -0.9994 0.0299 -0.0193
vn -0.9969 0.0782 0.0085
vn -0.9997 -0.0150 -0.0204
vn -0.9943 0.1048 0.0193
vn -0.9722 -0.0491 -0.2290
vn -0.9995 -0.0137 -0.0282
vn -0.9938 -0.1114 -0.0002
vn -0.9985 -0.0538 0.0067
vn -0.9960 -0.0769 0.0464
vn -0.9958 -0.0605 0.0692
vn -0.9950 -0.0935 -0.0352
vn -0.9944 -0.1045 -0.0161
vn -0.9986 -0.0095 0.0528
vn -0.9981 0.0113 0.0598
vn -1.0000 0.0066 -0.0055
vn -0.9990 0.0117 -0.0428
vn 0.7149 -0.6992 -0.0065
vn 0.7092 -0.7020 0.0649
vn -0.0321 -0.9995 -0.0048
vn -0.0199 -0.9998 -0.0057
vn -0.9899 -0.1026 -0.0980
vn -0.9338 0.3435 0.1004
vn -0.8886 0.4586 -0.0042
vn -0.9859 0.0307 -0.1643
vn -0.8561 0.4985 -0.1364
vn -0.9765 0.0136 -0.2152
vn -0.8926 0.3841 -0.2360
vn -0.9892 -0.0351 0.1425
vn -0.9589 0.2526 -0.1291
vn -0.9830 -0.0254 0.1817
vn -0.9238 0.3387 0.1784
vn -0.8475 0.4949 0.1918
vn -0.9383 0.3363 0.0810
vn -0.7194 -0.6943 -0.0171
vn -0.7285 -0.6816 0.0683
vn -0.7255 -0.6656 0.1750
vn -0.5927 -0.8045 -0.0390
vn -0.7238 -0.6799 -0.1178
vn 0.0046 -0.9997 0.0250
vn -0.0175 -0.9998 0.0050
vn -0.7051 -0.7090 -0.0126
vn -0.9904 -0.0054 0.1379
vn -0.9891 0.0067 0.1470
vn -0.9974 0.0291 -0.0665
vn -0.9996 -0.0024 -0.0299
vn -0.9814 0.1153 0.1533
vn -0.9818 0.1361 -0.1325
vn -0.9982 -0.0580 -0.0116
vn -0.9880 -0.1225 -0.0938
vn -0.9934 0.0730 -0.0887
vn -0.9869 0.0936 -0.1311
vn -0.9977 0.0248 -0.0637
vn -0.9913 0.1079 -0.0756
vn -0.9911 -0.1105 0.0746
vn -0.9886 0.0714 0.1324
vn -0.9966 -0.0819 0.0109
vn -0.9958 -0.0106 0.0911
vn -0.9896 -0.0928 0.1096
vn -0.9976 -0.0068 -0.0694
vn -0.9808 0.0898 -0.1732
vn -0.9997 0.0033 0.0237
vn -0.9991 -0.0061 -0.0410
vn -0.9882 -0.1289 -0.0832
vn -0.0021 -1.0000 0.0063
vn -0.0226 -0.9997 0.0043
vn -0.0184 -0.9998 0.0033
vn -0.0041 -1.0000 0.0034
vn -0.9855 -0.0931 -0.1418
vn 0.0002 -1.0000 0.0007
vn -0.0275 -0.9996 -0.0000
vn 0.0005 -1.0000 -0.0029
vn -0.0255 -0.9997 0.0011
vn -0.0293 -0.9996 0.0003
vn -0.9960 0.0876 -0.0180
vn -0.8821 0.4561 -0.1177
vn -0.8851 0.4617 -0.0580
vn -0.9995 -0.0133 -0.0290
vn -0.9785 0.2030 0.0353
vn -0.9828 -0.0087 -0.1845
vn -0.9988 0.0309 0.0386
vn -0.9933 -0.1099 -0.0348
vn -0.9879 -0.1302 0.0839
vn -0.9863 -0.1608 0.0375
vn -0.9889 -0.1459 0.0291
vn -0.9986 -0.0529 -0.0099
vn -0.9884 -0.0782 0.1300
vn -0.9975 -0.0615 0.0349
vn -0.9994 -0.0358 0.0024
vn -0.9867 -0.1354 -0.0897
vn -0.9729 0.1876 0.1352
vn -0.9655 0.2565 0.0451
vn -0.9945 -0.0057 -0.1042
vn -0.9626 0.2708 -0.0100
vn -0.9990 0.0318 -0.0300
vn -0.9430 0.3143 -0.1097
vn -0.9967 0.0367 0.0724
vn -0.9488 0.3153 0.0196
vn -0.9999 0.0129 0.0045
vn -0.9597 0.2422 0.1426
vn -0.9836 0.1749 0.0440
vn -0.9801 0.1852 0.0709
vn -0.6699 -0.7421 -0.0225
vn -0.7211 -0.6927 -0.0145
vn -0.7231 -0.6855 0.0849
vn -0.5762 -0.8167 -0.0321
vn -0.9910 0.0113 0.1334
vn -0.7151 -0.6948 0.0765
vn -0.6596 -0.7516 -0.0027
vn -0.9999 0.0140 -0.0031
vn -0.9917 0.0508 0.1182
vn -0.9766 0.2110 0.0412
vn -0.9649 0.2617 0.0243
vn -0.9986 0.0335 0.0407
vn -0.9997 0.0045 0.0255
vn -0.9974 -0.0692 -0.0187
vn -0.9791 0.2011 -0.0307
vn -0.9888 -0.1493 0.0022
vn -0.9942 -0.1063 0.0135
vn -0.9981 -0.0579 -0.0222
vn -0.9789 0.1945 -0.0623
vn 0.1402 0.8358 -0.5308
vn -0.9968 0.0435 0.0677
vn -0.9859 -0.1500 0.0738
vn -0.9869 -0.1533 0.0505
vn -0.9917 0.0339 0.1242
vn -0.9946 0.0956 0.0408
vn -0.9904 0.1370 0.0171
vn -0.9877 0.1543 0.0245
vn -0.0015 -1.0000 0.0032
vn 0.6617 -0.7483 -0.0458
vn 0.6947 -0.7164 0.0638
vn 0.6625 -0.7402 0.1145
vn 0.9940 0.0504 0.0970
vn 0.6141 -0.7887 0.0291
vn 0.9910 0.0421 0.1274
vn 0.6771 -0.7349 -0.0377
vn 0.9995 0.0083 0.0302
vn -0.0047 -1.0000 -0.0055
vn -0.0018 -1.0000 -0.0017
vn -0.0012 -1.0000 -0.0020
vn 0.9984 0.0013 -0.0571
vn 0.9989 0.0170 -0.0439
vn 0.6697 -0.7410 -0.0492
vn 0.6781 -0.7350 -0.0006
vn -0.0331 -0.9994 0.0058
vn -0.0278 -0.9996 0.0009
vn 0.6694 -0.7413 -0.0487
vn 0.9987 0.0284 -0.0414
vn 0.9936 0.0634 0.0937
vn 0.6848 -0.7287 0.0045
vn 0.9970 -0.0118 -0.0771
vn 0.6718 -0.7386 0.0568
vn 0.9996 -0.0003 0.0265
vn 0.6242 -0.7812 -0.0075
vn 0.9977 0.0070 0.0676
vn -0.0186 -0.9998 -0.0026
vn -0.0050 -1.0000 -0.0027
vn -0.0049 -1.0000 -0.0025
vn -0.0206 -0.9998 -0.0037
vn -0.0229 -0.9997 -0.0091
vn 0.9998 -0.0063 -0.0179
vn 0.9973 -0.0253 -0.0688
vn 0.6617 -0.7488 -0.0392
vn -0.0314 -0.9993 -0.0187
vn -0.0767 -0.9967 -0.0246
vn -0.0203 -0.9998 0.0066
vn 0.6416 -0.7670 -0.0117
vn 0.7035 -0.7102 -0.0278
vn 0.9975 -0.0663 0.0225
vn 0.6169 -0.7870 -0.0012
vn 0.9974 -0.0679 -0.0231
vn 0.9987 0.0467 0.0204
vn 0.0138 -0.9998 -0.0170
vn 0.0202 -0.9998 0.0030
vn -0.9862 0.0629 0.1532
vn -0.9732 0.1270 0.1915
vn 0.9990 0.0145 0.0413
vn -0.1084 -0.9941 0.0023
vn -0.0240 -0.9996 0.0123
vn 0.7236 -0.6883 -0.0525
vn -0.9966 0.0819 0.0038
vn -0.9763 0.2037 0.0727
vn 0.9965 0.0841 0.0017
vn -0.0240 -0.9997 0.0037
vn 0.6786 -0.7345 0.0058
vn -0.9816 0.0820 -0.1724
vn -0.9490 0.2833 -0.1386
vn 0.9909 0.1266 0.0452
vn -0.0281 -0.9996 -0.0068
vn -0.9950 0.0664 -0.0740
vn -0.9421 0.3312 -0.0522
vn 0.9886 0.1502 0.0102
vn -0.9906 0.1160 0.0730
vn -0.9626 0.2380 -0.1296
vn -0.9601 0.2783 -0.0271
vn -0.9971 0.0750 0.0109
vn -0.9213 0.3802 0.0819
vn -0.9981 0.0573 0.0222
vn -0.9992 0.0083 0.0400
vn -0.9955 0.0828 0.0470
vn -0.9998 -0.0127 -0.0167
vn -0.9301 0.3671 0.0074
vn -0.0089 -0.9998 0.0189
vn -0.0191 -0.9997 0.0132
vn -0.0217 -0.9998 0.0053
vn -0.7106 -0.7035 -0.0124
vn -0.7168 -0.6964 -0.0361
vn -0.7099 -0.6990 -0.0856
vn -0.9678 0.2050 0.1460
vn -0.9549 -0.2536 0.1543
vn -0.9617 -0.2730 -0.0265
vn -0.9865 0.1601 -0.0346
vn -0.9977 -0.0186 -0.0650
vn -0.9878 -0.0042 -0.1559
vn -0.9599 -0.2777 -0.0390
vn -0.9934 0.0942 -0.0660
vn -0.9757 -0.2192 -0.0039
vn -0.9731 -0.2288 -0.0268
vn -0.9687 -0.2447 0.0414
vn -0.9923 0.0451 0.1150
vn -0.9793 -0.2001 -0.0288
vn -0.9933 -0.1142 -0.0156
vn -0.9831 0.0977 0.1548
vn -0.9779 -0.1452 -0.1506
vn 0.9826 0.0088 -0.1856
vn -0.9443 0.3219 -0.0684
vn -0.8575 0.4727 -0.2030
vn -0.9632 0.2680 -0.0219
vn -0.9727 -0.2302 -0.0303
vn -0.9725 -0.1440 -0.1833
vn -0.9850 -0.1696 -0.0301
vn -0.9644 -0.2560 -0.0670
vn -0.9482 -0.2259 -0.2236
vn -0.9764 -0.2154 0.0131
vn -0.9587 -0.2061 0.1958
vn -0.9925 -0.1023 -0.0668
vn -0.9631 -0.1022 -0.2490
vn -0.9961 -0.0879 0.0019
vn -0.9747 -0.0564 0.2162
vn -0.9553 0.2015 -0.2164
vn -0.9743 0.2213 0.0408
vn -0.9988 -0.0397 0.0279
vn -0.9558 0.2046 0.2110
vn -0.9988 -0.0465 -0.0137
vn -0.9693 0.2412 0.0476
vn -0.9985 -0.0165 -0.0530
vn -0.9744 0.2243 0.0120
vn -0.9865 -0.0112 -0.1632
vn -0.9685 0.2478 -0.0231
vn -0.9707 0.2245 -0.0854
vn -0.9817 0.1770 0.0699
vn 0.9795 0.1526 0.1314
vn 0.9913 0.0397 0.1254
vn 0.9896 0.0089 0.1437
vn -0.3068 0.9246 -0.2260
vn -0.3543 0.9123 -0.2055
vn -0.2731 0.9577 -0.0910
vn -0.3750 0.9246 -0.0668
vn 0.9908 -0.0901 0.1006
vn 0.9889 0.1362 0.0589
vn 0.9939 0.0753 -0.0801
vn 0.9937 -0.0142 -0.1108
vn 0.9982 -0.0406 0.0432
vn 0.9908 0.1277 0.0452
vn 0.9927 0.1208 -0.0008
vn 0.9974 -0.0582 0.0420
vn 0.9955 0.0737 0.0601
vn 0.9846 0.1738 -0.0209
vn 0.9972 0.0401 0.0629
vn 0.9870 -0.0847 0.1364
vn 0.9942 0.1036 -0.0293
vn 0.9963 0.0841 -0.0190
vn 0.9865 0.1585 0.0402
vn 0.9822 0.1820 -0.0474
vn 0.9917 0.1123 -0.0626
vn 0.9889 -0.0766 -0.1273
vn 0.9981 -0.0584 -0.0184
vn 0.9935 0.0414 -0.1060
vn 0.9904 -0.0145 -0.1373
vn 0.9897 -0.0930 -0.1092
vn 0.2187 0.9729 0.0744
vn 0.8932 0.4484 0.0339
vn 0.8009 0.5985 0.0211
vn 0.1801 0.9834 0.0194
vn 0.9933 -0.1041 -0.0508
vn 0.9906 -0.1335 -0.0286
vn 0.9953 -0.0816 -0.0521
vn 0.9973 0.0656 0.0344
vn 0.9696 0.2254 0.0955
vn -0.6991 0.7148 0.0175
vn -0.6370 0.7646 -0.0979
vn -0.1532 0.9750 -0.1611
vn -0.1726 0.9846 0.0265
vn 0.9960 -0.0460 -0.0763
vn 0.9716 0.2342 -0.0344
vn 0.9970 0.0471 0.0616
vn 0.9952 -0.0784 0.0585
vn 0.9864 0.0710 0.1485
vn 0.9855 -0.0842 0.1476
vn 0.9989 0.0323 -0.0340
vn 0.9864 -0.0820 0.1422
vn 0.9488 0.2793 0.1477
vn 0.9972 -0.0025 0.0753
vn 0.9989 -0.0194 -0.0427
vn 0.9703 0.1974 0.1399
vn 0.9957 0.0590 0.0717
vn 0.9902 0.1249 -0.0619
vn 0.9929 -0.0561 -0.1054
vn 0.9980 -0.0585 -0.0243
vn 0.9897 0.1243 -0.0710
vn 0.9969 0.0389 -0.0690
vn 0.5325 0.8023 0.2698
vn 0.9589 0.2013 0.1997
vn 0.9650 0.2513 0.0751
vn 0.6550 0.7499 0.0926
vn 0.9903 -0.1387 -0.0012
vn 0.9999 -0.0077 -0.0139
vn -0.0222 0.9966 -0.0791
vn -0.1051 0.9859 -0.1305
vn 0.9994 0.0326 0.0071
vn 0.9948 0.0708 0.0733
vn 0.9908 -0.1350 -0.0128
vn 0.9995 -0.0300 0.0075
vn 0.9986 0.0471 -0.0220
vn 0.9905 0.1119 0.0804
vn 0.9917 -0.1256 0.0264
vn 0.9948 -0.0827 0.0589
vn 1.0000 -0.0050 0.0005
vn 0.9909 0.1337 -0.0146
vn 0.9876 -0.1429 0.0647
vn 0.9935 -0.0886 0.0722
vn 0.9979 -0.0592 0.0273
vn 0.9796 0.1287 -0.1546
vn 0.9948 0.0502 -0.0884
vn 0.9878 0.1102 -0.1098
vn 0.9829 0.1421 -0.1167
vn 0.9981 0.0598 -0.0126
vn 0.9993 -0.0017 0.0379
vn 0.9910 -0.0971 -0.0923
vn 0.9888 -0.0723 -0.1302
vn 0.9868 -0.1365 0.0875
vn 0.9892 -0.0942 0.1125
vn 0.9960 0.0755 -0.0481
vn 0.9869 0.0993 0.1270
vn 0.9868 -0.0991 -0.1284
vn 0.9940 -0.0465 -0.0988
vn 0.9935 -0.0004 0.1136
vn 0.9920 0.1079 -0.0650
vn 0.9930 -0.0230 0.1159
vn 0.9892 0.0950 0.1117
vn 0.9839 -0.1512 0.0953
vn 0.9871 0.1575 -0.0291
vn -0.0381 0.9942 -0.1008
vn 0.0011 0.9869 0.1614
vn 0.9625 0.1962 0.1872
vn 0.9860 0.1560 0.0595
vn 0.9488 0.3118 0.0497
vn 0.9960 0.0804 -0.0394
vn 0.9511 0.2937 -0.0955
vn 0.9945 0.0743 0.0733
vn 0.9712 0.2345 -0.0431
vn 0.9559 0.2865 -0.0645
vn 0.9941 0.0509 0.0961
vn 0.9862 0.1653 -0.0098
vn 0.8400 0.5412 -0.0387
vn 0.9956 0.0897 0.0255
vn 0.8613 0.5065 -0.0410
vn 0.9797 0.1068 -0.1697
vn 0.9996 0.0143 -0.0225
vn 0.8829 0.4458 0.1474
vn 0.9988 0.0323 0.0368
vn 0.9904 -0.0131 0.1378
vn 0.9840 0.1106 0.1396
vn 0.9768 -0.1879 0.1025
vn 0.9950 0.0571 0.0817
vn 0.9981 0.0088 0.0615
vn 0.9896 0.1226 0.0751
vn 0.9789 -0.2024 0.0283
vn 0.9987 0.0501 -0.0102
vn 0.9943 0.0663 -0.0836
vn 0.9887 0.0903 -0.1201
vn 0.9844 -0.1747 0.0217
vn -0.5028 0.8401 0.2036
vn -0.8554 0.4734 0.2100
vn 0.4572 -0.0122 0.8893
vn 0.7359 0.6664 0.1199
vn 0.9829 0.1030 -0.1524
vn 0.9975 0.0512 0.0477
vn 0.6777 0.7254 -0.1202
vn 0.9928 0.0126 0.1193
vn 0.9976 -0.0336 0.0608
vn 0.9957 0.0327 0.0869
vn 0.9921 -0.1252 -0.0071
vn 0.9951 0.0552 0.0823
vn 0.9813 -0.1917 0.0201
vn 0.9339 0.3566 0.0250
vn 0.9981 0.0151 -0.0591
vn 0.9248 0.3540 0.1395
vn 0.9407 0.3180 0.1179
vn -0.9000 0.4343 -0.0385
vn -0.9021 0.3959 0.1717
vn 0.0105 0.0005 0.9999
vn 0.0049 -0.0009 1.0000
vn -0.0161 -0.0064 0.9999
vn 0.0037 0.0007 1.0000
vn -0.7322 -0.6203 0.2813
vn -0.0098 -0.0048 0.9999
vn -0.0510 -0.0223 0.9985
vn 0.0097 0.0052 0.9999
vn 0.0027 0.0036 1.0000
vn -0.5231 0.0018 0.8523
vn -0.8875 -0.0000 0.4608
vn -0.4600 0.3579 0.8126
vn -0.8792 0.2199 0.4226
vn -0.8882 0.4558 0.0583
vn -0.0044 0.9893 0.1459
vn -0.0216 0.9899 0.1401
vn -0.0099 0.9871 0.1598
vn 0.0079 0.9871 0.1600
vn -0.5030 0.8495 0.1592
vn -0.4375 0.8910 0.1212
vn -0.0184 0.9977 -0.0658
vn -0.0511 0.9948 -0.0886
vn -0.0142 0.9917 0.1274
vn 0.0310 0.9922 0.1208
vn 0.4987 0.0051 0.8668
vn -0.0313 -0.0146 0.9994
vn 0.5650 0.8248 -0.0217
vn 0.5750 0.8084 0.1263
vn 0.5135 0.0004 0.8581
vn 0.8762 0.4811 0.0290
vn 0.8691 0.4860 -0.0919
vn 0.0145 0.0066 0.9999
vn 0.0185 0.4218 0.9065
vn 0.0129 0.4175 0.9086
vn 0.0070 0.4145 0.9100
vn 0.6196 0.7796 0.0910
vn 0.0320 0.9874 0.1553
vn 0.6238 0.7601 0.1822
vn -0.8997 0.4261 0.0947
vn 0.7509 0.6573 -0.0637
vn 0.5519 0.8312 0.0677
vn 0.5039 0.8613 0.0647
vn 0.6829 0.7218 0.1123
vn 0.6757 0.7244 0.1366
vn 0.0659 0.9843 0.1635
vn 0.0620 0.9434 0.3258
vn 0.6387 0.7325 0.2356
vn -0.4827 0.8581 0.1750
vn 0.0202 0.9491 0.3144
vn -0.5218 0.8447 0.1190
vn -0.8578 0.5039 0.1014
vn -0.8610 0.4908 0.1334
vn 0.1137 0.9812 0.1560
vn -0.5496 0.8300 0.0949
vn 0.0697 0.9913 0.1115
vn -0.8576 0.5140 0.0177
vn 0.2587 0.9644 -0.0558
vn -0.4358 0.9000 -0.0096
vn 0.0694 0.9958 -0.0592
vn -0.8631 0.5049 0.0112
vn 0.3290 0.9396 0.0946
vn 0.8287 0.5553 0.0692
vn 0.0400 0.9888 0.1436
vn -0.8695 0.4911 0.0532
vn 0.0346 0.9737 0.2252
vn -0.1065 0.9811 0.1612
vn -0.0878 0.9781 0.1887
vn 0.0091 0.9801 0.1982
vn -0.5683 0.8110 0.1392
vn -0.5498 0.8237 0.1391
vn 0.0227 0.9438 0.3297
vn -0.1642 0.9864 0.0037
vn -0.3409 0.9389 0.0484
vn 0.2848 0.9567 -0.0604
vn -0.0372 0.9913 0.1259
vn 0.9323 0.3500 0.0909
vn 0.5998 0.7794 0.1811
vn -0.9234 0.3800 -0.0537
vn -0.9002 0.4351 -0.0188
vn -0.8673 0.4956 0.0475
vn 0.0834 0.9887 0.1243
vn 0.1269 0.9896 -0.0672
vn 0.1247 0.9846 0.1224
vn -0.9993 0.0296 0.0208
vn -0.9099 0.1121 0.3993
vn -0.1119 0.9937 0.0094
vn -0.4605 0.6691 0.5833
vn -0.8275 0.4287 0.3627
vn 0.6033 0.7828 0.1526
vn 0.1293 0.9718 0.1974
vn 0.1301 0.9653 0.2266
vn -0.5858 0.7822 0.2122
vn -0.0705 0.9732 0.2189
vn -0.5784 0.8147 0.0415
vn -0.9018 0.4266 0.0685
vn -0.8948 0.4427 0.0587
vn 0.1172 0.9863 0.1164
vn -0.6516 0.7497 0.1155
vn -0.1014 0.9831 0.1521
vn -0.8869 0.4564 0.0715
vn 0.0037 0.9568 0.2906
vn -0.5137 0.8320 0.2096
vn -0.0866 0.9349 0.3442
vn -0.8938 0.4043 0.1940
vn -0.0835 0.9796 0.1827
vn 0.5410 0.8193 0.1898
vn -0.9222 0.3838 0.0478
vn 0.5486 0.8297 -0.1033
vn 0.3642 0.9312 -0.0107
vn 0.1491 0.9494 0.2763
vn -0.2803 0.9456 0.1651
vn -0.1963 0.9796 0.0429
vn -0.3978 0.8624 0.3131
vn 0.0220 0.9745 0.2231
vn 0.4510 0.8842 0.1213
vn -0.1816 0.9815 0.0602
vn 0.5267 0.8481 -0.0575
vn 0.7856 0.5997 0.1524
vn 0.4763 0.8784 -0.0379
vn 0.8670 0.4982 0.0071
vn 0.8461 0.5329 -0.0114
vn 0.3373 0.9389 0.0679
vn 0.8956 0.4427 0.0442
vn 0.8883 0.4586 -0.0251
vn -0.8706 0.4635 -0.1651
vn -0.8878 0.4121 -0.2050
vn -0.9016 0.4252 -0.0793
vn 0.0058 0.9907 0.1359
vn -0.0704 0.9410 0.3310
vn 0.9794 0.1605 0.1223
vn 0.9771 0.2080 0.0452
vn -0.1226 0.9767 0.1759
vn 0.4337 0.8993 -0.0556
vn 0.8942 0.4425 0.0681
vn -0.3412 0.9354 0.0928
vn -0.3459 0.9297 0.1268
vn -0.1172 0.9873 0.1074
vn -0.2772 0.9370 -0.2125
vn -0.9272 0.3722 -0.0424
vn -0.9491 0.3023 0.0881
vn -0.1910 0.9748 -0.1150
vn -0.1613 0.9513 -0.2627
vn -0.9575 0.2436 0.1542
vn -0.1493 0.9834 -0.1029
vn -0.5981 0.7995 -0.0550
vn -0.1750 0.9840 -0.0338
vn -0.0186 0.9654 -0.2602
vn -0.4144 0.9036 0.1083
vn 0.2451 0.9478 -0.2039
vn 0.8620 0.4345 -0.2611
vn 0.8373 0.5465 -0.0156
vn -0.9666 0.2368 -0.0982
vn -0.2789 0.9370 -0.2105
vn -0.2099 0.9759 -0.0592
vn 0.9013 0.4331 0.0077
vn -0.2226 0.9745 0.0281
vn 0.9484 0.3138 -0.0447
vn -0.8541 0.4622 -0.2385
vn 0.0214 0.9065 -0.4217
vn -0.5332 0.8178 -0.2165
vn -0.0744 0.9513 -0.2993
vn -0.8631 0.4761 -0.1684
vn -0.1138 0.9357 -0.3339
vn -0.5609 0.8111 -0.1660
vn -0.2190 0.9427 -0.2519
vn -0.8646 0.4801 -0.1485
vn -0.2039 0.9371 -0.2832
vn 0.3961 0.8730 -0.2846
vn -0.8622 0.4907 -0.1254
vn -0.8745 0.4774 0.0860
vn -0.9587 0.2495 0.1364
vn -0.8841 0.2216 0.4114
vn -0.8369 0.4248 0.3452
vn 0.3243 0.9120 -0.2513
vn -0.8239 0.4371 0.3607
vn 0.0319 0.8918 -0.4512
vn -0.0088 0.9328 -0.3602
vn -0.1755 0.9371 -0.3017
vn 0.9064 0.4118 0.0935
vn -0.3174 0.9145 -0.2507
vn -0.4576 0.6772 0.5761
vn -0.9863 -0.0334 0.1613
vn -0.8890 -0.0001 0.4580
vn 0.0168 0.7594 0.6504
vn -0.8773 0.4302 0.2129
vn -0.8915 0.4463 0.0774
vn 0.0094 0.7540 0.6568
vn 0.9459 0.3245 -0.0046
vn 0.9379 0.0679 -0.3403
vn 0.9164 0.3715 -0.1493
vn -0.9427 0.3127 0.1166
vn -0.9468 0.2815 0.1560
vn -0.8743 0.4815 -0.0609
vn 0.0157 0.7577 0.6525
vn 0.0189 0.7613 0.6481
vn -0.8888 -0.0839 -0.4505
vn -0.8526 0.2791 -0.4418
vn -0.4926 0.5258 -0.6935
vn -0.4035 0.6832 -0.6087
vn -0.8080 0.4122 -0.4210
vn 0.0246 0.7645 0.6442
vn 0.0167 0.7653 0.6435
vn -0.8856 0.4622 0.0457
vn -0.8874 0.4579 0.0529
vn -0.9455 -0.1660 0.2801
vn -0.9337 0.2641 -0.2418
vn 0.8092 0.5876 0.0016
vn 0.8135 0.5661 -0.1328
vn -0.9119 0.4073 0.0500
vn -0.9175 0.3959 0.0390
vn 0.3924 0.7257 -0.5651
vn 0.4258 0.6189 -0.6600
vn 0.3039 0.6561 -0.6908
vn 0.1791 0.7966 -0.5773
vn -0.9252 0.3756 0.0543
vn -0.9215 0.3694 -0.1196
vn -0.8889 0.2976 -0.3483
vn 0.8603 0.0072 0.5098
vn 0.8182 0.0253 0.5743
vn 0.8015 0.5219 -0.2920
vn 0.6504 0.6175 -0.4425
vn 0.8337 0.4256 -0.3518
vn 0.0138 0.6863 -0.7272
vn 0.8788 0.4763 -0.0280
vn 0.8801 0.4520 -0.1456
vn 0.5931 0.5735 -0.5651
vn 0.8547 0.5085 -0.1051
vn 0.8663 0.4995 0.0098
vn 0.8659 0.4788 0.1448
vn 0.8319 0.4503 0.3243
vn 0.8646 0.5012 0.0350
vn 0.9889 0.1479 -0.0148
vn 0.9968 0.0039 0.0800
vn -0.9813 0.1863 -0.0481
vn 0.9974 -0.0662 0.0299
vn 0.9979 0.0276 -0.0589
vn 0.9396 0.3379 -0.0537
vn 0.0359 0.8026 -0.5955
vn -0.9127 -0.0911 0.3984
vn -0.9865 -0.1290 0.1010
vn -0.9962 -0.0842 0.0244
vn -0.9629 0.2692 -0.0184
vn -0.9854 -0.1693 0.0151
vn -0.8922 0.4135 -0.1817
vn -0.9389 0.3442 0.0027
vn -0.9654 -0.2109 0.1534
vn -0.9886 -0.1266 0.0814
vn -0.9869 -0.0819 0.1389
vn -0.8676 0.4928 -0.0668
vn -0.9207 0.3766 -0.1025
vn -0.8797 0.4530 -0.1445
vn -0.8692 0.4342 -0.2366
vn -0.9374 -0.0975 -0.3343
vn 0.5923 0.8040 0.0517
vn 0.7735 0.6164 0.1472
vn 0.9346 0.3399 0.1051
vn 0.7542 0.6381 -0.1550
vn 0.3479 0.9288 0.1273
vn 0.5037 0.8489 0.1603
vn 0.7429 0.6642 0.0838
vn 0.6974 0.6767 0.2359
vn 0.8610 0.0544 0.5057
vn -0.8809 0.4683 -0.0687
vn -0.8869 0.4586 -0.0552
vn -0.8768 0.4733 -0.0850
vn -0.8425 0.5386 -0.0076
vn -0.8451 0.5326 0.0468
vn -0.8745 0.4605 -0.1523
vn -0.9679 0.2394 -0.0759
vn -0.9690 0.2466 -0.0160
vn -0.9714 0.2375 0.0006
vn -0.9959 -0.0818 0.0387
vn -0.9958 -0.0620 0.0670
vn -0.8742 0.4849 0.0235
vn -0.8612 0.5067 -0.0409
vn -0.9688 0.2380 0.0695
vn -0.8689 0.4909 0.0628
vn -0.8515 0.5145 -0.1014
vn -0.9987 0.0393 0.0334
vn -0.9681 -0.2468 0.0426
vn -0.9916 0.0804 -0.1013
vn -0.9680 -0.2351 0.0878
vn -0.8854 0.4648 -0.0024
vn -0.8824 0.4703 0.0155
vn -0.8924 0.4361 0.1156
vn -0.7351 0.6611 -0.1502
vn -0.7579 0.6515 -0.0331
vn -0.8763 0.4651 0.1256
vn -0.9214 0.3829 0.0671
vn -0.8776 0.4272 0.2177
vn -0.9081 0.4133 0.0671
vn -0.8745 0.4622 -0.1471
vn -0.8494 0.5197 0.0918
vn -0.7674 0.6116 0.1924
vn -0.8582 0.4913 0.1486
vn -0.8925 0.4318 0.1302
vn -0.8817 0.4460 -0.1537
vn 0.9255 0.3779 0.0247
vn 0.8898 0.4508 0.0713
vn 0.8707 0.4179 -0.2591
vn 0.9093 0.3208 -0.2652
vn 0.9941 0.1061 0.0234
vn 0.9733 0.2028 0.1075
vn 0.8983 0.4391 -0.0150
vn 0.8909 0.4377 0.1212
vn 0.8449 0.5039 -0.1792
vn 0.8843 0.4378 -0.1625
vn 0.8898 0.4416 -0.1151
vn 0.8285 0.5330 -0.1718
vn 0.8774 0.4509 -0.1637
vn 0.9356 0.3359 0.1088
vn 0.9225 0.3845 0.0334
vn 0.8874 0.4610 0.0064
vn 0.9137 0.3942 0.0988
vn 0.9046 0.4160 0.0932
vn 0.8935 0.4326 0.1204
vn 0.8935 0.4437 -0.0688
vn 0.9136 0.3977 -0.0840
vn 0.3234 0.9458 -0.0291
vn 0.9186 0.3948 -0.0186
vn 0.9791 0.2014 0.0271
vn 0.9043 0.4268 -0.0051
vn 0.9892 0.1193 0.0853
vn 0.9584 0.2539 -0.1301
vn 0.8939 0.4374 -0.0984
vn 0.3858 0.8793 0.2794
vn -0.9738 -0.2249 0.0346
vn -0.9627 -0.2683 0.0346
vn -0.0133 -0.9999 0.0093
vn 0.0052 -0.9998 0.0185
vn 0.0092 -0.9999 0.0049
vn 0.0054 -1.0000 0.0007
vn 0.0471 0.9926 -0.1116
vn 0.0289 0.9936 -0.1093
vn -0.0232 0.9929 -0.1163
vn -0.0001 0.9932 -0.1160
vn 0.5822 0.8103 -0.0664
vn 0.5836 0.8080 -0.0811
vn 0.1347 0.9856 -0.1025
vn 0.1659 0.9807 -0.1031
vn -0.5175 0.8507 -0.0922
vn -0.5224 0.8464 -0.1036
vn -0.1225 0.9916 0.0404
vn -0.0708 0.9879 -0.1380
vn -0.0577 0.9916 -0.1156
vn -0.1093 0.9920 0.0627
vn 0.5957 0.8015 -0.0536
vn 0.1063 0.9896 -0.0968
vn -0.0420 0.9897 -0.1370
vn -0.5404 0.8313 -0.1296
vn -0.4207 0.9057 -0.0516
vn -0.8819 0.4695 -0.0436
vn -0.8734 0.4837 -0.0571
vn -0.5618 0.8071 -0.1815
vn 0.5788 0.8155 -0.0023
vn 0.0414 0.9963 -0.0758
vn -0.3451 0.7283 0.5920
vn -0.3769 0.8815 0.2845
vn -0.8755 0.4702 0.1111
vn -0.8346 0.4281 0.3467
vn 0.1451 0.7889 0.5971
vn 0.1843 0.9174 0.3527
vn -0.0437 -0.9990 -0.0070
vn -0.0789 -0.9969 -0.0004
vn -0.0428 -0.9989 0.0187
vn -0.0039 -1.0000 -0.0047
vn 0.5356 0.8434 0.0419
vn 0.1536 0.9685 0.1960
vn 0.3050 0.8289 0.4689
vn 0.6369 0.7256 0.2604
vn 0.4624 0.8811 0.0993
vn 0.5235 0.7642 0.3767
vn 0.0159 0.9129 0.4079
vn -0.1715 0.9637 0.2048
vn -0.4636 0.8379 0.2882
vn 0.1430 0.9442 0.2968
vn 0.1013 0.8912 0.4421
vn -0.4199 0.8408 0.3417
vn 0.4840 0.8695 0.0987
vn -0.1570 0.9766 0.1471
vn 0.9428 0.3321 -0.0293
vn 0.9286 0.3711 -0.0050
vn 0.1088 0.9528 0.2834
vn 0.1481 0.9885 -0.0314
vn 0.0645 0.9978 -0.0170
vn -0.0142 -0.9999 0.0053
vn -0.0191 -0.9998 0.0018
vn -0.7113 -0.7023 -0.0283
vn -0.7061 -0.7068 -0.0429
vn 0.0804 0.9965 -0.0223
vn 0.5790 0.8143 -0.0412
vn 0.2986 0.9528 -0.0549
vn 0.3157 0.9404 -0.1266
vn 0.8446 0.5199 -0.1278
vn 0.8417 0.5399 0.0018
vn -0.4219 0.2370 0.8751
vn -0.4480 0.4261 0.7859
vn -0.8972 0.2697 0.3497
vn -0.8679 0.1783 0.4637
vn -0.0307 0.9951 0.0936
vn 0.5631 0.8204 0.0992
vn -0.5555 0.8310 0.0293
vn -0.8743 -0.2817 0.3952
vn -0.9096 -0.0620 0.4108
vn -0.9748 0.0296 0.2209
vn -0.9635 -0.1921 0.1863
vn -0.0484 0.9924 0.1129
vn -0.5219 0.8228 0.2248
vn -0.1362 0.9852 0.1045
vn 0.5136 -0.0090 -0.8580
vn 0.5069 -0.0061 -0.8620
vn 0.8733 -0.0201 -0.4867
vn 0.8720 -0.0159 -0.4893
vn 0.4092 0.8625 0.2977
vn 0.4953 0.7801 0.3823
vn 0.8352 0.4749 0.2774
vn 0.8575 0.4960 0.1365
vn -0.0037 0.9925 -0.1224
vn -0.0063 -0.9999 0.0100
vn 0.0102 -0.9999 0.0090
vn -0.9871 0.1575 0.0294
vn -0.9987 -0.0221 0.0465
vn -0.9990 -0.0022 0.0449
vn -0.9875 0.1551 0.0293
vn -0.9042 -0.0531 0.4238
vn -0.6191 -0.7330 0.2818
vn -0.4319 -0.6610 0.6137
vn -0.5416 -0.0872 0.8361
vn 0.9016 -0.0609 0.4283
vn 0.6472 -0.6891 0.3261
vn 0.7810 -0.6075 0.1447
vn 0.9853 0.0285 0.1686
vn 0.0192 -0.9998 -0.0015
vn 0.0169 -0.9998 0.0064
vn 0.0326 -0.9995 0.0039
vn -0.9469 0.0365 0.3194
vn -0.8827 -0.2571 0.3932
vn -0.9625 -0.0193 0.2707
vn 0.8539 0.3050 0.4217
vn 0.8755 0.3080 0.3723
vn 0.6519 0.4571 0.6051
vn 0.5440 0.3488 0.7632
vn -0.9793 0.1627 0.1207
vn -0.9905 -0.0311 0.1337
vn 0.9955 0.0911 0.0242
vn 0.6992 -0.7120 0.0645
vn 0.7137 -0.6985 0.0518
vn 0.9901 0.1350 0.0389
vn 0.0757 -0.0827 0.9937
vn 0.1257 -0.1226 0.9845
vn 0.2535 -0.1339 0.9580
vn 0.2008 -0.1343 0.9704
vn -0.7524 -0.6579 0.0335
vn -0.7159 -0.6974 0.0347
vn 0.2533 0.9469 0.1979
vn 0.3733 0.9268 -0.0402
vn 0.6530 0.7543 0.0682
vn 0.6481 0.7562 0.0901
vn 0.0111 0.2733 0.9619
vn -0.0268 -0.0869 0.9959
vn 0.0540 -0.0925 0.9943
vn 0.0762 0.3277 0.9417
vn 0.9917 -0.0504 0.1181
vn 0.9277 -0.1421 0.3454
vn 0.1287 -0.8381 0.5301
vn -0.0062 -0.9998 -0.0168
vn 0.6556 -0.6904 0.3058
vn 0.5120 -0.6371 0.5762
vn 0.9997 0.0230 -0.0126
vn 0.9988 0.0300 -0.0395
vn 0.9998 -0.0198 0.0090
vn 0.9979 -0.0419 0.0492
vn 0.8880 -0.0601 0.4558
vn 0.7731 0.0043 0.6342
vn 0.0352 -0.9993 -0.0108
vn 0.0028 -1.0000 -0.0075
vn 0.0066 -1.0000 0.0021
vn 0.5286 -0.0439 0.8477
vn 0.6358 -0.1588 0.7554
vn 0.0450 -0.9990 -0.0014
vn 0.0568 -0.9984 0.0044
vn 0.7227 -0.6858 0.0855
vn 0.7331 -0.6801 -0.0015
vn 0.0619 -0.8357 0.5457
vn -0.0011 -0.8049 0.5934
vn 0.9962 0.0148 0.0858
vn 0.9942 -0.0313 0.1033
vn 0.7096 -0.6985 0.0929
vn 0.9959 0.0889 -0.0166
vn 0.9896 0.1381 0.0405
vn 0.9905 0.1237 -0.0599
vn -0.7087 -0.7005 -0.0846
vn -0.9934 -0.0163 -0.1136
vn -0.9983 -0.0134 -0.0570
vn -0.6130 -0.7897 -0.0255
vn 0.9945 0.1021 0.0215
vn 0.9924 0.0202 0.1214
vn 0.9952 -0.0566 0.0801
vn 0.9913 -0.1306 -0.0162
vn 0.9992 0.0002 0.0396
vn 0.9989 -0.0077 0.0472
vn 0.9978 -0.0228 0.0616
vn 0.9990 -0.0437 0.0079
vn 0.9998 -0.0038 -0.0210
vn 0.9930 0.0989 -0.0641
vn 0.9890 -0.0775 -0.1259
vn 0.9941 -0.0731 -0.0804
vn 0.7441 -0.6654 -0.0591
vn 0.8953 -0.1028 0.4335
vn 0.0235 -0.9993 -0.0296
vn 0.9945 -0.0709 0.0770
vn 0.9969 -0.0185 0.0759
vn 0.9968 0.0002 0.0799
vn -0.9922 -0.0494 0.1141
vn -0.9979 -0.0214 0.0616
vn -0.9983 -0.0038 0.0583
vn -0.9872 0.0020 0.1593
vn -0.9979 0.0229 -0.0600
vn -0.9970 -0.0048 -0.0768
vn -0.9917 -0.0534 -0.1168
vn -0.9974 -0.0139 -0.0706
vn 0.0065 -0.0711 0.9974
vn -0.0313 -0.0688 0.9971
vn -0.0090 -0.1074 0.9942
vn -0.5336 0.8449 0.0386
vn -0.8654 0.4796 0.1449
vn -0.8714 0.4827 -0.0877
vn -0.3962 0.8925 -0.2155
vn -0.8562 -0.0307 0.5158
vn -0.9154 0.1955 0.3520
vn -0.9204 -0.0362 0.3893
vn -0.9304 -0.0278 0.3655
vn -0.6701 -0.6893 0.2754
vn -0.8045 -0.5732 0.1555
vn 0.6468 -0.1380 0.7500
vn 0.3847 -0.6301 -0.6745
vn 0.6127 -0.7227 -0.3197
vn -0.0162 -0.9996 0.0213
vn 0.0213 -0.7071 -0.7068
vn 0.0492 -0.9988 0.0016
vn 0.0296 -0.9995 0.0117
vn 0.8716 -0.1525 0.4659
vn 0.8654 0.0282 0.5003
vn 0.4228 0.8856 0.1921
vn 0.3512 0.8856 0.3039
vn 0.7782 0.5920 0.2099
vn 0.8365 0.5279 0.1470
vn 0.7191 -0.6932 -0.0479
vn -0.9985 -0.0020 -0.0556
vn -0.7105 -0.7026 -0.0393
vn -0.0259 -0.9997 0.0033
vn -0.0315 -0.9995 0.0030
vn 0.7154 -0.6923 0.0943
vn 0.6490 -0.7606 -0.0152
vn -0.9921 -0.0069 -0.1254
vn -0.9995 0.0137 -0.0289
vn -0.9881 0.1498 0.0364
vn -0.9874 0.1322 -0.0865
vn 0.0203 -0.9998 -0.0036
vn -0.9971 -0.0105 -0.0757
vn -0.6895 -0.7231 -0.0411
vn -0.7317 -0.6804 -0.0410
vn -0.9986 0.0080 -0.0527
vn -0.4500 -0.0554 0.8913
vn -0.5568 -0.0801 0.8268
vn -0.9991 -0.0210 0.0364
vn -0.9992 -0.0156 -0.0378
vn -0.7048 -0.7092 -0.0172
vn -0.9986 -0.0271 0.0444
vn -0.0178 -0.9998 -0.0014
vn -0.0238 -0.9997 -0.0013
vn -0.0032 -1.0000 0.0034
vn 0.9955 0.0902 -0.0293
vn 0.9973 0.0725 0.0120
vn 0.9929 0.0844 0.0844
vn 0.9882 0.1492 0.0337
vn 0.9969 0.0286 0.0732
vn 0.9946 0.0504 0.0902
vn 0.9921 0.0966 0.0798
vn 0.9706 0.2395 0.0258
vn 0.9992 0.0395 -0.0014
vn 0.9960 -0.0612 -0.0652
vn 0.9537 0.2956 -0.0563
vn 0.9419 0.3359 0.0039
vn 0.9924 -0.0219 -0.1210
vn 0.9945 0.0972 -0.0378
vn 0.9480 0.3124 -0.0609
vn 0.9926 -0.0492 -0.1114
vn 0.9851 0.0745 -0.1549
vn 0.9441 0.3007 -0.1353
vn 0.9563 0.2242 0.1877
vn 0.9680 0.2488 0.0325
vn 0.9979 0.0640 0.0086
vn 0.9940 0.0401 0.1016
vn 0.9876 0.1270 0.0918
vn 0.9884 0.1408 0.0562
vn -0.6106 -0.7919 0.0110
vn -0.7117 -0.6969 0.0884
vn -0.0084 -0.9998 -0.0152
vn 0.0125 -0.9999 -0.0104
vn 0.9998 0.0120 0.0139
vn 0.9982 0.0206 -0.0568
vn 0.9782 0.2029 0.0445
vn 0.9627 0.2631 0.0637
vn 0.8863 0.4629 -0.0145
vn 0.8903 0.4550 0.0186
vn 0.9653 0.2564 0.0502
vn 0.9689 0.2464 -0.0215
vn -0.4880 0.8692 0.0796
vn -0.4990 0.8595 0.1109
vn -0.8934 0.4478 0.0362
vn -0.8819 0.4707 -0.0268
vn -0.9848 -0.0138 -0.1730
vn -0.9997 -0.0221 0.0049
vn -0.7017 -0.7043 -0.1073
vn 0.9881 0.1422 0.0593
vn 0.9939 0.0921 -0.0605
vn 0.9951 0.0992 -0.0029
vn 0.9866 0.1331 0.0944
vn 0.9960 0.0857 0.0247
vn 0.9972 -0.0235 0.0707
vn 0.9968 -0.0586 -0.0545
vn 0.9998 -0.0168 -0.0093
vn 0.9975 -0.0318 -0.0631
vn 0.9969 0.0506 -0.0598
vn 0.9964 -0.0717 -0.0448
vn 0.0043 -1.0000 -0.0035
vn 0.9970 -0.0047 0.0768
vn 0.9859 0.1305 0.1052
vn 0.9006 0.2918 0.3223
vn 0.9367 0.0275 0.3490
vn 0.9889 0.1101 0.1003
vn 0.9031 0.2897 0.3170
vn 0.9996 -0.0281 0.0026
vn 0.9922 0.0325 0.1204
vn 0.9145 -0.0541 0.4011
vn 0.9748 -0.1249 0.1847
vn 0.9962 -0.0792 -0.0350
vn 0.9886 0.0793 0.1277
vn 0.9957 -0.0791 -0.0472
vn -0.0009 -0.9999 0.0139
vn -0.0195 -0.9998 0.0086
vn 0.9988 0.0214 -0.0444
vn 0.9934 0.1093 -0.0332
vn 0.9881 -0.1204 -0.0960
vn 0.9772 0.1864 -0.1017
vn 0.9901 -0.1407 0.0033
vn 0.9917 0.1235 -0.0349
vn 0.9820 0.1590 0.1019
vn 0.9818 -0.1890 0.0178
vn 0.9773 -0.2063 -0.0476
vn -0.7302 -0.6830 -0.0169
vn -0.0250 -0.9997 0.0040
vn -0.9811 0.1722 -0.0883
vn -0.9779 0.1970 -0.0697
vn -0.9957 0.0756 -0.0539
vn -0.9997 0.0185 -0.0183
vn -0.9889 -0.0233 0.1467
vn -0.9983 0.0225 -0.0535
vn -0.9800 -0.0552 -0.1912
vn -0.9799 0.0167 -0.1986
vn -0.9760 0.0998 -0.1935
vn -0.9879 0.0729 -0.1367
vn -0.9914 0.0745 -0.1079
vn -0.9556 0.2593 -0.1401
vn -0.9695 0.2376 -0.0595
vn 0.6815 -0.7257 -0.0950
vn 0.9894 0.0565 -0.1335
vn 0.9960 0.0592 0.0664
vn 0.6864 -0.7258 0.0451
vn 0.9930 0.0994 0.0642
vn 0.9944 0.1056 0.0100
vn 0.7185 -0.6955 0.0047
vn 0.7797 -0.6253 0.0324
vn -0.9416 -0.0438 -0.3338
vn -0.9619 0.0223 -0.2726
vn -0.9970 0.0028 0.0772
vn -0.9720 0.1770 0.1545
vn -0.9032 0.0552 -0.4256
vn -0.9256 0.1228 -0.3579
vn -0.9896 -0.1399 -0.0337
vn -0.9854 0.1690 -0.0220
vn -0.9971 -0.0760 0.0010
vn -0.0126 -0.9999 -0.0015
vn 0.0200 -0.7087 -0.7052
vn -0.0176 -0.9997 0.0194
vn -0.0206 -0.9998 0.0036
vn -0.5663 -0.6474 -0.5101
vn -0.6162 -0.6847 -0.3893
vn -0.0723 -0.9974 -0.0029
vn -0.0564 -0.9984 -0.0093
vn -0.0198 -0.9998 0.0053
vn -0.0801 -0.9967 -0.0087
vn -0.1150 -0.9934 0.0052
vn -0.0292 -0.9996 0.0013
vn -0.5553 0.0299 -0.8311
vn -0.0102 -0.0165 -0.9998
vn 0.0555 0.0097 -0.9984
vn -0.5915 -0.0118 -0.8062
vn -0.5648 -0.0483 -0.8238
vn -0.0698 -0.0403 -0.9968
vn 0.7381 -0.6738 -0.0348
vn -0.0923 -0.9956 -0.0137
vn -0.0911 -0.9958 0.0054
vn 0.7196 -0.6917 0.0620
vn 0.8814 -0.0175 -0.4720
vn 0.8835 0.2355 -0.4050
vn 0.9480 0.2509 -0.1957
vn 0.9677 -0.0302 -0.2502
vn 0.0336 0.9595 -0.2796
vn 0.0238 0.7595 -0.6500
vn -0.4596 0.6818 -0.5691
vn -0.4731 0.8539 -0.2170
vn 0.9989 0.0427 0.0171
vn 0.9995 -0.0058 0.0295
vn 0.9987 0.0031 0.0507
vn 0.9975 0.0260 0.0654
vn 0.0317 -0.9991 0.0279
vn 0.8841 0.0525 -0.4644
vn 0.5359 0.0304 -0.8437
vn -0.0775 -0.0510 -0.9957
vn -0.0589 -0.0403 -0.9974
vn 0.0178 -0.0094 -0.9998
vn -0.0661 -0.0445 -0.9968
vn 0.9855 0.0182 0.1689
vn 0.9972 0.0147 0.0737
vn 0.9988 0.0078 0.0475
vn 0.9840 -0.0104 0.1779
vn 0.8542 -0.0006 -0.5199
vn 0.8790 -0.1882 0.4381
vn 0.8287 -0.2150 0.5167
vn 0.9678 0.0053 -0.2518
vn 0.9690 -0.0016 -0.2472
vn 0.7200 -0.6928 0.0417
vn -0.0728 -0.0360 -0.9967
vn 0.6596 0.7441 -0.1060
vn 0.2551 0.9636 -0.0798
vn 0.2502 0.9390 -0.2360
vn -0.9593 -0.0232 -0.2814
vn -0.9804 0.1763 -0.0880
vn -0.9945 0.0685 -0.0788
vn -0.9927 -0.0084 0.1204
vn -0.9793 0.1769 0.0980
vn -0.8875 0.0436 -0.4588
vn -0.7598 0.1249 -0.6380
vn -0.4925 0.8603 0.1316
vn 0.1773 0.9804 0.0859
vn 0.3148 0.9256 0.2101
vn -0.3884 0.9020 0.1884
vn -0.5361 -0.0272 -0.8437
vn -0.5747 -0.0843 -0.8140
vn -0.9163 -0.1312 -0.3785
vn -0.8981 -0.0539 -0.4364
vn 0.9821 0.0901 -0.1653
vn 0.7273 -0.6743 -0.1281
vn 0.9887 0.1335 -0.0679
vn 0.9892 0.0706 0.1286
vn 0.9894 0.0330 0.1414
vn 0.9995 0.0285 -0.0099
vn -0.9818 0.0209 0.1887
vn -0.9977 0.0187 0.0653
vn -0.9928 0.0969 0.0704
vn -0.9778 0.0740 0.1961
vn -0.0138 -0.9999 0.0076
vn -0.0172 -0.9998 -0.0061
vn -0.0564 -0.9983 -0.0115
vn 0.9982 -0.0253 0.0537
vn 0.9981 0.0112 0.0602
vn 0.4738 0.6832 -0.5557
vn 0.0049 0.7592 -0.6508
vn 0.0130 0.9636 -0.2670
vn 0.4213 0.8759 -0.2353
vn 0.0053 -0.9998 -0.0201
vn 0.0274 -0.9996 -0.0079
vn -0.6114 -0.7907 0.0318
vn -0.7223 -0.6834 0.1065
vn -0.0648 -0.9979 0.0081
vn 0.6137 -0.7280 -0.3057
vn 0.9759 0.0397 -0.2145
vn 0.9943 0.0864 0.0622
vn 0.9811 0.0599 -0.1839
vn 0.7156 -0.6806 -0.1572
vn 0.9873 0.0119 -0.1581
vn 0.9990 -0.0244 0.0385
vn 0.9966 -0.0024 0.0824
vn 0.9934 0.0321 -0.1101
vn 0.0147 0.0025 -0.9999
vn 0.0458 0.0052 -0.9989
vn 0.8609 0.0237 -0.5082
vn 0.8523 0.0133 -0.5230
vn 0.8132 0.0063 -0.5820
vn 0.8335 0.0069 -0.5524
vn 0.8901 0.0459 -0.4535
vn -0.0118 -0.7189 -0.6950
vn -0.4025 -0.6746 -0.6188
vn -0.5889 -0.0239 -0.8079
vn 0.0327 -0.0112 -0.9994
vn 0.7828 0.6055 0.1432
vn -0.7313 -0.6820 -0.0001
vn 0.4442 0.8847 0.1413
vn 0.8523 0.5211 0.0447
vn 0.2473 0.9522 0.1794
vn 0.1359 0.9405 0.3115
vn 0.2750 0.9332 0.2313
vn -0.4207 0.8929 0.1602
vn -0.8714 0.4826 0.0879
vn 0.2909 0.9323 -0.2150
vn 0.1212 0.9733 -0.1948
vn 0.1055 0.9702 -0.2183
vn 0.1546 0.9722 0.1757
vn -0.8742 0.4800 0.0737
vn 0.1029 0.9718 0.2121
vn -0.6791 -0.7287 0.0888
vn -0.7327 -0.6777 0.0623
vn 0.0862 0.2435 0.9661
vn -0.8856 -0.0893 0.4559
vn 0.4593 0.3594 -0.8123
vn 0.8699 0.2198 -0.4415
vn 0.8677 0.4779 -0.1367
vn 0.2745 0.9614 -0.0202
vn 0.0804 0.9968 0.0030
vn 0.0979 0.9815 -0.1646
vn -0.0212 0.9870 -0.1592
vn -0.0284 0.9996 -0.0055
vn 0.0526 0.9881 -0.1445
vn 0.8374 0.4412 -0.3227
vn -0.8293 0.4363 -0.3492
vn -0.8871 0.4524 -0.0914
vn 0.4077 0.8952 0.1799
vn -0.5549 0.8254 -0.1038
vn -0.4224 0.9045 0.0595
vn -0.8423 0.5379 -0.0349
vn -0.8590 0.5119 -0.0091
vn 0.2508 0.9454 0.2083
vn 0.3554 0.8898 0.2863
vn 0.0585 0.9817 0.1814
vn 0.1395 0.9767 0.1629
vn 0.0732 0.9874 0.1403
vn 0.0554 0.9611 -0.2706
vn 0.5537 0.1358 0.8216
vn 0.5852 -0.2649 0.7664
vn 0.8713 0.0791 0.4843
vn 0.0980 0.1240 0.9874
vn 0.1733 0.4387 0.8818
vn 0.2147 0.4651 0.8588
vn 0.3524 0.1362 0.9259
vn 0.2868 0.5223 0.8031
vn 0.4561 0.1160 0.8824
vn 0.3065 -0.3063 0.9012
vn 0.3982 -0.2790 0.8738
vn 0.9874 0.1121 0.1114
vn 0.9859 0.0287 -0.1647
vn 0.9807 0.0340 -0.1927
vn 0.9916 0.1049 -0.0759
vn 0.9644 0.0577 -0.2582
vn 0.9931 0.0700 -0.0941
vn 0.9646 0.0495 -0.2591
vn 0.9997 -0.0207 -0.0135
vn 0.4710 0.6666 -0.5777
vn 0.4782 0.6733 -0.5639
vn 0.8327 0.4342 -0.3436
vn 0.8249 0.4384 -0.3569
vn -0.6220 0.1123 0.7749
vn -0.5725 -0.3455 0.7435
vn -0.0054 -0.3288 0.9444
vn -0.4973 -0.0238 0.8673
vn 0.0290 0.0804 0.9963
vn 0.3800 0.1049 0.9190
vn 0.4677 0.0943 0.8788
vn 0.9862 0.0756 0.1473
vn 0.9843 0.1391 0.1086
vn 0.9803 0.0350 0.1942
vn 0.9995 0.0113 0.0300
vn 0.9882 0.1409 0.0599
vn 0.9675 0.1760 0.1818
vn 0.9991 -0.0301 -0.0305
vn 0.9727 -0.1450 -0.1811
vn 0.9850 0.1621 0.0596
vn 0.9972 -0.0104 0.0743
vn 0.9921 0.0786 0.0983
vn 0.9948 -0.0460 0.0911
vn 0.9787 -0.2003 0.0460
vn 0.9936 -0.1088 0.0303
vn 0.9654 -0.0095 -0.2605
vn 0.9687 0.0440 -0.2444
vn 0.0311 0.7613 -0.6476
vn 0.9828 -0.0895 -0.1617
vn 0.9822 -0.1203 -0.1440
vn 0.9975 -0.0610 -0.0369
vn 0.9918 0.0006 0.1278
vn 0.9906 0.0692 0.1181
vn 0.9885 -0.1208 0.0907
vn 0.9792 -0.1995 0.0380
vn 0.4656 0.0146 -0.8849
vn 0.8741 0.0735 -0.4802
vn 0.9734 0.2229 0.0525
vn 0.9597 0.2690 0.0809
vn 0.9746 -0.1987 -0.1036
vn 0.9585 0.2790 -0.0580
vn 0.9828 0.1845 -0.0019
vn 0.9802 0.1704 0.1011
vn 0.9735 0.2280 0.0149
vn 0.9950 0.0826 -0.0555
vn 0.9959 0.0595 -0.0674
vn 0.9986 -0.0322 0.0413
vn 0.9989 -0.0287 0.0364
vn 0.9949 0.0952 -0.0323
vn 0.9802 0.1931 0.0448
vn 0.9930 0.1172 -0.0145
vn 0.9994 0.0317 -0.0158
vn 0.9960 0.0894 0.0014
vn 0.9977 0.0674 -0.0118
vn 0.9959 -0.0392 -0.0818
vn 0.9987 -0.0057 0.0516
vn 0.9533 0.2950 0.0645
vn 0.9883 0.1522 -0.0090
vn 0.9997 -0.0115 0.0212
vn 0.9982 -0.0277 -0.0533
vn 0.9954 0.0902 -0.0321
vn 0.9918 0.1167 0.0518
vn 0.9988 -0.0288 -0.0405
vn 0.9985 -0.0139 -0.0525
vn 0.9606 0.2739 0.0476
vn 0.9921 0.1202 0.0352
vn 0.9988 -0.0497 -0.0036
vn 0.9983 -0.0431 -0.0387
vn 0.9982 -0.0377 -0.0460
vn 0.9938 -0.1089 -0.0210
vn 0.9994 0.0360 -0.0006
vn 0.9960 0.0881 -0.0133
vn 0.9970 0.0654 0.0421
vn 0.9713 0.2377 0.0087
vn 0.9789 0.2042 0.0036
vn -0.9677 0.2265 0.1105
vn -0.9891 0.1460 0.0166
vn -0.9937 -0.0800 -0.0789
vn -0.9994 0.0225 -0.0256
vn -0.9857 0.0006 0.1683
vn -0.9974 0.0015 0.0725
vn -0.9963 0.0455 0.0734
vn -0.9847 0.0465 0.1681
vn -0.9927 0.0346 -0.1152
vn -0.9979 0.0363 -0.0528
vn -0.9908 0.1353 0.0004
vn -0.9882 0.1038 -0.1124
vn 0.9925 -0.0146 0.1211
vn 0.9947 0.0102 0.1026
vn 0.9971 0.0696 0.0306
vn 0.9944 0.0174 0.1047
vn 0.9970 0.0024 -0.0771
vn 0.9759 0.1837 -0.1181
vn 0.9841 0.0560 -0.1683
vn 0.9850 0.1503 -0.0847
vn 0.9909 0.0173 0.1331
vn 0.9994 0.0129 0.0310
vn 0.9922 0.1238 -0.0169
vn 0.9769 0.1171 0.1787
vn 0.9883 -0.0246 0.1504
vn 0.9950 0.0036 -0.1001
vn 0.9928 0.0860 -0.0830
vn 0.9806 0.1563 0.1181
vn 1.0000 -0.0048 0.0014
vn 0.9837 -0.1699 -0.0589
vn -0.5577 0.7968 0.2325
vn -0.2809 0.9314 0.2316
vn -0.1210 0.9606 0.2504
vn -0.5054 0.8101 0.2971
vn 0.9937 0.0206 0.1099
vn 0.9775 0.2029 0.0583
vn 0.9949 -0.1010 -0.0068
vn 0.9882 -0.1168 0.0989
vn 0.9815 0.0076 0.1914
vn 0.9905 -0.1164 -0.0734
vn 0.9675 0.1585 0.1970
vn 0.9877 -0.1274 -0.0911
vn 0.9741 0.2236 0.0327
vn 0.9891 -0.1464 -0.0140
vn 0.9771 0.2046 0.0588
vn 0.9738 0.2051 0.0983
vn 0.9662 0.2571 -0.0164
vn 0.7181 -0.6960 0.0036
vn 0.7151 -0.6989 -0.0102
vn -0.0204 -0.9998 0.0034
vn -0.0231 -0.9997 -0.0007
vn 0.7014 -0.7120 -0.0324
vn 0.6849 -0.7255 -0.0676
vn -0.0005 -1.0000 -0.0040
vn -0.0013 -1.0000 0.0023
vn 0.0224 -0.9997 0.0125
vn 0.7179 -0.6961 0.0113
vn 0.0034 -1.0000 0.0093
vn -0.0021 -1.0000 0.0039
vn -0.0108 -0.9999 0.0056
vn -0.0030 -1.0000 0.0008
vn -0.0186 -0.9998 -0.0008
vn -0.0008 -1.0000 0.0019
vn -0.0170 -0.9999 -0.0024
vn 0.0049 -1.0000 0.0022
vn -0.6957 -0.7167 -0.0480
vn -0.7071 -0.7043 -0.0626
vn -0.9997 0.0122 -0.0213
vn -1.0000 -0.0041 0.0032
vn -0.9999 0.0107 -0.0088
vn -0.9978 0.0381 -0.0550
vn -0.9981 0.0508 -0.0345
vn -0.9869 0.1053 -0.1223
vn -0.9872 0.1589 -0.0155
vn -0.9929 0.0726 0.0937
vn -0.9869 0.1605 0.0142
vn -0.9975 -0.0713 0.0021
vn -0.9809 -0.1047 0.1637
vn -0.9929 0.0100 0.1189
vn -0.9824 0.0461 0.1811
vn -0.9976 0.0688 0.0014
vn -0.9697 0.2033 -0.1353
vn -0.9926 -0.0318 -0.1168
vn 0.0062 -1.0000 -0.0017
vn 0.0014 -1.0000 -0.0038
vn -0.0004 -1.0000 -0.0010
vn -0.0007 -1.0000 -0.0006
vn -0.9943 0.0214 0.1046
vn -0.9743 -0.2224 0.0354
vn -0.9800 -0.1723 -0.1001
vn -0.9985 0.0190 -0.0509
vn -0.9893 0.0175 0.1447
vn -0.9842 0.0799 0.1579
vn -0.9608 0.1147 0.2525
vn -0.9655 0.2471 0.0826
vn -0.9885 0.0055 0.1510
vn -0.9593 -0.2824 0.0098
vn -0.0164 -0.9999 0.0034
vn -0.9955 -0.0010 -0.0944
vn -0.9867 0.0278 -0.1602
vn -0.9950 0.0328 -0.0938
vn -0.9953 0.0124 -0.0956
vn -0.9786 0.1208 0.1664
vn -0.9215 0.2654 0.2837
vn -0.9949 0.0204 -0.0992
vn -0.9696 -0.2301 -0.0832
vn -0.0216 -0.9998 -0.0035
vn -0.9677 0.0438 -0.2481
vn -0.9789 0.1908 0.0738
vn -0.9970 -0.0729 0.0275
vn -0.9868 -0.1112 0.1178
vn -0.9950 -0.0002 -0.0995
vn -0.9929 0.1176 0.0161
vn -0.0325 -0.9995 0.0001
vn 0.0009 -1.0000 0.0080
vn -0.0148 -0.9999 0.0061
vn -0.7330 -0.6769 -0.0675
vn -0.7107 -0.6992 -0.0777
vn -0.9596 0.0949 -0.2648
vn -0.9833 0.0865 -0.1601
vn -0.9678 0.0761 -0.2401
vn -0.9830 0.0246 -0.1820
vn -0.9924 -0.0836 -0.0907
vn -0.9905 0.0387 -0.1322
vn -0.9925 0.0129 -0.1219
vn -0.9812 0.0593 -0.1836
vn -0.9802 0.1121 -0.1633
vn -0.9998 0.0145 -0.0097
vn -0.9832 -0.0141 0.1819
vn -0.9848 0.0517 0.1659
vn -0.9977 0.0584 -0.0346
vn -0.9942 0.0010 -0.1075
vn -0.9967 -0.0351 -0.0730
vn -0.9972 0.0062 -0.0745
vn -0.9871 -0.1594 0.0165
vn -0.9679 -0.2358 -0.0865
vn -0.9767 -0.2017 -0.0739
vn -0.9993 -0.0278 -0.0257
vn -0.9975 -0.0555 -0.0441
vn -0.9857 -0.0801 0.1485
vn -0.9966 -0.0364 0.0745
vn -0.9998 0.0151 -0.0146
vn -0.9998 0.0137 -0.0142
vn -0.9967 -0.0130 0.0805
vn -0.9966 0.0167 0.0803
vn 0.6649 -0.7469 0.0088
vn -0.0220 -0.9998 -0.0031
vn -0.0214 -0.9998 0.0004
vn 0.6419 -0.7638 0.0674
vn -0.9887 -0.1442 -0.0408
vn -0.9704 0.2408 -0.0200
vn -0.9639 0.2321 0.1301
vn -0.9965 -0.0549 -0.0637
vn -0.9624 0.2502 0.1059
vn -0.9960 -0.0533 -0.0717
vn -0.9756 0.2193 -0.0055
vn -0.9977 -0.0667 0.0104
vn -0.9753 0.2187 0.0318
vn -0.9922 -0.1247 -0.0067
vn -0.9739 0.2153 0.0725
vn -0.9882 -0.1478 0.0396
vn -0.9778 0.1983 0.0677
vn -0.9734 0.1737 0.1492
vn -0.9782 0.1062 0.1786
vn -0.7191 -0.6949 0.0015
vn -0.7279 -0.6857 -0.0070
vn -0.7302 -0.6824 -0.0350
vn -0.7099 -0.6785 0.1889
vn -0.7268 -0.6864 0.0247
vn -0.0214 -0.9998 0.0001
vn -0.0276 -0.9996 0.0058
vn -0.9780 0.0170 -0.2079
vn -0.9926 0.0181 -0.1201
vn -0.9758 0.0947 -0.1972
vn -0.9842 0.1099 -0.1390
vn -0.9773 0.0231 0.2105
vn -0.9722 0.2339 -0.0121
vn -0.9385 0.0918 0.3329
vn -0.9842 0.1042 0.1432
vn -0.9453 0.0278 0.3249
vn -0.9798 -0.1267 0.1544
vn -0.9972 -0.0419 0.0620
vn -0.6029 0.7828 -0.1537
vn -0.5964 0.7673 0.2359
vn -0.9769 0.2002 0.0751
vn -0.9700 0.2170 -0.1100
vn -0.9995 -0.0013 0.0300
vn -0.9983 0.0514 0.0269
vn -0.9185 0.3069 -0.2493
vn -0.9883 0.0809 0.1296
vn -0.9539 -0.2018 0.2221
vn -0.0004 -0.9998 0.0178
vn 0.0026 -1.0000 0.0062
vn -0.0095 -0.9999 0.0124
vn -0.0046 -0.9999 0.0104
vn -0.9799 -0.1975 -0.0298
vn -0.9927 -0.0980 -0.0704
vn -0.9675 -0.1052 0.2301
vn -0.9937 -0.0421 0.1037
vn -0.9584 0.2852 -0.0127
vn -0.9827 0.1179 -0.1426
vn -0.9545 -0.2188 -0.2024
vn -0.9682 -0.0771 -0.2382
vn 0.0008 -1.0000 -0.0033
vn -0.0017 -1.0000 -0.0001
vn -0.0025 -1.0000 -0.0032
vn -0.0088 -1.0000 -0.0029
vn -0.9873 0.1092 -0.1154
vn 0.0012 -1.0000 -0.0036
vn -0.0172 -0.9998 -0.0039
vn -0.9911 0.0967 -0.0920
vn -0.9935 0.0873 -0.0733
vn -0.0016 -1.0000 0.0018
vn -0.0402 -0.9992 -0.0062
vn -0.0283 -0.9996 0.0050
vn -0.9974 0.0028 -0.0727
vn -0.9986 -0.0088 -0.0528
vn -0.9966 0.0459 -0.0683
vn -0.9957 0.0507 -0.0775
vn -0.9994 0.0299 0.0193
vn -0.9969 0.0782 -0.0085
vn -0.9997 -0.0150 0.0204
vn -0.9943 0.1048 -0.0193
vn -0.9722 -0.0491 0.2290
vn -0.9995 -0.0137 0.0282
vn -0.9938 -0.1114 0.0002
vn -0.9958 -0.0605 -0.0692
vn -0.9960 -0.0769 -0.0464
vn -0.9985 -0.0538 -0.0067
vn -0.9944 -0.1045 0.0161
vn -0.9950 -0.0935 0.0352
vn -0.9981 0.0113 -0.0598
vn -0.9986 -0.0095 -0.0528
vn -0.9990 0.0117 0.0428
vn -1.0000 0.0066 0.0055
vn 0.7149 -0.6992 0.0065
vn -0.0199 -0.9998 0.0057
vn -0.0321 -0.9995 0.0048
vn 0.7092 -0.7020 -0.0649
vn -0.9899 -0.1026 0.0980
vn -0.9338 0.3435 -0.1004
vn -0.8886 0.4586 0.0042
vn -0.9859 0.0307 0.1643
vn -0.8561 0.4985 0.1364
vn -0.9765 0.0136 0.2152
vn -0.8926 0.3841 0.2360
vn -0.9892 -0.0351 -0.1425
vn -0.9589 0.2526 0.1291
vn -0.9830 -0.0254 -0.1817
vn -0.9238 0.3387 -0.1784
vn -0.8475 0.4949 -0.1918
vn -0.9383 0.3363 -0.0810
vn -0.7194 -0.6943 0.0171
vn -0.7285 -0.6816 -0.0683
vn -0.7255 -0.6656 -0.1750
vn -0.5927 -0.8045 0.0390
vn -0.7238 -0.6799 0.1178
vn -0.7051 -0.7090 0.0126
vn -0.0175 -0.9998 -0.0050
vn 0.0046 -0.9997 -0.0250
vn -0.9904 -0.0054 -0.1379
vn -0.9996 -0.0024 0.0299
vn -0.9974 0.0291 0.0665
vn -0.9891 0.0067 -0.1470
vn -0.9814 0.1153 -0.1533
vn -0.9818 0.1361 0.1325
vn -0.9934 0.0730 0.0887
vn -0.9880 -0.1225 0.0938
vn -0.9982 -0.0580 0.0116
vn -0.9977 0.0248 0.0637
vn -0.9869 0.0936 0.1311
vn -0.9913 0.1079 0.0756
vn -0.9886 0.0714 -0.1324
vn -0.9911 -0.1105 -0.0746
vn -0.9896 -0.0928 -0.1096
vn -0.9958 -0.0106 -0.0911
vn -0.9966 -0.0819 -0.0109
vn -0.9976 -0.0068 0.0694
vn -0.9808 0.0898 0.1732
vn -0.9997 0.0033 -0.0237
vn -0.9882 -0.1289 0.0832
vn -0.9991 -0.0061 0.0410
vn -0.0021 -1.0000 -0.0063
vn -0.0041 -1.0000 -0.0034
vn -0.0184 -0.9998 -0.0033
vn -0.0226 -0.9997 -0.0042
vn -0.9855 -0.0931 0.1418
vn 0.0002 -1.0000 -0.0007
vn 0.0005 -1.0000 0.0029
vn -0.0255 -0.9997 -0.0011
vn -0.0293 -0.9996 -0.0003
vn -0.9960 0.0876 0.0180
vn -0.8821 0.4561 0.1177
vn -0.8851 0.4617 0.0580
vn -0.9995 -0.0133 0.0290
vn -0.9785 0.2030 -0.0353
vn -0.9828 -0.0087 0.1845
vn -0.9988 0.0309 -0.0386
vn -0.9879 -0.1302 -0.0839
vn -0.9933 -0.1099 0.0348
vn -0.9889 -0.1459 -0.0291
vn -0.9863 -0.1608 -0.0375
vn -0.9884 -0.0782 -0.1300
vn -0.9986 -0.0529 0.0099
vn -0.9994 -0.0358 -0.0024
vn -0.9975 -0.0615 -0.0349
vn -0.9867 -0.1354 0.0897
vn -0.9729 0.1876 -0.1352
vn -0.9655 0.2565 -0.0451
vn -0.9945 -0.0057 0.1042
vn -0.9626 0.2708 0.0100
vn -0.9990 0.0318 0.0300
vn -0.9430 0.3143 0.1097
vn -0.9967 0.0367 -0.0724
vn -0.9488 0.3153 -0.0196
vn -0.9999 0.0129 -0.0045
vn -0.9597 0.2423 -0.1426
vn -0.9836 0.1749 -0.0440
vn -0.9801 0.1852 -0.0709
vn -0.6699 -0.7421 0.0225
vn -0.7211 -0.6927 0.0145
vn -0.7231 -0.6855 -0.0849
vn -0.5762 -0.8167 0.0321
vn -0.9910 0.0113 -0.1334
vn -0.9999 0.0140 0.0031
vn -0.6596 -0.7516 0.0027
vn -0.7151 -0.6948 -0.0765
vn -0.9917 0.0508 -0.1182
vn -0.9649 0.2617 -0.0243
vn -0.9766 0.2110 -0.0412
vn -0.9997 0.0045 -0.0255
vn -0.9986 0.0335 -0.0407
vn -0.9791 0.2011 0.0307
vn -0.9974 -0.0692 0.0187
vn -0.9888 -0.1493 -0.0022
vn -0.9942 -0.1063 -0.0135
vn -0.9981 -0.0579 0.0222
vn -0.9789 0.1945 0.0623
vn 0.1402 0.8358 0.5308
vn -0.9968 0.0435 -0.0677
vn -0.9869 -0.1533 -0.0505
vn -0.9859 -0.1500 -0.0738
vn -0.9917 0.0339 -0.1242
vn -0.9946 0.0956 -0.0408
vn -0.9904 0.1370 -0.0171
vn -0.9877 0.1543 -0.0245
vn -0.0015 -1.0000 -0.0032
vn 0.6617 -0.7483 0.0458
vn 0.6947 -0.7164 -0.0638
vn 0.6625 -0.7402 -0.1145
vn 0.9940 0.0504 -0.0970
vn 0.6141 -0.7887 -0.0291
vn 0.9910 0.0421 -0.1274
vn 0.6771 -0.7349 0.0377
vn 0.9995 0.0083 -0.0302
vn -0.0047 -1.0000 0.0055
vn -0.0018 -1.0000 0.0017
vn -0.0012 -1.0000 0.0020
vn 0.9984 0.0013 0.0571
vn 0.6697 -0.7410 0.0492
vn 0.9989 0.0170 0.0439
vn 0.6781 -0.7350 0.0006
vn -0.0331 -0.9994 -0.0058
vn -0.0278 -0.9996 -0.0009
vn 0.6694 -0.7413 0.0487
vn 0.9987 0.0284 0.0414
vn 0.9936 0.0634 -0.0937
vn 0.6848 -0.7287 -0.0045
vn 0.9970 -0.0118 0.0771
vn 0.6718 -0.7386 -0.0568
vn 0.9996 -0.0003 -0.0265
vn 0.6242 -0.7812 0.0075
vn 0.9977 0.0070 -0.0676
vn -0.0186 -0.9998 0.0026
vn -0.0050 -1.0000 0.0027
vn -0.0049 -1.0000 0.0025
vn -0.0229 -0.9997 0.0091
vn -0.0206 -0.9998 0.0037
vn 0.9998 -0.0063 0.0179
vn 0.6617 -0.7488 0.0392
vn 0.9973 -0.0253 0.0688
vn -0.0203 -0.9998 -0.0066
vn -0.0767 -0.9967 0.0246
vn -0.0314 -0.9993 0.0187
vn 0.6416 -0.7670 0.0117
vn 0.7035 -0.7102 0.0278
vn 0.9975 -0.0663 -0.0225
vn 0.9974 -0.0679 0.0231
vn 0.6169 -0.7870 0.0012
vn 0.9987 0.0467 -0.0204
vn 0.0138 -0.9998 0.0170
vn 0.0202 -0.9998 -0.0030
vn -0.9862 0.0629 -0.1532
vn -0.9732 0.1270 -0.1915
vn 0.9990 0.0145 -0.0413
vn -0.0240 -0.9996 -0.0123
vn -0.1084 -0.9941 -0.0023
vn 0.7236 -0.6883 0.0525
vn -0.9966 0.0819 -0.0038
vn -0.9763 0.2037 -0.0727
vn 0.9965 0.0841 -0.0017
vn -0.0240 -0.9997 -0.0037
vn 0.6786 -0.7345 -0.0058
vn -0.9816 0.0820 0.1724
vn -0.9490 0.2833 0.1386
vn 0.9909 0.1266 -0.0452
vn -0.0281 -0.9996 0.0068
vn -0.9950 0.0664 0.0740
vn -0.9421 0.3312 0.0522
vn 0.9886 0.1502 -0.0102
vn -0.9601 0.2783 0.0271
vn -0.9626 0.2380 0.1296
vn -0.9906 0.1160 -0.0730
vn -0.9971 0.0750 -0.0109
vn -0.9213 0.3802 -0.0819
vn -0.9981 0.0573 -0.0222
vn -0.9992 0.0083 -0.0400
vn -0.9998 -0.0127 0.0167
vn -0.9955 0.0828 -0.0470
vn -0.9301 0.3671 -0.0074
vn -0.0089 -0.9998 -0.0189
vn -0.0191 -0.9997 -0.0132
vn -0.0217 -0.9998 -0.0053
vn -0.7106 -0.7035 0.0124
vn -0.7168 -0.6964 0.0361
vn -0.7099 -0.6990 0.0856
vn -0.9678 0.2050 -0.1460
vn -0.9865 0.1601 0.0346
vn -0.9617 -0.2730 0.0265
vn -0.9549 -0.2536 -0.1543
vn -0.9977 -0.0186 0.0650
vn -0.9878 -0.0042 0.1559
vn -0.9934 0.0942 0.0660
vn -0.9599 -0.2777 0.0390
vn -0.9731 -0.2288 0.0268
vn -0.9757 -0.2192 0.0039
vn -0.9923 0.0451 -0.1150
vn -0.9687 -0.2447 -0.0414
vn -0.9793 -0.2001 0.0288
vn -0.9831 0.0977 -0.1548
vn -0.9933 -0.1142 0.0156
vn -0.9779 -0.1452 0.1506
vn 0.9826 0.0088 0.1856
vn -0.9443 0.3219 0.0684
vn -0.8575 0.4727 0.2030
vn -0.9632 0.2680 0.0219
vn -0.9725 -0.1440 0.1833
vn -0.9727 -0.2302 0.0303
vn -0.9850 -0.1696 0.0301
vn -0.9482 -0.2259 0.2236
vn -0.9644 -0.2560 0.0670
vn -0.9587 -0.2061 -0.1958
vn -0.9764 -0.2154 -0.0131
vn -0.9631 -0.1022 0.2490
vn -0.9925 -0.1023 0.0668
vn -0.9747 -0.0564 -0.2162
vn -0.9961 -0.0879 -0.0019
vn -0.9553 0.2015 0.2164
vn -0.9743 0.2213 -0.0408
vn -0.9988 -0.0397 -0.0279
vn -0.9558 0.2046 -0.2110
vn -0.9988 -0.0465 0.0137
vn -0.9693 0.2412 -0.0476
vn -0.9985 -0.0165 0.0530
vn -0.9744 0.2243 -0.0120
vn -0.9865 -0.0112 0.1632
vn -0.9685 0.2478 0.0231
vn -0.9707 0.2245 0.0854
vn -0.9817 0.1770 -0.0699
vn 0.9795 0.1526 -0.1314
vn 0.9896 0.0089 -0.1437
vn 0.9913 0.0397 -0.1254
vn -0.3068 0.9246 0.2260
vn -0.3750 0.9246 0.0668
vn -0.2731 0.9577 0.0910
vn -0.3543 0.9123 0.2055
vn 0.9908 -0.0901 -0.1006
vn 0.9889 0.1362 -0.0589
vn 0.9937 -0.0142 0.1108
vn 0.9939 0.0753 0.0801
vn 0.9982 -0.0406 -0.0432
vn 0.9908 0.1277 -0.0452
vn 0.9974 -0.0582 -0.0420
vn 0.9927 0.1208 0.0008
vn 0.9955 0.0737 -0.0601
vn 0.9846 0.1738 0.0209
vn 0.9870 -0.0847 -0.1364
vn 0.9972 0.0401 -0.0629
vn 0.9942 0.1036 0.0293
vn 0.9963 0.0841 0.0190
vn 0.9917 0.1123 0.0626
vn 0.9822 0.1820 0.0474
vn 0.9865 0.1585 -0.0402
vn 0.9935 0.0414 0.1060
vn 0.9981 -0.0584 0.0184
vn 0.9889 -0.0766 0.1273
vn 0.9904 -0.0145 0.1373
vn 0.9897 -0.0930 0.1092
vn 0.2187 0.9729 -0.0744
vn 0.1801 0.9834 -0.0194
vn 0.8009 0.5985 -0.0211
vn 0.8932 0.4484 -0.0339
vn 0.9933 -0.1041 0.0508
vn 0.9953 -0.0816 0.0521
vn 0.9906 -0.1335 0.0286
vn 0.9973 0.0656 -0.0344
vn 0.9696 0.2254 -0.0955
vn -0.6991 0.7148 -0.0175
vn -0.1726 0.9846 -0.0265
vn -0.1532 0.9750 0.1611
vn -0.6370 0.7646 0.0979
vn 0.9960 -0.0460 0.0763
vn 0.9716 0.2342 0.0344
vn 0.9970 0.0471 -0.0616
vn 0.9952 -0.0784 -0.0585
vn 0.9864 0.0710 -0.1485
vn 0.9855 -0.0842 -0.1476
vn 0.9989 0.0323 0.0340
vn 0.9864 -0.0820 -0.1422
vn 0.9488 0.2793 -0.1477
vn 0.9972 -0.0025 -0.0753
vn 0.9989 -0.0194 0.0427
vn 0.9703 0.1974 -0.1399
vn 0.9957 0.0590 -0.0717
vn 0.9902 0.1249 0.0619
vn 0.9980 -0.0585 0.0243
vn 0.9929 -0.0561 0.1054
vn 0.9897 0.1243 0.0710
vn 0.9969 0.0389 0.0690
vn 0.5325 0.8023 -0.2698
vn 0.6550 0.7499 -0.0926
vn 0.9650 0.2513 -0.0751
vn 0.9589 0.2013 -0.1997
vn 0.9999 -0.0077 0.0139
vn 0.9903 -0.1387 0.0012
vn -0.0222 0.9966 0.0791
vn -0.1051 0.9859 0.1305
vn 0.9994 0.0326 -0.0071
vn 0.9948 0.0708 -0.0733
vn 0.9995 -0.0300 -0.0075
vn 0.9908 -0.1350 0.0128
vn 0.9986 0.0471 0.0220
vn 0.9905 0.1119 -0.0804
vn 0.9948 -0.0827 -0.0589
vn 0.9917 -0.1256 -0.0264
vn 1.0000 -0.0050 -0.0005
vn 0.9909 0.1337 0.0146
vn 0.9935 -0.0886 -0.0722
vn 0.9876 -0.1429 -0.0647
vn 0.9979 -0.0592 -0.0273
vn 0.9796 0.1287 0.1546
vn 0.9829 0.1421 0.1167
vn 0.9878 0.1102 0.1098
vn 0.9948 0.0502 0.0884
vn 0.9993 -0.0017 -0.0379
vn 0.9981 0.0598 0.0126
vn 0.9910 -0.0971 0.0923
vn 0.9892 -0.0942 -0.1125
vn 0.9868 -0.1365 -0.0875
vn 0.9888 -0.0722 0.1302
vn 0.9960 0.0755 0.0481
vn 0.9869 0.0993 -0.1270
vn 0.9940 -0.0465 0.0988
vn 0.9868 -0.0991 0.1284
vn 0.9935 -0.0004 -0.1136
vn 0.9920 0.1079 0.0650
vn 0.9892 0.0950 -0.1117
vn 0.9930 -0.0230 -0.1159
vn 0.9839 -0.1512 -0.0953
vn 0.9871 0.1575 0.0291
vn 0.0011 0.9869 -0.1614
vn -0.0381 0.9942 0.1008
vn 0.9625 0.1962 -0.1872
vn 0.9860 0.1560 -0.0595
vn 0.9488 0.3118 -0.0497
vn 0.9960 0.0804 0.0394
vn 0.9511 0.2937 0.0955
vn 0.9945 0.0743 -0.0733
vn 0.9712 0.2345 0.0431
vn 0.9559 0.2865 0.0645
vn 0.9941 0.0509 -0.0961
vn 0.9862 0.1653 0.0098
vn 0.8400 0.5412 0.0387
vn 0.9956 0.0897 -0.0255
vn 0.8613 0.5065 0.0410
vn 0.9996 0.0143 0.0225
vn 0.9797 0.1068 0.1697
vn 0.8829 0.4458 -0.1474
vn 0.9988 0.0323 -0.0368
vn 0.9840 0.1106 -0.1396
vn 0.9904 -0.0131 -0.1378
vn 0.9768 -0.1879 -0.1025
vn 0.9950 0.0571 -0.0817
vn 0.9896 0.1226 -0.0751
vn 0.9981 0.0088 -0.0615
vn 0.9789 -0.2024 -0.0283
vn 0.9987 0.0501 0.0102
vn 0.9887 0.0903 0.1201
vn 0.9943 0.0663 0.0836
vn 0.9844 -0.1747 -0.0217
vn -0.5028 0.8401 -0.2036
vn -0.8554 0.4734 -0.2100
vn 0.4572 -0.0122 -0.8893
vn 0.7359 0.6664 -0.1199
vn 0.9975 0.0512 -0.0477
vn 0.9829 0.1030 0.1524
vn 0.6777 0.7254 0.1202
vn 0.9928 0.0126 -0.1193
vn 0.9976 -0.0336 -0.0608
vn 0.9957 0.0327 -0.0869
vn 0.9921 -0.1252 0.0071
vn 0.9951 0.0552 -0.0823
vn 0.9813 -0.1917 -0.0201
vn 0.9339 0.3566 -0.0250
vn 0.9981 0.0151 0.0591
vn 0.9248 0.3540 -0.1395
vn 0.9407 0.3180 -0.1179
vn -0.9000 0.4343 0.0385
vn -0.9021 0.3959 -0.1717
vn 0.0105 0.0005 -0.9999
vn 0.0037 0.0007 -1.0000
vn -0.0161 -0.0064 -0.9999
vn 0.0049 -0.0009 -1.0000
vn -0.7322 -0.6203 -0.2813
vn -0.0510 -0.0223 -0.9985
vn -0.0098 -0.0048 -0.9999
vn 0.0097 0.0052 -0.9999
vn 0.0027 0.0036 -1.0000
vn -0.5231 0.0018 -0.8523
vn -0.8875 -0.0000 -0.4608
vn -0.8792 0.2199 -0.4226
vn -0.4600 0.3579 -0.8126
vn -0.8882 0.4558 -0.0583
vn -0.0044 0.9893 -0.1459
vn 0.0079 0.9871 -0.1600
vn -0.0099 0.9871 -0.1598
vn -0.0216 0.9899 -0.1401
vn -0.5030 0.8495 -0.1592
vn -0.4375 0.8910 -0.1212
vn -0.0184 0.9977 0.0658
vn 0.0310 0.9922 -0.1208
vn -0.0142 0.9917 -0.1274
vn -0.0511 0.9948 0.0886
vn 0.4987 0.0051 -0.8668
vn -0.0313 -0.0146 -0.9994
vn 0.5650 0.8248 0.0217
vn 0.5750 0.8084 -0.1263
vn 0.5135 0.0004 -0.8581
vn 0.8691 0.4860 0.0919
vn 0.8762 0.4811 -0.0290
vn 0.0145 0.0066 -0.9999
vn 0.0185 0.4218 -0.9065
vn 0.0129 0.4175 -0.9086
vn 0.0070 0.4145 -0.9100
vn 0.6196 0.7796 -0.0910
vn 0.6238 0.7601 -0.1822
vn 0.0320 0.9874 -0.1553
vn -0.8997 0.4261 -0.0947
vn 0.7509 0.6573 0.0637
vn 0.6829 0.7218 -0.1123
vn 0.5039 0.8613 -0.0647
vn 0.5519 0.8312 -0.0677
vn 0.6757 0.7244 -0.1366
vn 0.6387 0.7325 -0.2356
vn 0.0620 0.9434 -0.3258
vn 0.0659 0.9843 -0.1635
vn 0.0202 0.9491 -0.3144
vn -0.4827 0.8581 -0.1750
vn -0.5218 0.8447 -0.1190
vn -0.8610 0.4908 -0.1334
vn -0.8578 0.5039 -0.1014
vn 0.1137 0.9812 -0.1560
vn 0.0697 0.9913 -0.1115
vn -0.5496 0.8300 -0.0949
vn -0.8576 0.5140 -0.0177
vn 0.2587 0.9644 0.0558
vn 0.0694 0.9958 0.0592
vn -0.4358 0.9000 0.0096
vn -0.8631 0.5049 -0.0112
vn 0.8287 0.5553 -0.0692
vn 0.3290 0.9396 -0.0946
vn 0.0400 0.9888 -0.1436
vn -0.8695 0.4911 -0.0532
vn 0.0346 0.9737 -0.2252
vn 0.0091 0.9801 -0.1982
vn -0.0878 0.9781 -0.1887
vn -0.1065 0.9811 -0.1613
vn -0.5683 0.8110 -0.1392
vn -0.5498 0.8236 -0.1391
vn 0.0227 0.9438 -0.3297
vn -0.3409 0.9389 -0.0484
vn -0.1642 0.9864 -0.0037
vn 0.2848 0.9567 0.0604
vn -0.0372 0.9913 -0.1259
vn 0.5998 0.7794 -0.1811
vn 0.9323 0.3500 -0.0909
vn -0.9002 0.4351 0.0188
vn -0.9234 0.3800 0.0537
vn -0.8673 0.4956 -0.0475
vn 0.0834 0.9887 -0.1243
vn 0.1269 0.9896 0.0672
vn 0.1247 0.9846 -0.1224
vn -0.9993 0.0296 -0.0208
vn -0.9099 0.1121 -0.3993
vn -0.1119 0.9937 -0.0094
vn -0.8275 0.4287 -0.3627
vn -0.4605 0.6691 -0.5833
vn 0.6033 0.7828 -0.1526
vn 0.1301 0.9653 -0.2266
vn 0.1293 0.9718 -0.1974
vn -0.0705 0.9732 -0.2189
vn -0.5858 0.7822 -0.2122
vn -0.5784 0.8147 -0.0415
vn -0.8948 0.4427 -0.0587
vn -0.9018 0.4266 -0.0685
vn 0.1172 0.9863 -0.1164
vn -0.1014 0.9831 -0.1521
vn -0.6516 0.7497 -0.1155
vn -0.8869 0.4564 -0.0715
vn 0.0037 0.9568 -0.2906
vn -0.0866 0.9349 -0.3442
vn -0.5137 0.8320 -0.2096
vn -0.8938 0.4043 -0.1940
vn 0.5410 0.8193 -0.1898
vn -0.0835 0.9796 -0.1827
vn -0.9222 0.3838 -0.0478
vn 0.5486 0.8297 0.1033
vn -0.2803 0.9456 -0.1651
vn 0.1491 0.9494 -0.2763
vn 0.3642 0.9312 0.0107
vn -0.1963 0.9796 -0.0429
vn -0.3978 0.8624 -0.3131
vn 0.0220 0.9745 -0.2231
vn 0.4510 0.8842 -0.1213
vn 0.5267 0.8481 0.0575
vn -0.1816 0.9815 -0.0602
vn 0.7856 0.5997 -0.1524
vn 0.4763 0.8784 0.0379
vn 0.3373 0.9389 -0.0679
vn 0.8461 0.5329 0.0114
vn 0.8670 0.4982 -0.0071
vn 0.8883 0.4586 0.0251
vn 0.8956 0.4427 -0.0442
vn -0.8878 0.4121 0.2050
vn -0.8706 0.4635 0.1651
vn -0.9016 0.4252 0.0793
vn 0.0058 0.9907 -0.1359
vn -0.0704 0.9410 -0.3310
vn 0.9771 0.2080 -0.0452
vn 0.9794 0.1605 -0.1223
vn -0.1226 0.9767 -0.1759
vn 0.4337 0.8993 0.0556
vn 0.8942 0.4425 -0.0681
vn -0.3459 0.9297 -0.1268
vn -0.3412 0.9354 -0.0928
vn -0.1172 0.9873 -0.1074
vn -0.2772 0.9370 0.2125
vn -0.9491 0.3023 -0.0881
vn -0.9272 0.3722 0.0424
vn -0.1910 0.9748 0.1150
vn -0.1613 0.9513 0.2627
vn -0.9575 0.2436 -0.1542
vn -0.1493 0.9834 0.1029
vn -0.1750 0.9840 0.0338
vn -0.5981 0.7995 0.0550
vn -0.0186 0.9654 0.2602
vn -0.4144 0.9036 -0.1083
vn 0.2451 0.9478 0.2039
vn 0.8620 0.4345 0.2611
vn 0.8373 0.5465 0.0156
vn -0.9666 0.2368 0.0982
vn -0.2789 0.9370 0.2105
vn -0.2099 0.9759 0.0592
vn 0.9013 0.4331 -0.0077
vn -0.2226 0.9745 -0.0281
vn 0.9484 0.3138 0.0447
vn -0.8541 0.4622 0.2385
vn 0.0214 0.9065 0.4217
vn -0.0744 0.9513 0.2993
vn -0.5332 0.8178 0.2165
vn -0.8631 0.4761 0.1684
vn -0.1138 0.9357 0.3339
vn -0.2190 0.9427 0.2519
vn -0.5609 0.8111 0.1660
vn -0.8646 0.4801 0.1485
vn 0.3961 0.8730 0.2846
vn -0.2039 0.9371 0.2832
vn -0.8623 0.4907 0.1254
vn -0.8745 0.4774 -0.0860
vn -0.8369 0.4248 -0.3452
vn -0.8841 0.2216 -0.4114
vn -0.9587 0.2495 -0.1364
vn 0.3243 0.9120 0.2513
vn -0.8239 0.4371 -0.3607
vn -0.0088 0.9328 0.3602
vn 0.0319 0.8918 0.4512
vn -0.1755 0.9371 0.3017
vn 0.9065 0.4118 -0.0936
vn -0.3174 0.9145 0.2507
vn -0.4576 0.6772 -0.5761
vn -0.8890 -0.0001 -0.4580
vn -0.9863 -0.0334 -0.1613
vn 0.0168 0.7594 -0.6504
vn -0.8915 0.4463 -0.0774
vn -0.8773 0.4302 -0.2129
vn 0.0094 0.7540 -0.6568
vn 0.9459 0.3245 0.0046
vn 0.9164 0.3715 0.1493
vn 0.9379 0.0679 0.3403
vn -0.9468 0.2815 -0.1560
vn -0.9427 0.3127 -0.1166
vn -0.8743 0.4815 0.0609
vn 0.0157 0.7577 -0.6525
vn 0.0189 0.7613 -0.6481
vn -0.8888 -0.0839 0.4505
vn -0.4926 0.5258 0.6935
vn -0.8526 0.2791 0.4418
vn -0.8080 0.4122 0.4210
vn -0.4035 0.6832 0.6086
vn 0.0167 0.7653 -0.6435
vn 0.0246 0.7645 -0.6442
vn -0.8874 0.4579 -0.0529
vn -0.8856 0.4622 -0.0457
vn -0.9455 -0.1660 -0.2801
vn -0.9337 0.2641 0.2418
vn 0.8135 0.5662 0.1328
vn 0.8092 0.5876 -0.0016
vn -0.9119 0.4073 -0.0500
vn -0.9175 0.3959 -0.0390
vn 0.3924 0.7257 0.5651
vn 0.1791 0.7966 0.5773
vn 0.3039 0.6561 0.6908
vn 0.4258 0.6189 0.6600
vn -0.9252 0.3756 -0.0543
vn -0.9215 0.3694 0.1196
vn -0.8889 0.2976 0.3483
vn 0.8603 0.0072 -0.5098
vn 0.8182 0.0253 -0.5743
vn 0.6504 0.6175 0.4425
vn 0.8015 0.5219 0.2919
vn 0.8337 0.4256 0.3518
vn 0.0138 0.6863 0.7272
vn 0.8788 0.4763 0.0280
vn 0.8801 0.4520 0.1456
vn 0.5931 0.5735 0.5651
vn 0.8547 0.5085 0.1051
vn 0.8663 0.4995 -0.0098
vn 0.8659 0.4788 -0.1448
vn 0.8319 0.4503 -0.3243
vn 0.8646 0.5012 -0.0350
vn 0.9968 0.0039 -0.0800
vn 0.9889 0.1479 0.0148
vn -0.9813 0.1863 0.0481
vn 0.9396 0.3379 0.0537
vn 0.9979 0.0276 0.0589
vn 0.9974 -0.0662 -0.0299
vn 0.0359 0.8026 0.5955
vn -0.9127 -0.0911 -0.3984
vn -0.9865 -0.1290 -0.1010
vn -0.9962 -0.0842 -0.0244
vn -0.9629 0.2692 0.0184
vn -0.9854 -0.1693 -0.0151
vn -0.8922 0.4135 0.1817
vn -0.9389 0.3442 -0.0027
vn -0.9886 -0.1266 -0.0814
vn -0.9654 -0.2109 -0.1534
vn -0.9869 -0.0819 -0.1389
vn -0.8676 0.4928 0.0668
vn -0.9207 0.3766 0.1025
vn -0.8797 0.4530 0.1445
vn -0.8692 0.4342 0.2366
vn -0.9374 -0.0975 0.3343
vn 0.5923 0.8040 -0.0517
vn 0.7735 0.6164 -0.1472
vn 0.9346 0.3399 -0.1051
vn 0.7542 0.6381 0.1550
vn 0.3479 0.9288 -0.1273
vn 0.5037 0.8489 -0.1603
vn 0.7429 0.6642 -0.0838
vn 0.6974 0.6767 -0.2359
vn 0.8610 0.0544 -0.5057
vn -0.8869 0.4586 0.0552
vn -0.8809 0.4683 0.0687
vn -0.8768 0.4733 0.0850
vn -0.8451 0.5326 -0.0468
vn -0.8425 0.5386 0.0076
vn -0.8745 0.4605 0.1523
vn -0.9679 0.2394 0.0759
vn -0.9690 0.2466 0.0160
vn -0.9714 0.2375 -0.0006
vn -0.9959 -0.0818 -0.0387
vn -0.9958 -0.0620 -0.0670
vn -0.8742 0.4849 -0.0235
vn -0.8612 0.5067 0.0409
vn -0.9688 0.2380 -0.0695
vn -0.8689 0.4909 -0.0628
vn -0.8515 0.5145 0.1014
vn -0.9987 0.0393 -0.0334
vn -0.9681 -0.2468 -0.0426
vn -0.9916 0.0804 0.1013
vn -0.9680 -0.2351 -0.0878
vn -0.8824 0.4703 -0.0155
vn -0.8854 0.4648 0.0024
vn -0.8924 0.4361 -0.1156
vn -0.7579 0.6515 0.0331
vn -0.7351 0.6611 0.1502
vn -0.8763 0.4651 -0.1256
vn -0.8776 0.4272 -0.2177
vn -0.9214 0.3829 -0.0671
vn -0.9081 0.4133 -0.0671
vn -0.8745 0.4622 0.1471
vn -0.8494 0.5197 -0.0918
vn -0.8582 0.4913 -0.1486
vn -0.7674 0.6116 -0.1924
vn -0.8925 0.4318 -0.1302
vn -0.8817 0.4460 0.1537
vn 0.8898 0.4508 -0.0713
vn 0.9255 0.3779 -0.0247
vn 0.8707 0.4179 0.2592
vn 0.9093 0.3208 0.2652
vn 0.9733 0.2028 -0.1075
vn 0.9941 0.1061 -0.0234
vn 0.8909 0.4377 -0.1212
vn 0.8983 0.4391 0.0150
vn 0.8449 0.5039 0.1792
vn 0.8898 0.4416 0.1151
vn 0.8843 0.4378 0.1625
vn 0.8285 0.5330 0.1718
vn 0.8774 0.4509 0.1637
vn 0.9225 0.3845 -0.0334
vn 0.9356 0.3359 -0.1088
vn 0.8874 0.4610 -0.0064
vn 0.9137 0.3942 -0.0988
vn 0.8935 0.4326 -0.1204
vn 0.9046 0.4160 -0.0932
vn 0.8935 0.4437 0.0688
vn 0.9136 0.3977 0.0840
vn 0.3234 0.9458 0.0291
vn 0.9186 0.3948 0.0186
vn 0.9791 0.2014 -0.0271
vn 0.9892 0.1193 -0.0853
vn 0.9043 0.4268 0.0051
vn 0.9584 0.2539 0.1301
vn 0.8939 0.4374 0.0984
vn 0.3858 0.8793 -0.2794
vn -0.9738 -0.2249 -0.0346
vn -0.9627 -0.2683 -0.0346
vt 0.607048 0.789412
vt 0.634171 0.789743
vt 0.624330 0.808995
vt 0.597197 0.808458
vt 0.044439 0.098916
vt 0.059201 0.099634
vt 0.057785 0.116383
vt 0.043410 0.115825
vt 0.384821 0.890831
vt 0.373603 0.892935
vt 0.372159 0.876148
vt 0.384562 0.874249
vt 0.072427 0.100568
vt 0.071196 0.117149
vt 0.046042 0.169790
vt 0.030771 0.167470
vt 0.040173 0.150349
vt 0.055539 0.151422
vt 0.371009 0.859061
vt 0.384299 0.856921
vt 0.071124 0.134194
vt 0.057410 0.133572
vt 0.071353 0.069111
vt 0.088669 0.071583
vt 0.089497 0.102560
vt 0.069760 0.151967
vt 0.370874 0.841300
vt 0.384060 0.839057
vt 0.086576 0.038320
vt 0.095443 0.041116
vt 0.094400 0.046115
vt 0.083073 0.044153
vt 0.073672 0.041082
vt 0.077248 0.033772
vt 0.289218 0.067855
vt 0.303039 0.089548
vt 0.277895 0.111352
vt 0.275354 0.081511
vt 0.390390 0.941274
vt 0.394925 0.945911
vt 0.383339 0.955883
vt 0.379203 0.950335
vt 0.369824 0.779803
vt 0.351901 0.783081
vt 0.351118 0.760058
vt 0.363685 0.756721
vt 0.062145 0.219893
vt 0.051949 0.239590
vt 0.038662 0.236387
vt 0.051487 0.216536
vt 0.378093 0.800732
vt 0.365518 0.802861
vt 0.390210 0.777315
vt 0.396743 0.799618
vt 0.364817 0.959393
vt 0.365945 0.927635
vt 0.376199 0.924743
vt 0.278176 0.672905
vt 0.252448 0.672985
vt 0.250519 0.654703
vt 0.275105 0.654005
vt 0.359893 0.895486
vt 0.357742 0.878573
vt 0.059407 0.067687
vt 0.046811 0.066467
vt 0.061026 0.038924
vt 0.386085 0.920792
vt 0.332457 0.623835
vt 0.351844 0.623077
vt 0.353564 0.642298
vt 0.336689 0.643369
vt 0.192858 0.024177
vt 0.191639 0.038968
vt 0.172194 0.040652
vt 0.174006 0.025325
vt 0.372648 0.822384
vt 0.383570 0.820543
vt 0.062254 0.172352
vt 0.125649 0.051073
vt 0.124201 0.058246
vt 0.106118 0.049964
vt 0.105279 0.043486
vt 0.064107 0.197241
vt 0.049085 0.192707
vt 0.033729 0.188689
vt 0.348643 0.806373
vt 0.359435 0.824887
vt 0.458132 0.027166
vt 0.460158 0.044385
vt 0.441172 0.045828
vt 0.438514 0.028894
vt 0.350793 0.715939
vt 0.368038 0.714990
vt 0.376757 0.732685
vt 0.360146 0.733492
vt 0.042728 0.132975
vt 0.305996 0.122275
vt 0.280904 0.130818
vt 0.191619 0.124968
vt 0.188940 0.094447
vt 0.206703 0.090884
vt 0.206550 0.120278
vt 0.354973 0.843858
vt 0.247151 0.050407
vt 0.249230 0.034682
vt 0.269048 0.039929
vt 0.265646 0.055667
vt 0.560485 0.935093
vt 0.558957 0.924176
vt 0.573012 0.921438
vt 0.575946 0.928448
vt 0.308388 0.166194
vt 0.315921 0.188147
vt 0.290821 0.188381
vt 0.285197 0.168656
vt 0.149798 0.050501
vt 0.149819 0.062413
vt 0.125940 0.043407
vt 0.504320 0.954200
vt 0.505318 0.973260
vt 0.486450 0.969364
vt 0.485841 0.949236
vt 0.191363 0.056996
vt 0.207985 0.058484
vt 0.555553 0.824003
vt 0.555375 0.807623
vt 0.571957 0.806820
vt 0.573150 0.823149
vt 0.545979 0.990117
vt 0.544042 0.974964
vt 0.564854 0.975572
vt 0.567372 0.989439
vt 0.260072 0.091548
vt 0.259740 0.125029
vt 0.380196 0.144510
vt 0.404889 0.147478
vt 0.403992 0.164545
vt 0.381567 0.162121
vt 0.503385 0.998313
vt 0.504481 0.985985
vt 0.522388 0.981316
vt 0.523200 0.992464
vt 0.539162 0.940110
vt 0.539330 0.933792
vt 0.604737 0.955876
vt 0.592165 0.953798
vt 0.580018 0.937976
vt 0.596498 0.927176
vt 0.537902 0.908594
vt 0.537816 0.876482
vt 0.557769 0.874398
vt 0.557519 0.902238
vt 0.463347 0.956441
vt 0.464925 0.939627
vt 0.283973 0.207489
vt 0.306118 0.207300
vt 0.306139 0.226780
vt 0.279061 0.228047
vt 0.521789 0.970237
vt 0.542111 0.962823
vt 0.605179 0.886962
vt 0.576535 0.873096
vt 0.575803 0.856476
vt 0.600138 0.867317
vt 0.297504 0.039334
vt 0.285137 0.040391
vt 0.555923 0.840805
vt 0.574115 0.839672
vt 0.557305 0.859150
vt 0.534146 0.789383
vt 0.554369 0.789126
vt 0.535567 0.808290
vt 0.260522 0.169669
vt 0.264552 0.188582
vt 0.243237 0.188644
vt 0.242380 0.169839
vt 0.429672 0.641851
vt 0.397506 0.641052
vt 0.395174 0.622083
vt 0.428174 0.623701
vt 0.496117 0.788903
vt 0.515318 0.788226
vt 0.518397 0.807119
vt 0.501114 0.804484
vt 0.537200 0.841095
vt 0.518103 0.840737
vt 0.519296 0.822119
vt 0.536038 0.823636
vt 0.574215 0.903375
vt 0.561711 0.945023
vt 0.629784 0.907930
vt 0.588364 0.914965
vt 0.617113 0.959174
vt 0.518541 0.876686
vt 0.518331 0.858637
vt 0.537692 0.858926
vt 0.226528 0.064080
vt 0.244804 0.066859
vt 0.243975 0.098743
vt 0.225238 0.094498
vt 0.223763 0.152449
vt 0.206099 0.154401
vt 0.206445 0.136636
vt 0.223626 0.135127
vt 0.211733 0.013493
vt 0.213054 0.001026
vt 0.235274 0.004656
vt 0.232589 0.018766
vt 0.254790 0.011751
vt 0.251651 0.024384
vt 0.069472 0.823674
vt 0.052223 0.800430
vt 0.074822 0.799792
vt 0.089336 0.823346
vt 0.208862 0.041314
vt 0.208300 0.049716
vt 0.191514 0.047626
vt 0.246015 0.058483
vt 0.262408 0.062292
vt 0.259591 0.067584
vt 0.562821 0.961753
vt 0.587566 0.046853
vt 0.600140 0.043921
vt 0.601988 0.073994
vt 0.576955 0.061067
vt 0.601067 0.828913
vt 0.601279 0.848291
vt 0.539960 0.947397
vt 0.521331 0.953419
vt 0.393589 0.112372
vt 0.410306 0.114625
vt 0.407004 0.130795
vt 0.390181 0.127538
vt 0.631714 0.875474
vt 0.571719 0.789670
vt 0.241786 0.152272
vt 0.259918 0.153982
vt 0.606405 0.770357
vt 0.574590 0.769248
vt 0.571719 0.748834
vt 0.604345 0.751093
vt 0.189700 0.177029
vt 0.172419 0.173989
vt 0.172085 0.163331
vt 0.189447 0.160046
vt 0.631485 0.831513
vt 0.631895 0.852036
vt 0.242018 0.824694
vt 0.241269 0.809105
vt 0.258133 0.808095
vt 0.260638 0.823505
vt 0.210080 0.025561
vt 0.230429 0.030778
vt 0.242059 0.123000
vt 0.259783 0.140017
vt 0.241605 0.136310
vt 0.223720 0.119913
vt 0.275334 0.381358
vt 0.302010 0.382895
vt 0.300614 0.402275
vt 0.274501 0.399871
vt 0.466753 0.890316
vt 0.464885 0.868349
vt 0.483646 0.861823
vt 0.484989 0.890425
vt 0.501109 0.868008
vt 0.482666 0.849499
vt 0.500926 0.851008
vt 0.463859 0.856747
vt 0.423401 0.906711
vt 0.412704 0.907218
vt 0.412303 0.881177
vt 0.422846 0.878912
vt 0.482935 0.837292
vt 0.501416 0.834821
vt 0.464485 0.843728
vt 0.484304 0.822921
vt 0.503199 0.818154
vt 0.467338 0.828774
vt 0.457242 0.792675
vt 0.476072 0.792023
vt 0.482099 0.808718
vt 0.463858 0.812140
vt 0.439413 0.794737
vt 0.448777 0.813736
vt 0.265687 0.856303
vt 0.290494 0.866444
vt 0.281042 0.886179
vt 0.261973 0.875571
vt 0.471013 0.773716
vt 0.451721 0.774252
vt 0.446491 0.755746
vt 0.466203 0.754837
vt 0.366774 0.584392
vt 0.374960 0.584406
vt 0.372867 0.602766
vt 0.364183 0.603189
vt 0.071469 0.891289
vt 0.089488 0.887946
vt 0.085735 0.918312
vt 0.070746 0.922651
vt 0.242997 0.840171
vt 0.261852 0.839221
vt 0.244775 0.856950
vt 0.550964 0.731905
vt 0.528017 0.733131
vt 0.526923 0.713641
vt 0.549628 0.714015
vt 0.529404 0.752127
vt 0.509080 0.751868
vt 0.507725 0.733018
vt 0.491670 0.771951
vt 0.487666 0.753813
vt 0.532056 0.770169
vt 0.512107 0.769880
vt 0.307371 0.145766
vt 0.284162 0.150173
vt 0.520581 0.937542
vt 0.520957 0.944884
vt 0.504477 0.942860
vt 0.503835 0.933285
vt 0.486690 0.935165
vt 0.487352 0.922451
vt 0.502213 0.903987
vt 0.466513 0.931411
vt 0.468533 0.922049
vt 0.440062 0.931569
vt 0.444097 0.900954
vt 0.421950 0.937370
vt 0.445182 0.876484
vt 0.284194 0.808752
vt 0.283639 0.827955
vt 0.446402 0.862459
vt 0.446994 0.846568
vt 0.423456 0.866075
vt 0.450812 0.828349
vt 0.424709 0.849978
vt 0.552777 0.769376
vt 0.551438 0.750553
vt 0.426267 0.831668
vt 0.428848 0.814372
vt 0.256748 0.790576
vt 0.281232 0.789939
vt 0.170972 0.676546
vt 0.148088 0.677447
vt 0.148179 0.657350
vt 0.169978 0.657264
vt 0.243153 0.875825
vt 0.183607 0.939393
vt 0.205371 0.937566
vt 0.205181 0.946570
vt 0.183377 0.948450
vt 0.224074 0.841646
vt 0.202849 0.842591
vt 0.205821 0.825891
vt 0.224033 0.825302
vt 0.572748 0.177655
vt 0.572219 0.191394
vt 0.552807 0.190753
vt 0.553263 0.175768
vt 0.552931 0.127419
vt 0.574355 0.128007
vt 0.575493 0.144303
vt 0.552633 0.142286
vt 0.183543 0.957028
vt 0.205222 0.953962
vt 0.225100 0.858130
vt 0.205879 0.860022
vt 0.226230 0.935348
vt 0.226058 0.945804
vt 0.160901 0.942277
vt 0.164400 0.907940
vt 0.184342 0.907787
vt 0.612301 0.041563
vt 0.629359 0.094975
vt 0.280195 0.928561
vt 0.265789 0.943637
vt 0.261734 0.934771
vt 0.271308 0.914861
vt 0.601008 0.116909
vt 0.592050 0.087713
vt 0.632190 0.169277
vt 0.629423 0.190567
vt 0.593107 0.192279
vt 0.602589 0.172034
vt 0.205918 0.970771
vt 0.226330 0.967044
vt 0.228188 0.982014
vt 0.207523 0.988131
vt 0.183830 0.974547
vt 0.184535 0.983610
vt 0.572149 0.227911
vt 0.572318 0.209474
vt 0.600856 0.209918
vt 0.605768 0.228389
vt 0.442246 0.054411
vt 0.443046 0.061676
vt 0.426310 0.061041
vt 0.424869 0.055030
vt 0.068909 0.955584
vt 0.080262 0.951698
vt 0.084158 0.957507
vt 0.072653 0.962910
vt 0.499243 0.123207
vt 0.498972 0.094191
vt 0.517085 0.095191
vt 0.516826 0.124504
vt 0.285543 0.847613
vt 0.557222 0.057794
vt 0.559387 0.041395
vt 0.580137 0.043198
vt 0.520001 0.017053
vt 0.520743 0.008124
vt 0.541767 0.012896
vt 0.540579 0.026196
vt 0.532958 0.208118
vt 0.515034 0.207087
vt 0.517279 0.188837
vt 0.534965 0.189687
vt 0.461123 0.052690
vt 0.438880 0.946915
vt 0.438959 0.939118
vt 0.498977 0.065579
vt 0.517973 0.065973
vt 0.573807 0.099677
vt 0.185522 0.993760
vt 0.208327 0.998126
vt 0.386454 0.181660
vt 0.375815 0.179570
vt 0.367856 0.159816
vt 0.225841 0.952815
vt 0.207179 0.907104
vt 0.207017 0.877453
vt 0.224922 0.876259
vt 0.225264 0.906217
vt 0.245049 0.940606
vt 0.245891 0.952044
vt 0.073247 0.841699
vt 0.070889 0.859054
vt 0.059291 0.859134
vt 0.059480 0.841731
vt 0.140599 0.973300
vt 0.140778 0.957309
vt 0.160649 0.956642
vt 0.160946 0.972851
vt 0.313959 0.808294
vt 0.310689 0.830095
vt 0.552612 0.157328
vt 0.573853 0.160683
vt 0.521358 0.461246
vt 0.497918 0.461414
vt 0.498783 0.442701
vt 0.521815 0.442052
vt 0.209086 0.619235
vt 0.188119 0.619864
vt 0.185894 0.597440
vt 0.208030 0.597203
vt 0.312044 0.851573
vt 0.315921 0.874969
vt 0.625485 0.126124
vt 0.599656 0.135099
vt 0.535155 0.096618
vt 0.534591 0.125644
vt 0.402204 0.048442
vt 0.398222 0.053488
vt 0.389358 0.050624
vt 0.391957 0.043537
vt 0.277350 0.362592
vt 0.254090 0.363662
vt 0.260633 0.342836
vt 0.284275 0.343451
vt 0.630069 0.148574
vt 0.606215 0.153069
vt 0.307983 0.907040
vt 0.574345 0.067735
vt 0.537401 0.067527
vt 0.555357 0.070911
vt 0.553499 0.099080
vt 0.571751 0.074030
vt 0.534547 0.155919
vt 0.516523 0.154986
vt 0.516610 0.139448
vt 0.534647 0.140757
vt 0.562782 0.012703
vt 0.561019 0.027489
vt 0.230608 0.999023
vt 0.518633 0.046036
vt 0.518300 0.056097
vt 0.499008 0.054045
vt 0.498956 0.044388
vt 0.556195 0.065138
vt 0.302996 0.966123
vt 0.291429 0.962940
vt 0.279445 0.959345
vt 0.246199 0.965650
vt 0.248861 0.978438
vt 0.251702 0.992902
vt 0.407561 0.183462
vt 0.259040 0.905170
vt 0.393898 0.081364
vt 0.409326 0.084465
vt 0.365274 0.142773
vt 0.372717 0.126394
vt 0.071106 0.875426
vt 0.058562 0.876213
vt 0.091895 0.840302
vt 0.374906 0.201201
vt 0.365854 0.199306
vt 0.361113 0.176017
vt 0.058362 0.892817
vt 0.090068 0.856441
vt 0.377266 0.110792
vt 0.260583 0.211797
vt 0.257233 0.228457
vt 0.273109 0.029564
vt 0.193210 0.016051
vt 0.583850 0.017404
vt 0.581986 0.030093
vt 0.228107 0.046870
vt 0.420660 0.032463
vt 0.423261 0.048061
vt 0.412577 0.056565
vt 0.355596 0.157667
vt 0.324698 0.503662
vt 0.311451 0.503419
vt 0.314017 0.483544
vt 0.325825 0.484243
vt 0.052873 0.823936
vt 0.413701 0.052385
vt 0.095055 0.948708
vt 0.095999 0.953456
vt 0.355386 0.141110
vt 0.044737 0.616148
vt 0.062800 0.616574
vt 0.058681 0.637127
vt 0.038367 0.638777
vt 0.360536 0.124809
vt 0.365261 0.108945
vt 0.372943 0.078720
vt 0.383732 0.080481
vt 0.058513 0.924799
vt 0.377742 0.046865
vt 0.416081 0.962815
vt 0.418093 0.949515
vt 0.436397 0.961894
vt 0.046371 0.927015
vt 0.045274 0.894179
vt 0.046568 0.876840
vt 0.048793 0.858986
vt 0.150652 0.014973
vt 0.151555 0.002818
vt 0.173611 0.007063
vt 0.173562 0.016510
vt 0.462421 0.987374
vt 0.462900 0.972046
vt 0.485010 0.983202
vt 0.483346 0.995689
vt 0.438535 0.991562
vt 0.438092 0.975062
vt 0.550927 0.209307
vt 0.535019 0.174626
vt 0.516894 0.173175
vt 0.499099 0.172735
vt 0.499328 0.153685
vt 0.482110 0.171510
vt 0.485953 0.151863
vt 0.519824 0.910088
vt 0.414888 0.036328
vt 0.418582 0.048529
vt 0.414711 0.048961
vt 0.408228 0.040665
vt 0.150019 0.027516
vt 0.125413 0.027454
vt 0.127353 0.016993
vt 0.104221 0.025547
vt 0.103647 0.014832
vt 0.277561 0.017897
vt 0.102858 0.000980
vt 0.127425 0.003810
vt 0.193490 0.006215
vt 0.587673 0.969620
vt 0.590711 0.982270
vt 0.412911 0.992797
vt 0.414762 0.975511
vt 0.583300 0.957589
vt 0.482443 0.136816
vt 0.499200 0.137415
vt 0.497148 0.206170
vt 0.480430 0.205892
vt 0.483612 0.187770
vt 0.499919 0.188240
vt 0.465090 0.151440
vt 0.466764 0.134407
vt 0.482348 0.122049
vt 0.465658 0.121503
vt 0.462663 0.092221
vt 0.480857 0.093591
vt 0.445467 0.119760
vt 0.442747 0.090144
vt 0.461921 0.061807
vt 0.480986 0.064433
vt 0.059262 0.967538
vt 0.055230 0.959669
vt 0.464500 0.169394
vt 0.441711 0.168863
vt 0.441112 0.152069
vt 0.466866 0.209764
vt 0.444148 0.206491
vt 0.448210 0.186864
vt 0.469241 0.187777
vt 0.538221 0.049835
vt 0.539648 0.033689
vt 0.428138 0.186082
vt 0.423562 0.166122
vt 0.444819 0.134873
vt 0.423290 0.150185
vt 0.424147 0.133164
vt 0.425040 0.116375
vt 0.425116 0.087401
vt 0.524385 0.694555
vt 0.547933 0.694760
vt 0.504211 0.713661
vt 0.462287 0.734187
vt 0.485627 0.733961
vt 0.441006 0.733332
vt 0.443039 0.709876
vt 0.461698 0.712635
vt 0.522596 0.675953
vt 0.546892 0.675541
vt 0.501663 0.694763
vt 0.482165 0.713685
vt 0.437179 0.692363
vt 0.456576 0.694531
vt 0.496908 0.639660
vt 0.519874 0.638657
vt 0.520652 0.657282
vt 0.496792 0.657773
vt 0.499267 0.676205
vt 0.478108 0.695491
vt 0.432901 0.676348
vt 0.452480 0.677130
vt 0.471861 0.640442
vt 0.471853 0.658732
vt 0.475188 0.676923
vt 0.428487 0.659035
vt 0.392293 0.659698
vt 0.546018 0.636683
vt 0.545917 0.656388
vt 0.447627 0.641169
vt 0.448416 0.659203
vt 0.186439 0.361944
vt 0.158116 0.362230
vt 0.157754 0.343360
vt 0.183318 0.342334
vt 0.231915 0.362188
vt 0.209169 0.361412
vt 0.208433 0.341298
vt 0.233103 0.341323
vt 0.209923 0.321654
vt 0.185438 0.322580
vt 0.189085 0.302129
vt 0.211643 0.301921
vt 0.423890 0.482317
vt 0.405219 0.484253
vt 0.404529 0.462996
vt 0.423221 0.460642
vt 0.376590 0.425985
vt 0.394497 0.423532
vt 0.382430 0.444865
vt 0.372842 0.445369
vt 0.545432 0.616900
vt 0.520551 0.619069
vt 0.521349 0.598468
vt 0.544560 0.597612
vt 0.472051 0.622091
vt 0.447731 0.622248
vt 0.452769 0.602311
vt 0.473921 0.601639
vt 0.432732 0.602160
vt 0.421496 0.795558
vt 0.037690 0.299659
vt 0.038817 0.320829
vt 0.024584 0.317542
vt 0.023679 0.296554
vt 0.433532 0.774074
vt 0.426685 0.755173
vt 0.409846 0.775301
vt 0.414576 0.732883
vt 0.400358 0.752997
vt 0.407953 0.714650
vt 0.393258 0.730998
vt 0.403859 0.695954
vt 0.385401 0.714139
vt 0.398921 0.677561
vt 0.379742 0.695686
vt 0.374246 0.677472
vt 0.370137 0.660428
vt 0.571141 0.656300
vt 0.571450 0.675067
vt 0.597329 0.674291
vt 0.599866 0.654821
vt 0.571980 0.694364
vt 0.571775 0.713780
vt 0.306608 0.344483
vt 0.284468 0.323885
vt 0.311461 0.325480
vt 0.570658 0.731700
vt 0.282039 0.303975
vt 0.308060 0.305685
vt 0.281666 0.284778
vt 0.309587 0.286303
vt 0.279914 0.265781
vt 0.307786 0.266460
vt 0.278750 0.247268
vt 0.306944 0.246519
vt 0.257877 0.302063
vt 0.258276 0.321369
vt 0.236349 0.264365
vt 0.215781 0.264083
vt 0.217937 0.245963
vt 0.237545 0.245964
vt 0.213391 0.283183
vt 0.190800 0.282750
vt 0.195250 0.263727
vt 0.164673 0.302793
vt 0.140321 0.301478
vt 0.146519 0.281457
vt 0.166900 0.282512
vt 0.219713 0.228257
vt 0.238705 0.227885
vt 0.198859 0.246261
vt 0.150354 0.261342
vt 0.174391 0.262850
vt 0.278463 0.537542
vt 0.303395 0.537722
vt 0.298818 0.556643
vt 0.273289 0.556637
vt 0.124273 0.259210
vt 0.129134 0.240633
vt 0.154923 0.241515
vt 0.235313 0.283106
vt 0.221460 0.209835
vt 0.240957 0.210059
vt 0.202230 0.230528
vt 0.181728 0.245842
vt 0.135759 0.221877
vt 0.159477 0.223104
vt 0.629698 0.692737
vt 0.601529 0.693506
vt 0.624440 0.673363
vt 0.206544 0.173545
vt 0.224253 0.170975
vt 0.224288 0.189288
vt 0.206244 0.191261
vt 0.201844 0.210257
vt 0.183005 0.228873
vt 0.141555 0.203147
vt 0.163327 0.208840
vt 0.629866 0.712097
vt 0.602500 0.712660
vt 0.189237 0.193297
vt 0.183731 0.211739
vt 0.126684 0.161592
vt 0.148570 0.168062
vt 0.150088 0.185307
vt 0.129956 0.182010
vt 0.632886 0.731561
vt 0.599936 0.731552
vt 0.275852 0.518434
vt 0.249574 0.517078
vt 0.247079 0.498825
vt 0.270706 0.499530
vt 0.171315 0.188782
vt 0.179742 0.521470
vt 0.160589 0.519856
vt 0.156332 0.498500
vt 0.180292 0.497335
vt 0.634074 0.751237
vt 0.226222 0.518782
vt 0.203270 0.519213
vt 0.203332 0.497845
vt 0.225798 0.498699
vt 0.203672 0.479966
vt 0.180347 0.479235
vt 0.181589 0.461177
vt 0.204856 0.461803
vt 0.634568 0.770605
vt 0.233882 0.321695
vt 0.161024 0.323145
vt 0.234573 0.302074
vt 0.133882 0.321419
vt 0.127881 0.357321
vt 0.105169 0.356052
vt 0.106523 0.338260
vt 0.129388 0.339430
vt 0.111332 0.320673
vt 0.115849 0.300460
vt 0.085126 0.355728
vt 0.086194 0.338060
vt 0.088130 0.319661
vt 0.092433 0.299662
vt 0.572316 0.636567
vt 0.571729 0.616248
vt 0.602072 0.615967
vt 0.602383 0.635410
vt 0.122027 0.280744
vt 0.064951 0.338172
vt 0.067992 0.320764
vt 0.098210 0.280027
vt 0.069520 0.300060
vt 0.102644 0.259755
vt 0.076208 0.279671
vt 0.107929 0.240439
vt 0.082129 0.260341
vt 0.113731 0.221133
vt 0.087886 0.240985
vt 0.119549 0.201547
vt 0.094379 0.221396
vt 0.102731 0.202744
vt 0.106931 0.179517
vt 0.257072 0.246422
vt 0.256402 0.264689
vt 0.256237 0.282776
vt 0.249107 0.465946
vt 0.271274 0.461865
vt 0.270008 0.481163
vt 0.246657 0.482291
vt 0.230715 0.416839
vt 0.205272 0.418270
vt 0.208418 0.395605
vt 0.230523 0.396910
vt 0.207557 0.438275
vt 0.183693 0.439227
vt 0.180543 0.416369
vt 0.156824 0.460058
vt 0.131408 0.458978
vt 0.135357 0.439558
vt 0.159491 0.437904
vt 0.033821 0.394304
vt 0.055106 0.394764
vt 0.048384 0.416630
vt 0.030950 0.417345
vt 0.209177 0.378805
vt 0.231101 0.379664
vt 0.186782 0.394441
vt 0.140993 0.418311
vt 0.162455 0.414643
vt 0.279317 0.692319
vt 0.305234 0.691349
vt 0.312305 0.710101
vt 0.285646 0.711727
vt 0.116495 0.420705
vt 0.114073 0.398822
vt 0.137171 0.398848
vt 0.233114 0.438905
vt 0.188706 0.378516
vt 0.158787 0.399424
vt 0.104372 0.373574
vt 0.129809 0.377502
vt 0.626916 0.537668
vt 0.601100 0.538473
vt 0.598937 0.518683
vt 0.627049 0.518303
vt 0.157039 0.380304
vt 0.622686 0.557066
vt 0.597769 0.558357
vt 0.191924 0.675812
vt 0.190679 0.656917
vt 0.617866 0.576711
vt 0.587134 0.578199
vt 0.628785 0.595991
vt 0.599396 0.596868
vt 0.232578 0.674259
vt 0.212328 0.675348
vt 0.211213 0.656177
vt 0.231176 0.655523
vt 0.209994 0.637907
vt 0.189687 0.638198
vt 0.629402 0.615274
vt 0.226282 0.481072
vt 0.156458 0.478923
vt 0.227910 0.463366
vt 0.131636 0.478452
vt 0.137548 0.517905
vt 0.114473 0.517116
vt 0.106826 0.497213
vt 0.132189 0.498099
vt 0.106014 0.478428
vt 0.106006 0.459607
vt 0.093612 0.516064
vt 0.084665 0.496358
vt 0.083221 0.477978
vt 0.083491 0.459660
vt 0.567490 0.479074
vt 0.568062 0.461427
vt 0.590794 0.460508
vt 0.592203 0.479498
vt 0.110194 0.440598
vt 0.063329 0.495094
vt 0.062789 0.477178
vt 0.089392 0.440982
vt 0.065322 0.460184
vt 0.097555 0.418437
vt 0.067677 0.440698
vt 0.094139 0.398415
vt 0.067488 0.416489
vt 0.084119 0.373496
vt 0.068654 0.393712
vt 0.069176 0.372449
vt 0.068011 0.355659
vt 0.252212 0.380516
vt 0.251830 0.396867
vt 0.252962 0.414480
vt 0.261316 0.440591
vt 0.249711 0.619692
vt 0.273203 0.615952
vt 0.273165 0.635278
vt 0.249700 0.636974
vt 0.229210 0.576723
vt 0.207114 0.577139
vt 0.206009 0.558230
vt 0.227865 0.557501
vt 0.185738 0.576741
vt 0.166584 0.619552
vt 0.143336 0.618286
vt 0.142245 0.598065
vt 0.163860 0.597508
vt 0.204260 0.537906
vt 0.227354 0.537640
vt 0.184873 0.558783
vt 0.140181 0.578786
vt 0.161551 0.578966
vt 0.116913 0.577381
vt 0.113089 0.556382
vt 0.136352 0.556329
vt 0.230637 0.596879
vt 0.182276 0.537886
vt 0.160443 0.558109
vt 0.115409 0.536820
vt 0.138031 0.537942
vt 0.623555 0.383242
vt 0.596250 0.383073
vt 0.600639 0.363602
vt 0.626277 0.364180
vt 0.161611 0.538044
vt 0.615492 0.402358
vt 0.591246 0.402507
vt 0.622558 0.421541
vt 0.596986 0.421824
vt 0.623744 0.440806
vt 0.597156 0.441208
vt 0.146201 0.152758
vt 0.619475 0.460120
vt 0.073296 0.260076
vt 0.067722 0.279575
vt 0.230264 0.637542
vt 0.169084 0.638406
vt 0.229982 0.619380
vt 0.145089 0.638326
vt 0.128741 0.677195
vt 0.124584 0.656839
vt 0.120835 0.636897
vt 0.119095 0.617709
vt 0.104418 0.677038
vt 0.100239 0.655498
vt 0.097928 0.636420
vt 0.096670 0.617483
vt 0.119091 0.598379
vt 0.080050 0.654544
vt 0.077090 0.636085
vt 0.097073 0.598012
vt 0.077438 0.617127
vt 0.092261 0.576818
vt 0.074779 0.598361
vt 0.090574 0.555770
vt 0.069560 0.576321
vt 0.093754 0.535765
vt 0.068258 0.553997
vt 0.069116 0.534391
vt 0.069117 0.514771
vt 0.251673 0.537280
vt 0.249464 0.557009
vt 0.250876 0.574967
vt 0.256987 0.596789
vt 0.234040 0.693245
vt 0.254478 0.692062
vt 0.258256 0.713286
vt 0.236128 0.714474
vt 0.190444 0.141692
vt 0.171177 0.151083
vt 0.170967 0.135417
vt 0.146295 0.140854
vt 0.147488 0.129040
vt 0.149487 0.107024
vt 0.167940 0.104819
vt 0.124492 0.109273
vt 0.125810 0.081533
vt 0.150078 0.075019
vt 0.171058 0.061664
vt 0.367871 0.966251
vt 0.105332 0.158369
vt 0.124896 0.142674
vt 0.124685 0.125160
vt 0.106516 0.137318
vt 0.106604 0.120955
vt 0.106299 0.104695
vt 0.106098 0.073969
vt 0.303626 0.363570
vt 0.568541 0.596626
vt 0.627465 0.653901
vt 0.629048 0.634601
vt 0.567142 0.579839
vt 0.570016 0.561239
vt 0.544212 0.578991
vt 0.574036 0.539561
vt 0.545108 0.560236
vt 0.571178 0.518240
vt 0.545956 0.539257
vt 0.598564 0.498883
vt 0.626950 0.498896
vt 0.622036 0.479463
vt 0.301249 0.518698
vt 0.545788 0.518638
vt 0.545410 0.499164
vt 0.570154 0.498189
vt 0.569536 0.441920
vt 0.309069 0.422721
vt 0.277046 0.419842
vt 0.301813 0.441753
vt 0.282366 0.441007
vt 0.296473 0.461026
vt 0.296548 0.480364
vt 0.296663 0.499524
vt 0.569052 0.421844
vt 0.544849 0.441742
vt 0.544766 0.461063
vt 0.567851 0.402399
vt 0.545122 0.421073
vt 0.569590 0.383875
vt 0.545879 0.402213
vt 0.572374 0.363195
vt 0.546897 0.382792
vt 0.598682 0.343932
vt 0.625788 0.345025
vt 0.622681 0.325680
vt 0.599589 0.324312
vt 0.599526 0.304552
vt 0.625584 0.306544
vt 0.306150 0.671997
vt 0.548095 0.362580
vt 0.548670 0.341688
vt 0.570467 0.342478
vt 0.621093 0.286886
vt 0.597800 0.284909
vt 0.594883 0.265556
vt 0.622346 0.267599
vt 0.572447 0.302298
vt 0.571246 0.281765
vt 0.550071 0.302710
vt 0.572704 0.322800
vt 0.549540 0.322312
vt 0.545132 0.480263
vt 0.299879 0.575741
vt 0.275969 0.576147
vt 0.307352 0.594584
vt 0.283112 0.595591
vt 0.300322 0.614101
vt 0.299302 0.633572
vt 0.301386 0.652842
vt 0.214009 0.694050
vt 0.193286 0.695493
vt 0.550404 0.282936
vt 0.600564 0.247051
vt 0.631285 0.248382
vt 0.571166 0.262888
vt 0.215401 0.715708
vt 0.194040 0.717225
vt 0.549963 0.263882
vt 0.634568 0.228907
vt 0.572530 0.245691
vt 0.218402 0.737767
vt 0.198594 0.737476
vt 0.550243 0.245522
vt 0.633819 0.209502
vt 0.220165 0.755802
vt 0.201966 0.756184
vt 0.549615 0.227150
vt 0.182727 0.827651
vt 0.183179 0.810691
vt 0.206599 0.810636
vt 0.221570 0.773812
vt 0.204209 0.773678
vt 0.223861 0.809895
vt 0.239930 0.791105
vt 0.222399 0.791623
vt 0.239059 0.773198
vt 0.203809 0.791476
vt 0.314092 0.729190
vt 0.283490 0.731633
vt 0.308029 0.749344
vt 0.280863 0.751584
vt 0.306996 0.769317
vt 0.280753 0.770931
vt 0.309082 0.789005
vt 0.256678 0.772457
vt 0.256246 0.754167
vt 0.256966 0.734969
vt 0.176101 0.774258
vt 0.156043 0.773718
vt 0.154607 0.755013
vt 0.176386 0.754893
vt 0.238219 0.754884
vt 0.237249 0.735925
vt 0.154601 0.736007
vt 0.175350 0.735198
vt 0.132564 0.754903
vt 0.131944 0.736196
vt 0.152236 0.717093
vt 0.173572 0.718357
vt 0.128768 0.717728
vt 0.150341 0.697167
vt 0.171703 0.697378
vt 0.127750 0.698995
vt 0.496703 0.621297
vt 0.058632 0.416420
vt 0.060173 0.438501
vt 0.177799 0.789245
vt 0.161808 0.830743
vt 0.164417 0.811993
vt 0.164066 0.791640
vt 0.141030 0.834851
vt 0.142779 0.817746
vt 0.145991 0.793703
vt 0.136902 0.772730
vt 0.126099 0.837597
vt 0.125493 0.822123
vt 0.122685 0.795844
vt 0.115804 0.773195
vt 0.106977 0.824223
vt 0.095412 0.798734
vt 0.113045 0.754813
vt 0.096451 0.773302
vt 0.113392 0.736298
vt 0.093414 0.755211
vt 0.108529 0.717847
vt 0.092695 0.736608
vt 0.106062 0.698853
vt 0.088217 0.717957
vt 0.084022 0.698319
vt 0.080137 0.676763
vt 0.519072 0.577910
vt 0.455326 0.578312
vt 0.473749 0.576986
vt 0.327387 0.680567
vt 0.312324 0.682701
vt 0.308293 0.662771
vt 0.324711 0.661573
vt 0.430143 0.581025
vt 0.519653 0.558630
vt 0.447297 0.559372
vt 0.470229 0.557741
vt 0.426660 0.560629
vt 0.519928 0.538817
vt 0.445462 0.540508
vt 0.469557 0.539623
vt 0.424322 0.542206
vt 0.520837 0.518953
vt 0.445349 0.521498
vt 0.469509 0.521755
vt 0.423930 0.523072
vt 0.496943 0.480685
vt 0.522189 0.480727
vt 0.520827 0.499669
vt 0.495620 0.499989
vt 0.447870 0.481614
vt 0.448276 0.501594
vt 0.422666 0.502101
vt 0.402791 0.503886
vt 0.448069 0.461558
vt 0.400673 0.261022
vt 0.409971 0.261337
vt 0.407916 0.280280
vt 0.399238 0.280428
vt 0.473220 0.461460
vt 0.449637 0.441474
vt 0.474914 0.441875
vt 0.426472 0.441430
vt 0.370728 0.641848
vt 0.032464 0.456985
vt 0.028151 0.476909
vt 0.014087 0.477073
vt 0.020059 0.456863
vt 0.396942 0.602442
vt 0.370568 0.622411
vt 0.496972 0.599720
vt 0.397450 0.583658
vt 0.494286 0.576647
vt 0.396015 0.565222
vt 0.494570 0.557941
vt 0.399763 0.544521
vt 0.371648 0.565985
vt 0.495034 0.538521
vt 0.405461 0.524856
vt 0.372164 0.544586
vt 0.494326 0.517680
vt 0.372567 0.523561
vt 0.472048 0.480421
vt 0.473099 0.501513
vt 0.373462 0.503222
vt 0.523003 0.420902
vt 0.348996 0.407539
vt 0.366695 0.407074
vt 0.367373 0.426223
vt 0.350372 0.426113
vt 0.458071 0.422517
vt 0.479137 0.422271
vt 0.320807 0.523907
vt 0.309302 0.523459
vt 0.432228 0.422392
vt 0.523491 0.401661
vt 0.453953 0.402291
vt 0.478620 0.402188
vt 0.430637 0.402417
vt 0.524297 0.382151
vt 0.455686 0.382595
vt 0.479246 0.382367
vt 0.431952 0.382522
vt 0.524978 0.361994
vt 0.457155 0.363188
vt 0.481366 0.362728
vt 0.434284 0.362978
vt 0.506938 0.322537
vt 0.528176 0.322438
vt 0.526739 0.342033
vt 0.505789 0.341529
vt 0.509785 0.302733
vt 0.529512 0.303009
vt 0.443444 0.322918
vt 0.466998 0.325333
vt 0.460990 0.344046
vt 0.438273 0.343128
vt 0.422843 0.322285
vt 0.417281 0.343831
vt 0.443863 0.299370
vt 0.468195 0.301404
vt 0.529999 0.282768
vt 0.489286 0.302189
vt 0.471660 0.280797
vt 0.490339 0.282527
vt 0.447381 0.281341
vt 0.375783 0.484290
vt 0.022694 0.640455
vt 0.030841 0.617653
vt 0.405762 0.442675
vt 0.379687 0.465525
vt 0.411052 0.422683
vt 0.501979 0.421349
vt 0.408523 0.402334
vt 0.500898 0.401382
vt 0.408731 0.381906
vt 0.392495 0.403953
vt 0.501707 0.381925
vt 0.412552 0.362403
vt 0.391415 0.383332
vt 0.502358 0.361480
vt 0.393639 0.363200
vt 0.486289 0.324173
vt 0.484513 0.343710
vt 0.398515 0.343175
vt 0.530374 0.263934
vt 0.473719 0.262150
vt 0.491857 0.264039
vt 0.451647 0.262235
vt 0.531135 0.245522
vt 0.478217 0.243427
vt 0.493861 0.243977
vt 0.457578 0.243803
vt 0.531435 0.226658
vt 0.479036 0.225523
vt 0.495681 0.225276
vt 0.458110 0.225832
vt 0.059116 0.777865
vt 0.078616 0.775990
vt 0.519279 0.028051
vt 0.398853 0.320452
vt 0.424266 0.298219
vt 0.427498 0.280784
vt 0.405791 0.298405
vt 0.510144 0.282794
vt 0.429550 0.262193
vt 0.511004 0.263746
vt 0.433438 0.243679
vt 0.512251 0.244854
vt 0.436264 0.225475
vt 0.414768 0.242776
vt 0.514022 0.226270
vt 0.420420 0.225716
vt 0.424873 0.207653
vt 0.084360 0.175223
vt 0.088659 0.154067
vt 0.457451 0.014557
vt 0.456681 0.001548
vt 0.478093 0.000977
vt 0.478246 0.013973
vt 0.258681 0.927863
vt 0.141740 0.998586
vt 0.141214 0.985260
vt 0.162305 0.984017
vt 0.163678 0.996711
vt 0.119539 0.998260
vt 0.120688 0.985267
vt 0.121399 0.973095
vt 0.122814 0.958371
vt 0.104320 0.972376
vt 0.105741 0.957975
vt 0.089171 0.118825
vt 0.015744 0.681268
vt 0.027835 0.679708
vt 0.024448 0.700373
vt 0.015917 0.701319
vt 0.041917 0.677724
vt 0.039720 0.698627
vt 0.343691 0.358462
vt 0.332372 0.357260
vt 0.337099 0.337605
vt 0.349545 0.339077
vt 0.498756 0.026353
vt 0.499131 0.013146
vt 0.337643 0.503695
vt 0.338786 0.485021
vt 0.478384 0.026187
vt 0.406226 0.935370
vt 0.406972 0.942420
vt 0.436994 0.016459
vt 0.417401 0.020945
vt 0.414032 0.007822
vt 0.435293 0.003397
vt 0.499509 0.001015
vt 0.271524 0.977336
vt 0.274230 0.989652
vt 0.098086 0.995202
vt 0.101178 0.982894
vt 0.268989 0.964810
vt 0.360888 0.340421
vt 0.349641 0.319240
vt 0.361379 0.320934
vt 0.089819 0.135659
vt 0.376714 0.238612
vt 0.394884 0.240855
vt 0.389882 0.260704
vt 0.369722 0.259738
vt 0.363157 0.301290
vt 0.352591 0.299709
vt 0.356406 0.280659
vt 0.366015 0.282417
vt 0.051012 0.717740
vt 0.035832 0.719244
vt 0.042001 0.657779
vt 0.061690 0.656430
vt 0.061716 0.677189
vt 0.355910 0.257837
vt 0.059719 0.737898
vt 0.045423 0.739790
vt 0.062766 0.697919
vt 0.365793 0.237734
vt 0.055875 0.759030
vt 0.041684 0.761267
vt 0.070179 0.717804
vt 0.371427 0.219566
vt 0.382235 0.221028
vt 0.043774 0.780882
vt 0.076764 0.737187
vt 0.022824 0.804018
vt 0.036617 0.802307
vt 0.035846 0.824646
vt 0.002124 0.517014
vt 0.012252 0.516069
vt 0.012132 0.536001
vt 0.000977 0.537144
vt 0.022228 0.515158
vt 0.024169 0.534733
vt 0.274203 0.042244
vt 0.343815 0.298295
vt 0.345871 0.278720
vt 0.307664 0.643913
vt 0.322594 0.643273
vt 0.338674 0.660532
vt 0.026528 0.659867
vt 0.363696 0.445613
vt 0.345375 0.446036
vt 0.338511 0.317611
vt 0.050462 0.457417
vt 0.045912 0.476722
vt 0.074949 0.756950
vt 0.340039 0.255552
vt 0.350833 0.235898
vt 0.356017 0.217038
vt 0.242730 0.905294
vt 0.244384 0.930779
vt 0.002084 0.497174
vt 0.013455 0.496484
vt 0.026550 0.783456
vt 0.098040 0.969639
vt 0.100815 0.957685
vt 0.026088 0.763615
vt 0.031376 0.741689
vt 0.019272 0.720996
vt 0.342993 0.465838
vt 0.330860 0.464739
vt 0.331577 0.444585
vt 0.028618 0.554054
vt 0.018105 0.555319
vt 0.022911 0.495918
vt 0.043750 0.495786
vt 0.047203 0.515056
vt 0.336034 0.424591
vt 0.030242 0.575060
vt 0.019706 0.575889
vt 0.047572 0.534463
vt 0.336912 0.405046
vt 0.033103 0.595099
vt 0.022698 0.595736
vt 0.045548 0.554768
vt 0.333475 0.380287
vt 0.349735 0.382599
vt 0.046094 0.576090
vt 0.012121 0.641624
vt 0.011821 0.661776
vt 0.355380 0.359148
vt 0.007256 0.354042
vt 0.019678 0.354147
vt 0.020862 0.372928
vt 0.007472 0.373540
vt 0.029277 0.354251
vt 0.031939 0.370958
vt 0.045816 0.841877
vt 0.318951 0.463625
vt 0.318352 0.443084
vt 0.334791 0.544932
vt 0.319935 0.544029
vt 0.334153 0.524244
vt 0.382573 0.202806
vt 0.341252 0.584347
vt 0.358656 0.584367
vt 0.355406 0.603512
vt 0.337980 0.604330
vt 0.357179 0.484608
vt 0.355288 0.503663
vt 0.053534 0.299567
vt 0.054392 0.320736
vt 0.054052 0.596916
vt 0.321835 0.422867
vt 0.323403 0.402895
vt 0.381286 0.320397
vt 0.379210 0.341274
vt 0.322539 0.378765
vt 0.017108 0.619004
vt 0.009899 0.596714
vt 0.007313 0.576980
vt 0.006041 0.556714
vt 0.337215 0.563674
vt 0.353938 0.564827
vt 0.319354 0.624302
vt 0.322838 0.604395
vt 0.018409 0.394840
vt 0.033806 0.338904
vt 0.049771 0.338427
vt 0.049802 0.355317
vt 0.325909 0.584492
vt 0.018051 0.415833
vt 0.053508 0.373889
vt 0.324113 0.563559
vt 0.029345 0.438247
vt 0.014492 0.437088
vt 0.003459 0.477061
vt 0.039558 0.213361
vt 0.307083 0.624853
vt 0.309132 0.604289
vt 0.025129 0.336791
vt 0.382879 0.755076
vt 0.354433 0.660448
vt 0.047955 0.438365
vt 0.311661 0.584279
vt 0.311266 0.563541
vt 0.388851 0.301234
vt 0.306745 0.543674
vt 0.403379 0.818489
vt 0.005291 0.456663
vt 0.001064 0.436377
vt 0.002463 0.415414
vt 0.004713 0.394853
vt 0.088943 0.201069
vt 0.350018 0.737131
vt 0.047803 0.259517
vt 0.032145 0.256095
vt 0.077729 0.220355
vt 0.338659 0.719260
vt 0.041492 0.279204
vt 0.022456 0.275186
vt 0.069912 0.240089
vt 0.333346 0.699755
vt 0.345993 0.696930
vt 0.064838 0.259885
vt 0.011096 0.314836
vt 0.009523 0.335033
vt 0.102143 0.946697
vt 0.108562 0.944970
vt 0.107108 0.951136
vt 0.101592 0.952147
vt 0.341471 0.678275
vt 0.096868 0.957193
vt 0.336986 0.763475
vt 0.335961 0.741507
vt 0.329003 0.721785
vt 0.361737 0.465595
vt 0.319884 0.702609
vt 0.088711 0.964094
vt 0.011590 0.293810
vt 0.011791 0.272772
vt 0.015184 0.252321
vt 0.024977 0.233076
vt 0.123478 0.943680
vt 0.123248 0.951113
vt 0.076482 0.970409
vt 0.087812 0.774758
vt 0.085303 0.799219
vt 0.093918 0.980754
vt 0.086448 0.978362
vt 0.091167 0.966301
vt 0.413520 0.936584
vt 0.419540 0.944211
vt 0.412493 0.943414
vt 0.098243 0.136404
vt 0.097067 0.155697
vt 0.089740 0.872420
vt 0.405719 0.010348
vt 0.409805 0.023946
vt 0.104832 0.037409
vt 0.099775 0.037396
vt 0.098927 0.027744
vt 0.090484 0.031960
vt 0.096404 0.037583
vt 0.379172 0.038628
vt 0.381375 0.030758
vt 0.394519 0.035994
vt 0.084739 0.736883
vt 0.084252 0.756057
vt 0.160600 0.949184
vt 0.093079 0.030412
vt 0.397574 0.013363
vt 0.402231 0.027787
vt 0.171476 0.049797
vt 0.406715 0.042147
vt 0.414335 0.148820
vt 0.413419 0.165204
vt 0.096881 0.072935
vt 0.097495 0.103609
vt 0.398710 0.970659
vt 0.405788 0.973197
vt 0.404426 0.991311
vt 0.397386 0.989983
vt 0.097745 0.119809
vt 0.099895 0.047818
vt 0.099738 0.042164
vt 0.479594 0.043221
vt 0.480208 0.053624
vt 0.407613 0.946500
vt 0.399402 0.951356
vt 0.386528 0.961230
vt 0.411742 0.948039
vt 0.096528 0.016044
vt 0.417058 0.085955
vt 0.418238 0.115701
vt 0.355572 0.861480
vt 0.408669 0.958842
vt 0.401435 0.953914
vt 0.090204 0.993141
vt 0.082420 0.991081
vt 0.415156 0.132216
vt 0.404076 0.910281
vt 0.419765 0.058843
vt 0.371313 0.971771
vt 0.419348 0.053805
vt 0.403076 0.884998
vt 0.400025 0.776286
vt 0.406000 0.798727
vt 0.184515 0.875681
vt 0.094556 0.001356
vt 0.413137 0.817070
vt 0.412753 0.834115
vt 0.403198 0.836153
vt 0.062143 0.031549
vt 0.062342 0.025008
vt 0.078425 0.027165
vt 0.087839 0.002455
vt 0.090294 0.018188
vt 0.140418 0.949651
vt 0.139929 0.942642
vt 0.125068 0.912433
vt 0.104340 0.915385
vt 0.145024 0.910079
vt 0.061210 0.320590
vt 0.057915 0.338335
vt 0.141730 0.879952
vt 0.165227 0.878213
vt 0.123857 0.882041
vt 0.059041 0.279438
vt 0.095195 0.176879
vt 0.078800 0.240519
vt 0.095811 0.201806
vt 0.227189 0.055193
vt 0.063011 0.975430
vt 0.390132 0.280997
vt 0.392385 0.318821
vt 0.390614 0.342054
vt 0.416532 0.184292
vt 0.406660 0.242435
vt 0.414579 0.204745
vt 0.402492 0.202745
vt 0.399022 0.221530
vt 0.537718 0.059274
vt 0.099277 0.855440
vt 0.098473 0.871041
vt 0.100549 0.839940
vt 0.070491 0.616852
vt 0.067946 0.636573
vt 0.098733 0.823636
vt 0.108760 0.839739
vt 0.107984 0.854544
vt 0.106867 0.869716
vt 0.126009 0.852071
vt 0.124206 0.867249
vt 0.098081 0.886285
vt 0.094321 0.916666
vt 0.106189 0.884608
vt 0.057710 0.576190
vt 0.065494 0.597377
vt 0.183307 0.843162
vt 0.141519 0.850045
vt 0.183911 0.858334
vt 0.141746 0.864952
vt 0.073628 0.697968
vt 0.079257 0.717830
vt 0.071248 0.676909
vt 0.057956 0.458433
vt 0.054250 0.476954
vt 0.071084 0.655518
vt 0.058477 0.534371
vt 0.057484 0.554206
vt 0.058196 0.514807
vt 0.061175 0.299627
vt 0.054101 0.495601
vt 0.062707 0.374294
vt 0.063055 0.394674
vt 0.061438 0.356227
vt 0.086104 0.220927
vt 0.403014 0.853864
vt 0.403106 0.870212
vt 0.385184 0.731914
vt 0.392088 0.753782
vt 0.412219 0.851954
vt 0.412192 0.868063
vt 0.361190 0.622731
vt 0.362203 0.641892
vt 0.362740 0.696378
vt 0.371065 0.696012
vt 0.376574 0.714530
vt 0.357692 0.678069
vt 0.365732 0.677788
vt 0.371027 0.465528
vt 0.366480 0.484447
vt 0.362278 0.660369
vt 0.353403 0.544222
vt 0.362761 0.544170
vt 0.362837 0.565331
vt 0.353710 0.523889
vt 0.363268 0.523549
vt 0.396857 0.300181
vt 0.364452 0.503487
vt 0.371924 0.384293
vt 0.382720 0.384558
vt 0.381510 0.405381
vt 0.374105 0.361226
vt 0.385537 0.363554
vt 0.411934 0.224718
vt 0.331088 0.787722
vt 0.164487 0.862535
vt 0.162569 0.847082
s 1
usemtl Wall
f 1156/301/242 1155/302/243 369/303/244 368/304/245
f 774/305/246 775/306/247 778/307/248 777/308/249
f 586/309/250 773/310/251 776/311/252 587/312/253
f 432/313/254 431/314/255 778/307/248 775/306/247
f 702/315/256 703/316/257 783/317/258 784/318/259
f 587/312/253 776/311/252 779/319/260 588/320/261
f 431/314/255 430/321/262 781/322/263 778/307/248
f 433/323/264 1573/324/265 1572/325/266 432/313/254
f 430/321/262 429/326/267 784/318/259 781/322/263
f 588/320/261 779/319/260 782/327/268 589/328/269
f 392/329/270 1546/330/271 391/331/272 279/332/273
f 392/329/270 279/332/273 455/333/274 1593/334/275
f 787/335/276 785/336/277 800/337/278 786/338/279
f 289/339/280 406/340/281 1595/341/282 457/342/283
f 598/343/284 1521/344/285 1524/345/286 599/346/287
f 576/347/288 575/348/289 1526/349/290 1523/350/291
f 597/351/292 1518/352/293 1521/344/285 598/343/284
f 598/343/284 1726/353/294 1725/354/295 597/351/292
f 456/355/296 771/356/297 770/357/298 457/342/283
f 1217/358/299 333/359/300 265/360/301 379/361/302
f 773/310/251 774/362/246 777/363/249 776/311/252
f 1573/324/265 433/323/264 279/332/273 391/331/272
f 455/333/274 772/364/303 771/365/297 456/366/296
f 586/309/250 585/367/304 770/357/298 773/310/251
f 772/364/303 455/333/274 279/332/273 433/323/264
f 771/356/297 774/362/246 773/310/251 770/357/298
f 775/306/247 772/364/303 433/323/264 432/313/254
f 614/368/305 1740/369/306 1739/370/307 613/371/308
f 442/372/309 1582/373/310 1581/374/311 441/375/312
f 704/376/313 302/377/314 589/328/269 782/327/268
f 429/326/267 301/378/315 702/315/256 784/318/259
f 1586/379/316 454/380/317 281/381/318 396/382/319
f 301/378/315 577/383/320 1520/384/321 702/315/256
f 1520/384/321 1519/385/322 703/316/257 702/315/256
f 1519/386/322 1518/352/293 704/376/313 703/387/257
f 490/388/323 1627/389/324 1626/390/325 489/391/326
f 601/392/327 1729/393/328 1728/394/329 600/395/330
f 780/396/331 781/322/263 784/318/259 783/317/258
f 777/308/249 778/307/248 781/322/263 780/396/331
f 772/364/303 775/306/247 774/305/246 771/365/297
f 785/336/277 796/397/332 799/398/333 800/337/278
f 1143/399/334 1150/400/335 1149/401/336 1142/402/337
f 703/387/257 704/376/313 782/327/268 783/403/258
f 1585/404/338 445/405/339 278/406/340 446/407/341
f 1608/408/342 467/409/343 288/410/344 468/411/345
f 792/412/346 369/413/244 370/414/347 797/415/348
f 1580/416/349 1587/417/350 1586/379/316 1579/418/351
f 1612/419/352 473/420/353 474/421/354 1611/422/355
f 451/423/356 450/424/357 1149/401/336 1150/400/335
f 829/425/358 718/426/359 271/427/360 694/428/361
f 875/429/362 882/430/363 881/431/364 874/432/365
f 689/433/366 786/338/279 800/337/278 688/434/367
f 480/435/368 1617/436/369 1616/437/370 479/438/371
f 877/439/372 884/440/373 883/441/374 876/442/375
f 467/409/343 1608/408/342 1607/443/376 466/444/377
f 682/445/378 287/446/379 469/447/380 788/448/381
f 802/449/382 809/450/383 808/451/384 801/452/385
f 1611/422/355 474/421/354 475/453/386 1610/454/387
f 1154/455/388 1155/456/243 1158/457/389 1157/458/390
f 472/459/391 471/460/392 882/430/363 883/441/374
f 473/420/353 472/459/391 883/441/374 884/440/373
f 790/461/393 691/462/394 692/463/395 795/464/396
f 683/465/397 785/336/277 787/335/276 684/466/398
f 822/467/399 693/468/400 692/463/395 815/469/401
f 815/469/401 692/463/395 691/462/394 808/451/384
f 924/470/402 923/471/403 718/426/359 717/472/404
f 685/473/405 262/474/406 695/475/407 1119/476/408
f 1292/477/409 1293/478/410 1300/479/411 1299/480/412
f 926/481/413 925/482/414 716/483/415 715/484/416
f 823/485/417 824/486/418 831/487/419 830/488/420
f 801/452/385 690/489/421 288/410/344 467/409/343
f 1615/490/422 1608/408/342 468/411/345 469/447/380
f 785/491/277 788/448/381 789/492/423 790/461/393
f 690/489/421 691/462/394 790/461/393 789/492/423
f 683/493/397 682/445/378 788/448/381 785/491/277
f 809/450/383 810/494/424 817/495/425 816/496/426
f 449/497/427 448/498/428 1147/499/429 1148/500/430
f 1127/501/431 1128/502/432 1135/503/433 1134/504/434
f 876/442/375 883/441/374 882/430/363 875/429/362
f 869/505/435 876/506/375 875/507/362 868/508/436
f 868/508/436 875/507/362 874/509/365 867/510/437
f 292/511/438 523/512/439 1659/513/440 516/514/441
f 1583/515/442 1590/516/443 1589/517/444 1582/373/310
f 1592/518/445 1585/404/338 446/407/341 447/519/446
f 1590/516/443 450/424/357 451/423/356 1589/517/444
f 448/498/428 1592/518/445 447/519/446 277/520/447
f 471/460/392 470/521/448 881/431/364 882/430/363
f 283/522/449 673/523/450 848/524/451 496/525/452
f 447/519/446 446/407/341 787/335/276 786/338/279
f 694/428/361 791/526/453 793/527/454 693/468/400
f 816/496/426 817/495/425 824/486/418 823/485/417
f 1614/528/455 471/460/392 472/459/391 1613/529/456
f 482/530/457 1619/531/458 1618/532/459 481/533/460
f 788/448/381 469/447/380 468/411/345 789/492/423
f 271/427/360 368/304/245 791/526/453 694/428/361
f 370/414/347 262/474/406 685/473/405 797/415/348
f 785/491/277 790/461/393 795/464/396 796/534/332
f 271/427/360 367/535/461 1156/301/242 368/304/245
f 1126/536/462 686/537/463 685/473/405 1119/476/408
f 829/425/358 694/428/361 693/468/400 822/467/399
f 1159/538/464 366/539/465 365/540/466 1162/541/467
f 693/468/400 793/527/454 795/464/396 692/463/395
f 1122/542/468 1123/543/469 1130/544/470 1129/545/471
f 791/526/453 792/546/346 794/547/472 793/527/454
f 793/527/454 794/547/472 796/534/332 795/464/396
f 1809/548/473 670/549/474 266/550/475 659/551/476
f 368/304/245 369/303/244 792/546/346 791/526/453
f 443/552/477 869/505/435 868/508/436 444/553/478
f 1140/554/479 688/434/367 687/555/480 1133/556/481
f 1142/402/337 1149/401/336 1148/500/430 1141/557/482
f 1141/557/482 1148/500/430 1147/499/429 1140/554/479
f 1178/558/483 1179/559/484 1182/560/485 1181/561/486
f 1155/456/243 1154/455/388 370/414/347 369/413/244
f 806/562/487 813/563/488 812/564/489 805/565/490
f 808/451/384 809/450/383 816/496/426 815/469/401
f 811/566/491 812/564/489 819/567/492 818/568/493
f 812/564/489 813/563/488 820/569/494 819/567/492
f 596/570/495 1720/571/496 1721/572/497 595/573/498
f 815/469/401 816/496/426 823/485/417 822/467/399
f 818/568/493 819/567/492 826/574/499 825/575/500
f 819/567/492 820/569/494 827/576/501 826/574/499
f 822/467/399 823/485/417 830/488/420 829/425/358
f 825/575/500 826/574/499 833/577/502 832/578/503
f 826/574/499 827/576/501 834/579/504 833/577/502
f 925/482/414 924/470/402 717/472/404 716/483/415
f 928/580/505 927/581/506 714/582/507 713/583/508
f 929/584/509 928/580/505 713/583/508 712/585/510
f 661/586/511 841/587/512 851/588/513 662/589/514
f 934/590/515 935/591/516 942/592/517 941/593/518
f 1749/594/519 625/595/520 626/596/521 1748/597/522
f 512/598/523 1650/599/524 1649/600/525 511/601/526
f 1802/602/527 660/603/528 661/586/511 1795/604/529
f 944/605/530 945/606/531 952/607/532 951/608/533
f 938/609/534 939/610/535 946/611/536 945/606/531
f 933/612/537 934/590/515 941/593/518 940/613/538
f 931/614/539 932/615/540 939/610/535 938/609/534
f 794/616/472 792/412/346 797/415/348 798/617/541
f 687/555/480 799/398/333 798/617/541 686/537/463
f 686/537/463 798/617/541 797/415/348 685/473/405
f 465/618/542 1606/619/543 1605/620/544 464/621/545
f 464/621/545 1605/620/544 1604/622/546 463/623/547
f 463/623/547 805/565/490 804/624/548 464/621/545
f 463/623/547 1604/622/546 1603/625/549 462/626/550
f 462/626/550 806/562/487 805/565/490 463/623/547
f 461/627/551 807/628/552 806/562/487 462/626/550
f 290/629/553 596/570/495 807/628/552 461/627/551
f 808/451/384 691/462/394 690/489/421 801/452/385
f 596/570/495 595/573/498 814/630/554 807/628/552
f 805/565/490 812/564/489 811/566/491 804/624/548
f 266/550/475 382/631/555 837/632/556 659/551/476
f 813/563/488 814/630/554 821/633/557 820/569/494
f 810/494/424 811/566/491 818/568/493 817/495/425
f 820/569/494 821/633/557 828/634/558 827/576/501
f 595/573/498 594/635/559 821/633/557 814/630/554
f 817/495/425 818/568/493 825/575/500 824/486/418
f 827/576/501 828/634/558 835/636/560 834/579/504
f 594/635/559 593/637/561 828/634/558 821/633/557
f 824/486/418 825/575/500 832/578/503 831/487/419
f 930/638/562 931/614/539 938/609/534 937/639/563
f 593/637/561 592/640/564 835/636/560 828/634/558
f 927/581/506 926/481/413 715/484/416 714/582/507
f 592/640/564 303/641/565 712/585/510 835/636/560
f 339/642/566 1235/643/567 382/631/555 266/550/475
f 712/585/510 713/583/508 834/579/504 835/636/560
f 713/583/508 714/582/507 833/577/502 834/579/504
f 714/582/507 715/484/416 832/578/503 833/577/502
f 715/484/416 716/483/415 831/487/419 832/578/503
f 716/483/415 717/472/404 830/488/420 831/487/419
f 717/472/404 718/426/359 829/425/358 830/488/420
f 1283/644/568 1284/645/569 721/646/570 722/647/571
f 1795/604/529 661/586/511 662/589/514 1788/648/572
f 423/649/573 424/650/574 1564/651/575 1565/652/576
f 1803/653/577 1804/654/578 1811/655/579 1810/656/580
f 674/657/581 267/658/582 705/659/583 888/660/584
f 909/661/585 677/662/586 676/663/587 902/664/588
f 1558/665/589 1565/652/576 1564/651/575 1557/666/590
f 1796/667/591 1797/668/592 1804/654/578 1803/653/577
f 424/650/574 425/669/593 1563/670/594 1564/651/575
f 422/671/595 1785/672/596 1784/673/597 423/649/573
f 673/523/450 672/674/598 836/675/599 848/524/451
f 849/676/600 412/677/601 411/678/602 850/679/603
f 836/675/599 846/680/604 847/681/605 848/524/451
f 838/682/606 381/683/607 380/684/608 843/685/609
f 415/686/610 414/687/611 1449/688/612 1450/689/613
f 416/690/614 415/686/610 1450/689/613 1451/691/615
f 341/692/616 340/693/617 1237/694/618 1234/695/619
f 1633/696/620 504/697/621 286/698/622 403/699/623
f 380/684/608 267/658/582 674/657/581 843/685/609
f 416/690/614 1558/665/589 1557/666/590 415/686/610
f 1809/548/473 659/551/476 660/603/528 1802/602/527
f 507/700/624 276/701/625 389/702/626 1642/703/627
f 912/704/628 919/705/629 918/706/630 911/707/631
f 659/551/476 837/632/556 839/708/632 660/603/528
f 1632/709/633 495/710/634 283/711/449 496/525/452
f 1436/712/635 1443/713/636 1442/714/637 1435/715/638
f 1428/716/639 1429/717/640 707/718/641 706/719/642
f 1627/389/324 1634/720/643 1633/696/620 1626/390/325
f 1603/625/549 1610/454/387 1609/721/644 1602/722/645
f 501/723/646 500/724/647 918/706/630 919/705/629
f 678/725/648 847/681/605 846/680/604 677/662/586
f 1444/726/649 1451/691/615 1450/689/613 1443/727/636
f 311/728/650 679/729/651 852/730/652 479/438/371
f 415/686/610 1557/666/590 1556/731/653 414/687/611
f 1783/732/654 1790/733/655 1789/734/656 1782/735/657
f 1556/731/653 1563/670/594 1562/736/658 1555/737/659
f 515/738/660 514/739/661 857/740/662 854/741/663
f 418/742/664 1560/743/665 1559/744/666 417/745/667
f 382/631/555 381/746/607 838/747/606 837/632/556
f 660/603/528 839/708/632 841/587/512 661/586/511
f 895/748/668 675/749/669 674/657/581 888/660/584
f 1344/750/670 1345/751/671 1352/752/672 1351/753/673
f 1078/754/674 1079/755/675 1086/756/676 1085/757/677
f 837/632/556 838/747/606 840/758/678 839/708/632
f 839/708/632 840/758/678 842/759/679 841/587/512
f 836/675/599 842/760/679 845/761/680 846/680/604
f 911/707/631 918/706/630 917/762/681 910/763/682
f 399/764/683 284/765/684 505/766/685 1640/767/686
f 1175/768/687 319/769/688 263/770/689 373/771/690
f 840/772/678 838/682/606 843/685/609 844/773/691
f 842/760/679 840/772/678 844/773/691 845/761/680
f 841/587/512 842/759/679 836/774/599 851/588/513
f 497/775/692 496/525/452 848/524/451 847/681/605
f 499/776/693 498/777/694 916/778/695 917/762/681
f 678/725/648 282/779/696 497/775/692 847/681/605
f 896/780/697 897/781/698 904/782/699 903/783/700
f 1435/715/638 1442/714/637 1441/784/701 1434/785/702
f 1443/727/636 1450/689/613 1449/688/612 1442/786/637
f 675/749/669 844/773/691 843/685/609 674/657/581
f 1630/787/703 1637/788/704 1636/789/705 1629/790/706
f 1639/791/707 1632/709/633 496/525/452 497/775/692
f 672/792/598 671/793/708 849/676/600 836/774/599
f 1637/788/704 500/724/647 501/723/646 1636/789/705
f 498/777/694 1639/791/707 497/775/692 282/779/696
f 272/794/709 412/677/601 849/676/600 671/793/708
f 414/687/611 1556/731/653 1555/737/659 413/795/710
f 1442/786/637 1449/688/612 1448/796/711 1441/797/701
f 478/798/712 311/728/650 479/438/371 1616/437/370
f 676/663/587 845/761/680 844/773/691 675/749/669
f 663/799/713 662/589/514 851/588/513 850/679/603
f 483/800/714 1620/801/715 1619/531/458 482/530/457
f 479/438/371 852/730/652 855/802/716 480/435/368
f 480/435/368 855/802/716 858/803/717 481/533/460
f 514/739/661 513/804/718 860/805/719 857/740/662
f 292/511/438 516/514/441 1653/806/720 515/738/660
f 1473/807/721 1474/808/722 680/809/723 679/729/651
f 513/804/718 512/598/523 863/810/724 860/805/719
f 277/520/447 447/519/446 786/338/279 689/433/366
f 515/738/660 1653/806/720 1652/811/725 514/739/661
f 481/533/460 858/803/717 861/812/726 482/530/457
f 312/813/727 1154/455/388 1157/458/390 313/814/728
f 867/510/437 684/815/398 278/406/340 445/405/339
f 442/372/309 870/816/729 869/505/435 443/552/477
f 1441/784/701 672/817/598 673/818/450 1434/785/702
f 445/405/339 1585/404/338 1584/819/730 444/553/478
f 285/820/731 489/391/326 1626/390/325 402/821/732
f 1620/801/715 483/800/714 284/765/684 398/822/733
f 679/729/651 680/809/723 853/823/734 852/730/652
f 736/824/735 737/825/736 1477/826/737 1476/827/738
f 1557/666/590 1564/651/575 1563/670/594 1556/731/653
f 292/511/438 515/738/660 854/741/663 681/828/739
f 399/764/683 1550/829/740 398/822/733 284/765/684
f 389/702/626 276/701/625 383/830/741 1542/831/742
f 852/730/652 853/823/734 856/832/743 855/802/716
f 540/833/744 1674/834/745 1673/835/746 539/836/747
f 858/803/717 859/837/748 862/838/749 861/812/726
f 862/838/749 865/839/750 864/840/751 861/812/726
f 866/841/752 863/810/724 512/598/523 511/601/526
f 506/842/753 505/766/685 864/840/751 865/839/750
f 483/800/714 482/530/457 861/812/726 864/840/751
f 507/700/624 866/841/752 511/601/526 276/701/625
f 291/843/754 410/844/755 1609/721/644 476/845/756
f 444/553/478 1584/819/730 1583/515/442 443/552/477
f 284/765/684 483/800/714 864/840/751 505/766/685
f 863/810/724 866/841/752 865/846/750 862/847/749
f 859/848/748 860/805/719 863/810/724 862/847/749
f 856/849/743 857/740/662 860/805/719 859/848/748
f 872/850/757 879/851/758 878/852/759 871/853/760
f 468/411/345 288/410/344 690/489/421 789/492/423
f 879/854/758 886/855/761 885/856/762 878/857/759
f 880/858/763 887/859/764 886/855/761 879/854/758
f 475/453/386 474/421/354 885/856/762 886/855/761
f 476/845/756 475/453/386 886/855/761 887/859/764
f 1427/860/765 1428/716/639 706/719/642 705/659/583
f 889/861/766 890/862/767 897/781/698 896/780/697
f 890/862/767 891/863/768 898/864/769 897/781/698
f 891/863/768 892/865/770 899/866/771 898/864/769
f 444/553/478 868/508/436 867/510/437 445/405/339
f 464/621/545 804/624/548 803/867/772 465/618/542
f 443/552/477 1583/515/442 1582/373/310 442/372/309
f 441/375/312 871/853/760 870/816/729 442/372/309
f 401/868/773 1548/869/774 1547/870/775 400/871/776
f 440/872/777 872/850/757 871/853/760 441/375/312
f 439/873/778 873/874/779 872/850/757 440/872/777
f 280/875/780 460/876/781 873/874/779 439/873/778
f 874/509/365 683/877/397 684/815/398 867/510/437
f 460/876/781 459/878/782 880/879/763 873/874/779
f 871/853/760 878/852/759 877/880/372 870/816/729
f 881/431/364 682/881/378 683/882/397 874/432/365
f 459/883/782 458/884/783 887/859/764 880/858/763
f 878/857/759 885/856/762 884/440/373 877/439/372
f 470/521/448 287/885/379 682/881/378 881/431/364
f 458/884/783 291/843/754 476/845/756 887/859/764
f 474/421/354 473/420/353 884/440/373 885/856/762
f 1434/785/702 673/818/450 283/711/449 495/710/634
f 898/864/769 899/866/771 906/886/784 905/887/785
f 1430/888/786 1431/889/787 709/890/788 708/891/789
f 899/866/771 900/892/790 907/893/791 906/886/784
f 902/664/588 903/783/700 910/763/682 909/661/585
f 905/887/785 906/886/784 913/894/792 912/704/628
f 906/886/784 907/893/791 914/895/793 913/894/792
f 916/778/695 678/725/648 677/662/586 909/661/585
f 914/895/793 921/896/794 920/897/795 913/894/792
f 915/898/796 922/899/797 921/896/794 914/895/793
f 500/724/647 499/776/693 917/762/681 918/706/630
f 503/900/798 502/901/799 920/897/795 921/896/794
f 504/697/621 503/900/798 921/896/794 922/899/797
f 925/482/414 926/481/413 933/612/537 932/615/540
f 927/581/506 928/580/505 935/591/516 934/590/515
f 1641/902/800 506/903/753 507/700/624 1642/703/627
f 937/639/563 938/609/534 945/606/531 944/605/530
f 705/659/583 706/719/642 889/861/766 888/660/584
f 893/904/801 894/905/802 901/906/803 900/892/790
f 1432/907/804 1433/908/805 711/909/806 710/910/807
f 706/719/642 707/718/641 890/862/767 889/861/766
f 495/710/634 1632/709/633 1631/911/808 494/912/809
f 707/718/641 708/891/789 891/863/768 890/862/767
f 895/748/668 896/780/697 903/783/700 902/664/588
f 708/891/789 709/890/788 892/865/770 891/863/768
f 709/890/788 710/910/807 893/904/801 892/865/770
f 710/910/807 711/909/806 894/905/802 893/904/801
f 310/913/810 488/914/811 894/905/802 711/909/806
f 900/892/790 901/906/803 908/915/812 907/893/791
f 488/914/811 487/916/813 901/906/803 894/905/802
f 897/781/698 898/864/769 905/887/785 904/782/699
f 907/893/791 908/915/812 915/898/796 914/895/793
f 487/916/813 486/917/814 908/915/812 901/906/803
f 904/782/699 905/887/785 912/704/628 911/707/631
f 485/918/815 484/919/816 922/899/797 915/898/796
f 486/917/814 485/918/815 915/898/796 908/915/812
f 913/894/792 920/897/795 919/705/629 912/704/628
f 498/777/694 282/779/696 678/725/648 916/778/695
f 484/919/816 286/698/622 504/697/621 922/899/797
f 502/901/799 501/723/646 919/705/629 920/897/795
f 951/608/533 952/607/532 959/920/817 958/921/818
f 945/606/531 946/611/536 953/922/819 952/607/532
f 940/613/538 941/593/518 948/923/820 947/924/821
f 424/650/574 1783/732/654 1782/735/657 425/669/593
f 948/923/820 949/925/822 956/926/823 955/927/824
f 958/921/818 959/920/817 966/928/825 965/929/826
f 952/607/532 953/922/819 960/930/827 959/920/817
f 947/924/821 948/923/820 955/927/824 954/931/828
f 955/927/824 956/926/823 963/932/829 962/933/830
f 1289/934/831 1288/935/832 754/936/833 753/937/834
f 959/920/817 960/930/827 967/938/835 966/928/825
f 954/931/828 955/927/824 962/933/830 961/939/836
f 962/933/830 963/932/829 970/940/837 969/941/838
f 1290/942/839 1289/934/831 753/937/834 752/943/840
f 961/939/836 962/933/830 969/941/838 968/944/841
f 1293/478/410 1292/477/409 750/945/842 749/946/843
f 1288/935/832 1287/947/844 755/948/845 754/936/833
f 1292/477/409 1291/949/846 751/950/847 750/945/842
f 1065/951/848 1066/952/849 742/953/850 743/954/851
f 1063/955/852 1064/956/853 744/957/854 745/958/855
f 973/959/856 974/960/857 981/961/858 980/962/859
f 1341/963/860 1342/964/861 1349/965/862 1348/966/863
f 1763/967/864 641/968/865 642/969/866 1762/970/867
f 1294/971/868 1295/972/869 1302/973/870 1301/974/871
f 1297/975/872 1298/976/873 1305/977/874 1304/978/875
f 1298/976/873 1299/480/412 1306/979/876 1305/977/874
f 367/535/461 271/427/360 718/426/359 923/471/403
f 941/593/518 942/592/517 949/925/822 948/923/820
f 303/641/565 612/980/877 929/584/509 712/585/510
f 572/981/878 571/982/879 1538/983/880 1535/984/881
f 935/591/516 936/985/882 943/986/883 942/592/517
f 612/980/877 611/987/884 936/985/882 929/584/509
f 932/615/540 933/612/537 940/613/538 939/610/535
f 942/592/517 943/986/883 950/988/885 949/925/822
f 611/987/884 610/989/886 943/986/883 936/985/882
f 939/610/535 940/613/538 947/924/821 946/611/536
f 949/925/822 950/988/885 957/990/887 956/926/823
f 610/989/886 609/991/888 950/988/885 943/986/883
f 946/611/536 947/924/821 954/931/828 953/922/819
f 956/926/823 957/990/887 964/992/889 963/932/829
f 609/991/888 608/993/890 957/990/887 950/988/885
f 953/922/819 954/931/828 961/939/836 960/930/827
f 963/932/829 964/992/889 971/994/891 970/940/837
f 608/993/890 607/995/892 964/992/889 957/990/887
f 960/930/827 961/939/836 968/944/841 967/938/835
f 607/995/892 606/996/893 971/994/891 964/992/889
f 1291/949/846 1290/942/839 752/943/840 751/950/847
f 606/996/893 305/997/894 749/946/843 971/994/891
f 749/946/843 750/945/842 970/940/837 971/994/891
f 750/945/842 751/950/847 969/941/838 970/940/837
f 751/950/847 752/943/840 968/944/841 969/941/838
f 752/943/840 753/937/834 967/938/835 968/944/841
f 753/937/834 754/936/833 966/928/825 967/938/835
f 754/936/833 755/948/845 965/929/826 966/928/825
f 755/948/845 270/998/895 361/999/896 965/929/826
f 1174/1000/897 361/999/896 270/998/895 371/1001/898
f 361/999/896 362/1002/899 958/921/818 965/929/826
f 362/1002/899 363/1003/900 951/608/533 958/921/818
f 372/1004/901 373/771/690 1172/1005/902 1173/1006/903
f 363/1003/900 364/1007/904 944/605/530 951/608/533
f 1169/1008/905 1170/1009/906 1173/1006/903 1172/1005/902
f 364/1007/904 365/540/466 937/639/563 944/605/530
f 1166/1010/907 1167/1011/908 1170/1009/906 1169/1008/905
f 365/540/466 366/539/465 930/638/562 937/639/563
f 1163/1012/909 1164/1013/910 1167/1011/908 1166/1010/907
f 366/539/465 367/535/461 923/471/403 930/638/562
f 1160/1014/911 1161/1015/912 1164/1013/910 1163/1012/909
f 317/1016/913 1169/1008/905 1172/1005/902 318/1017/914
f 993/1018/915 994/1019/916 1001/1020/917 1000/1021/918
f 987/1022/919 988/1023/920 995/1024/921 994/1019/916
f 982/1025/922 983/1026/923 990/1027/924 989/1028/925
f 1000/1021/918 1001/1020/917 1008/1029/926 1007/1030/927
f 994/1019/916 995/1024/921 1002/1031/928 1001/1020/917
f 989/1028/925 990/1027/924 997/1032/929 996/1033/930
f 1199/1034/931 1200/1035/932 1203/1036/933 1202/1037/934
f 997/1032/929 998/1038/935 1005/1039/936 1004/1040/937
f 986/1041/938 987/1022/919 994/1019/916 993/1018/915
f 1007/1030/927 1008/1029/926 1015/1042/939 1014/1043/940
f 1001/1020/917 1002/1031/928 1009/1044/941 1008/1029/926
f 996/1033/930 997/1032/929 1004/1040/937 1003/1045/942
f 1004/1040/937 1005/1039/936 1012/1046/943 1011/1047/944
f 1170/1048/906 1171/1049/945 1174/1000/897 1173/1050/903
f 1121/1051/946 1120/1052/947 696/1053/948 697/1054/949
f 1008/1029/926 1009/1044/941 1016/1055/950 1015/1042/939
f 1003/1045/942 1004/1040/937 1011/1047/944 1010/1056/951
f 1011/1047/944 1012/1046/943 1019/1057/952 1018/1058/953
f 1167/1059/908 1168/1060/954 1171/1049/945 1170/1048/906
f 1122/542/468 1121/1051/946 697/1054/949 698/1061/955
f 1010/1056/951 1011/1047/944 1018/1058/953 1017/1062/956
f 1125/1063/957 1124/1064/958 700/1065/959 701/1066/960
f 1120/1052/947 1119/476/408 695/475/407 696/1053/948
f 1164/1067/910 1165/1068/961 1168/1060/954 1167/1059/908
f 1196/1069/962 326/1070/963 264/1071/964 376/1072/965
f 1124/1064/958 1123/543/469 699/1073/966 700/1065/959
f 1114/1074/967 1115/1075/968 732/1076/969 733/1077/970
f 1161/1078/912 1162/541/467 1165/1068/961 1164/1067/910
f 1112/1079/971 1113/1080/972 734/1081/973 735/1082/974
f 1022/1083/975 1023/1084/976 1030/1085/977 1029/1086/978
f 1158/1087/389 1159/538/464 1162/541/467 1161/1078/912
f 318/1017/914 263/770/689 745/958/855 972/1088/979
f 745/958/855 744/957/854 973/959/856 972/1088/979
f 974/960/857 975/1089/980 982/1025/922 981/961/858
f 972/1088/979 973/959/856 980/962/859 979/1090/981
f 744/957/854 743/954/851 974/960/857 973/959/856
f 975/1089/980 976/1091/982 983/1026/923 982/1025/922
f 1067/1092/983 1068/1093/984 740/1094/985 741/1095/986
f 743/954/851 742/953/850 975/1089/980 974/960/857
f 976/1091/982 977/1096/987 984/1097/988 983/1026/923
f 1068/1093/984 1069/1098/989 739/1099/990 740/1094/985
f 742/953/850 741/1095/986 976/1091/982 975/1089/980
f 977/1096/987 978/1100/991 985/1101/992 984/1097/988
f 741/1095/986 740/1094/985 977/1096/987 976/1091/982
f 740/1094/985 739/1099/990 978/1100/991 977/1096/987
f 373/771/690 263/770/689 318/1017/914 1172/1005/902
f 979/1090/981 980/962/859 987/1022/919 986/1041/938
f 360/1102/993 359/1103/994 1180/1104/995 1177/1105/996
f 983/1026/923 984/1097/988 991/1106/997 990/1027/924
f 299/1107/998 584/1108/999 978/1100/991 739/1099/990
f 984/1097/988 985/1101/992 992/1109/1000 991/1106/997
f 584/1108/999 583/1110/1001 985/1101/992 978/1100/991
f 981/961/858 982/1025/922 989/1028/925 988/1023/920
f 991/1106/997 992/1109/1000 999/1111/1002 998/1038/935
f 583/1110/1001 582/1112/1003 992/1109/1000 985/1101/992
f 988/1023/920 989/1028/925 996/1033/930 995/1024/921
f 998/1038/935 999/1111/1002 1006/1113/1004 1005/1039/936
f 582/1112/1003 581/1114/1005 999/1111/1002 992/1109/1000
f 995/1024/921 996/1033/930 1003/1045/942 1002/1031/928
f 1005/1039/936 1006/1113/1004 1013/1115/1006 1012/1046/943
f 581/1114/1005 580/1116/1007 1006/1113/1004 999/1111/1002
f 1002/1031/928 1003/1045/942 1010/1056/951 1009/1044/941
f 1012/1046/943 1013/1115/1006 1020/1117/1008 1019/1057/952
f 580/1116/1007 579/1118/1009 1013/1115/1006 1006/1113/1004
f 1009/1044/941 1010/1056/951 1017/1062/956 1016/1055/950
f 579/1118/1009 578/1119/1010 1020/1117/1008 1013/1115/1006
f 1123/543/469 1122/542/468 698/1061/955 699/1073/966
f 578/1119/1010 300/1120/1011 701/1066/960 1020/1117/1008
f 701/1066/960 700/1065/959 1019/1057/952 1020/1117/1008
f 700/1065/959 699/1073/966 1018/1058/953 1019/1057/952
f 699/1073/966 698/1061/955 1017/1062/956 1018/1058/953
f 698/1061/955 697/1054/949 1016/1055/950 1017/1062/956
f 697/1054/949 696/1053/948 1015/1042/939 1016/1055/950
f 696/1053/948 695/475/407 1014/1043/940 1015/1042/939
f 695/475/407 262/474/406 312/813/727 1014/1043/940
f 312/813/727 313/814/728 1007/1030/927 1014/1043/940
f 313/814/728 314/1121/1012 1000/1021/918 1007/1030/927
f 314/1121/1012 315/1122/1013 993/1018/915 1000/1021/918
f 315/1122/1013 316/1123/1014 986/1041/938 993/1018/915
f 316/1123/1014 317/1016/913 979/1090/981 986/1041/938
f 317/1016/913 318/1017/914 972/1088/979 979/1090/981
f 324/1124/1015 1190/1125/1016 1193/1126/1017 325/1127/1018
f 1042/1128/1019 1043/1129/1020 1050/1130/1021 1049/1131/1022
f 1036/1132/1023 1037/1133/1024 1044/1134/1025 1043/1129/1020
f 1031/1135/1026 1032/1136/1027 1039/1137/1028 1038/1138/1029
f 559/1139/1030 1691/1140/1031 1690/1141/1032 558/1142/1033
f 1049/1131/1022 1050/1130/1021 1057/1143/1034 1056/1144/1035
f 1043/1129/1020 1044/1134/1025 1051/1145/1036 1050/1130/1021
f 1038/1138/1029 1039/1137/1028 1046/1146/1037 1045/1147/1038
f 1220/1148/1039 1221/1149/1040 1224/1150/1041 1223/1151/1042
f 1046/1146/1037 1047/1152/1043 1054/1153/1044 1053/1154/1045
f 1035/1155/1046 1036/1132/1023 1043/1129/1020 1042/1128/1019
f 1056/1144/1035 1057/1143/1034 1064/956/853 1063/955/852
f 1050/1130/1021 1051/1145/1036 1058/1156/1047 1057/1143/1034
f 1045/1147/1038 1046/1146/1037 1053/1154/1045 1052/1157/1048
f 1053/1154/1045 1054/1153/1044 1061/1158/1049 1060/1159/1050
f 1191/1160/1051 1192/1161/1052 1195/1162/1053 1194/1163/1054
f 1057/1143/1034 1058/1156/1047 1065/951/848 1064/956/853
f 1052/1157/1048 1053/1154/1045 1060/1159/1050 1059/1164/1055
f 1060/1159/1050 1061/1158/1049 1068/1093/984 1067/1092/983
f 1188/1165/1056 1189/1166/1057 1192/1161/1052 1191/1160/1051
f 1059/1164/1055 1060/1159/1050 1067/1092/983 1066/952/849
f 1282/1167/1058 1283/644/568 722/647/571 723/1168/1059
f 1185/1169/1060 1186/1170/1061 1189/1166/1057 1188/1165/1056
f 1182/1171/485 1183/1172/1062 1186/1170/1061 1185/1169/1060
f 1280/1173/1063 1281/1174/1064 724/1175/1065 725/1176/1066
f 1071/1177/1067 1072/1178/1068 1079/755/675 1078/754/674
f 1179/1179/484 1180/1104/995 1183/1172/1062 1182/1171/485
f 325/1127/1018 264/1071/964 735/1082/974 1021/1180/1069
f 735/1082/974 734/1081/973 1022/1083/975 1021/1180/1069
f 1023/1084/976 1024/1181/1070 1031/1135/1026 1030/1085/977
f 1021/1180/1069 1022/1083/975 1029/1086/978 1028/1182/1071
f 734/1081/973 733/1077/970 1023/1084/976 1022/1083/975
f 1024/1181/1070 1025/1183/1072 1032/1136/1027 1031/1135/1026
f 1116/1184/1073 1117/1185/1074 730/1186/1075 731/1187/1076
f 733/1077/970 732/1076/969 1024/1181/1070 1023/1084/976
f 1025/1183/1072 1026/1188/1077 1033/1189/1078 1032/1136/1027
f 1117/1185/1074 1118/1190/1079 729/1191/1080 730/1186/1075
f 732/1076/969 731/1187/1076 1025/1183/1072 1024/1181/1070
f 1026/1188/1077 1027/1192/1081 1034/1193/1082 1033/1189/1078
f 731/1187/1076 730/1186/1075 1026/1188/1077 1025/1183/1072
f 1120/1052/947 1121/1051/946 1128/502/432 1127/501/431
f 730/1186/1075 729/1191/1080 1027/1192/1081 1026/1188/1077
f 376/1072/965 264/1071/964 325/1127/1018 1193/1126/1017
f 1028/1182/1071 1029/1086/978 1036/1132/1023 1035/1155/1046
f 353/1194/1083 352/1195/1084 1201/1196/1085 1198/1197/1086
f 1032/1136/1027 1033/1189/1078 1040/1198/1087 1039/1137/1028
f 297/1199/1088 570/1200/1089 1027/1192/1081 729/1191/1080
f 1033/1189/1078 1034/1193/1082 1041/1201/1090 1040/1198/1087
f 570/1200/1089 569/1202/1091 1034/1193/1082 1027/1192/1081
f 1030/1085/977 1031/1135/1026 1038/1138/1029 1037/1133/1024
f 1040/1198/1087 1041/1201/1090 1048/1203/1092 1047/1152/1043
f 569/1202/1091 568/1204/1093 1041/1201/1090 1034/1193/1082
f 1037/1133/1024 1038/1138/1029 1045/1147/1038 1044/1134/1025
f 1047/1152/1043 1048/1203/1092 1055/1205/1094 1054/1153/1044
f 568/1204/1093 567/1206/1095 1048/1203/1092 1041/1201/1090
f 1044/1134/1025 1045/1147/1038 1052/1157/1048 1051/1145/1036
f 1054/1153/1044 1055/1205/1094 1062/1207/1096 1061/1158/1049
f 567/1206/1095 566/1208/1097 1055/1205/1094 1048/1203/1092
f 1051/1145/1036 1052/1157/1048 1059/1164/1055 1058/1156/1047
f 1061/1158/1049 1062/1207/1096 1069/1098/989 1068/1093/984
f 566/1208/1097 565/1209/1098 1062/1207/1096 1055/1205/1094
f 1058/1156/1047 1059/1164/1055 1066/952/849 1065/951/848
f 565/1209/1098 564/1210/1099 1069/1098/989 1062/1207/1096
f 1069/1098/989 564/1210/1099 299/1107/998 739/1099/990
f 263/770/689 319/769/688 1063/955/852 745/958/855
f 319/769/688 320/1211/1100 1056/1144/1035 1063/955/852
f 320/1211/1100 321/1212/1101 1049/1131/1022 1056/1144/1035
f 321/1212/1101 322/1213/1102 1042/1128/1019 1049/1131/1022
f 322/1213/1102 323/1214/1103 1035/1155/1046 1042/1128/1019
f 323/1214/1103 324/1124/1015 1028/1182/1071 1035/1155/1046
f 324/1124/1015 325/1127/1018 1021/1180/1069 1028/1182/1071
f 331/1215/1104 1211/1216/1105 1214/1217/1106 332/1218/1107
f 1091/1219/1108 1092/1220/1109 1099/1221/1110 1098/1222/1111
f 1085/757/677 1086/756/676 1093/1223/1112 1092/1220/1109
f 1080/1224/1113 1081/1225/1114 1088/1226/1115 1087/1227/1116
f 1098/1222/1111 1099/1221/1110 1106/1228/1117 1105/1229/1118
f 1092/1220/1109 1093/1223/1112 1100/1230/1119 1099/1221/1110
f 1087/1227/1116 1088/1226/1115 1095/1231/1120 1094/1232/1121
f 902/664/588 676/663/587 675/749/669 895/748/668
f 1095/1231/1120 1096/1233/1122 1103/1234/1123 1102/1235/1124
f 1084/1236/1125 1085/757/677 1092/1220/1109 1091/1219/1108
f 1105/1229/1118 1106/1228/1117 1113/1080/972 1112/1079/971
f 1099/1221/1110 1100/1230/1119 1107/1237/1126 1106/1228/1117
f 1094/1232/1121 1095/1231/1120 1102/1235/1124 1101/1238/1127
f 1102/1235/1124 1103/1234/1123 1110/1239/1128 1109/1240/1129
f 1212/1241/1130 1213/1242/1131 1216/1243/1132 1215/1244/1133
f 1106/1228/1117 1107/1237/1126 1114/1074/967 1113/1080/972
f 1101/1238/1127 1102/1235/1124 1109/1240/1129 1108/1245/1134
f 1109/1240/1129 1110/1239/1128 1117/1185/1074 1116/1184/1073
f 1209/1246/1135 1210/1247/1136 1213/1242/1131 1212/1241/1130
f 1108/1245/1134 1109/1240/1129 1116/1184/1073 1115/1075/968
f 1121/1051/946 1122/542/468 1129/545/471 1128/502/432
f 1206/1248/1137 1207/1249/1138 1210/1247/1136 1209/1246/1135
f 1203/1250/933 1204/1251/1139 1207/1249/1138 1206/1248/1137
f 1123/543/469 1124/1064/958 1131/1252/1140 1130/544/470
f 1200/1253/932 1201/1196/1085 1204/1251/1139 1203/1250/933
f 1711/1254/1141 581/1114/1005 582/1112/1003 1710/1255/1142
f 332/1218/1107 265/360/301 725/1176/1066 1070/1256/1143
f 725/1176/1066 724/1175/1065 1071/1177/1067 1070/1256/1143
f 1072/1178/1068 1073/1257/1144 1080/1224/1113 1079/755/675
f 1070/1256/1143 1071/1177/1067 1078/754/674 1077/1258/1145
f 724/1175/1065 723/1168/1059 1072/1178/1068 1071/1177/1067
f 1073/1257/1144 1074/1259/1146 1081/1225/1114 1080/1224/1113
f 1284/645/569 1285/1260/1147 720/1261/1148 721/646/570
f 723/1168/1059 722/647/571 1073/1257/1144 1072/1178/1068
f 1074/1259/1146 1075/1262/1149 1082/1263/1150 1081/1225/1114
f 1285/1260/1147 1286/1264/1151 719/1265/1152 720/1261/1148
f 722/647/571 721/646/570 1074/1259/1146 1073/1257/1144
f 1075/1262/1149 1076/1266/1153 1083/1267/1154 1082/1263/1150
f 721/646/570 720/1261/1148 1075/1262/1149 1074/1259/1146
f 720/1261/1148 719/1265/1152 1076/1266/1153 1075/1262/1149
f 379/361/302 265/360/301 332/1218/1107 1214/1217/1106
f 1077/1258/1145 1078/754/674 1085/757/677 1084/1236/1125
f 1081/1225/1114 1082/1263/1150 1089/1268/1155 1088/1226/1115
f 295/1269/1156 554/1270/1157 1076/1266/1153 719/1265/1152
f 1082/1263/1150 1083/1267/1154 1090/1271/1158 1089/1268/1155
f 554/1270/1157 553/1272/1159 1083/1267/1154 1076/1266/1153
f 1079/755/675 1080/1224/1113 1087/1227/1116 1086/756/676
f 1089/1268/1155 1090/1271/1158 1097/1273/1160 1096/1233/1122
f 553/1272/1159 552/1274/1161 1090/1271/1158 1083/1267/1154
f 1086/756/676 1087/1227/1116 1094/1232/1121 1093/1223/1112
f 1096/1233/1122 1097/1273/1160 1104/1275/1162 1103/1234/1123
f 552/1274/1161 551/1276/1163 1097/1273/1160 1090/1271/1158
f 1093/1223/1112 1094/1232/1121 1101/1238/1127 1100/1230/1119
f 1103/1234/1123 1104/1275/1162 1111/1277/1164 1110/1239/1128
f 551/1276/1163 550/1278/1165 1104/1275/1162 1097/1273/1160
f 1100/1230/1119 1101/1238/1127 1108/1245/1134 1107/1237/1126
f 1110/1239/1128 1111/1277/1164 1118/1190/1079 1117/1185/1074
f 550/1278/1165 549/1279/1166 1111/1277/1164 1104/1275/1162
f 1107/1237/1126 1108/1245/1134 1115/1075/968 1114/1074/967
f 549/1279/1166 548/1280/1167 1118/1190/1079 1111/1277/1164
f 1118/1190/1079 548/1280/1167 297/1199/1088 729/1191/1080
f 264/1071/964 326/1070/963 1112/1079/971 735/1082/974
f 326/1070/963 327/1281/1168 1105/1229/1118 1112/1079/971
f 327/1281/1168 328/1282/1169 1098/1222/1111 1105/1229/1118
f 328/1282/1169 329/1283/1170 1091/1219/1108 1098/1222/1111
f 329/1283/1170 330/1284/1171 1084/1236/1125 1091/1219/1108
f 330/1284/1171 331/1215/1104 1077/1258/1145 1084/1236/1125
f 331/1215/1104 332/1218/1107 1070/1256/1143 1077/1258/1145
f 1273/1285/1172 334/1286/1173 335/1287/1174 1266/1288/1175
f 1133/556/481 1134/504/434 1141/557/482 1140/554/479
f 1136/1289/1176 1137/1290/1177 1144/1291/1178 1143/399/334
f 1137/1290/1177 1138/1292/1179 1145/1293/1180 1144/1291/1178
f 1147/499/429 689/433/366 688/434/367 1140/554/479
f 1145/1293/1180 1152/1294/1181 1151/1295/1182 1144/1291/1178
f 1146/1296/1183 1153/1297/1184 1152/1294/1181 1145/1293/1180
f 450/424/357 449/497/427 1148/500/430 1149/401/336
f 453/1298/1185 452/1299/1186 1151/1295/1182 1152/1294/1181
f 454/380/317 453/1298/1185 1152/1294/1181 1153/1297/1184
f 1594/1300/1187 456/355/296 457/342/283 1595/341/282
f 1126/536/462 1127/501/431 1134/504/434 1133/556/481
f 1129/545/471 1130/544/470 1137/1290/1177 1136/1289/1176
f 1130/544/470 1131/1252/1140 1138/1292/1179 1137/1290/1177
f 300/1120/1011 438/1301/1188 1125/1063/957 701/1066/960
f 1131/1252/1140 1132/1302/1189 1139/1303/1190 1138/1292/1179
f 438/1301/1188 437/1304/1191 1132/1302/1189 1125/1063/957
f 1128/502/432 1129/545/471 1136/1289/1176 1135/503/433
f 1138/1292/1179 1139/1303/1190 1146/1296/1183 1145/1293/1180
f 437/1304/1191 436/1305/1192 1139/1303/1190 1132/1302/1189
f 1135/503/433 1136/1289/1176 1143/399/334 1142/402/337
f 435/1306/1193 434/1307/1194 1153/1297/1184 1146/1296/1183
f 436/1305/1192 435/1306/1193 1146/1296/1183 1139/1303/1190
f 1144/1291/1178 1151/1295/1182 1150/400/335 1143/399/334
f 448/498/428 277/520/447 689/433/366 1147/499/429
f 434/1307/1194 281/381/318 454/380/317 1153/1297/1184
f 452/1299/1186 451/423/356 1150/400/335 1151/1295/1182
f 1162/541/467 365/540/466 364/1007/904 1165/1068/961
f 1165/1068/961 364/1007/904 363/1003/900 1168/1060/954
f 1168/1060/954 363/1003/900 362/1002/899 1171/1049/945
f 1171/1049/945 362/1002/899 361/999/896 1174/1000/897
f 1175/768/687 1176/1308/1195 1179/559/484 1178/558/483
f 359/1103/994 358/1309/1196 1183/1172/1062 1180/1104/995
f 371/1001/898 372/1310/901 1173/1050/903 1174/1000/897
f 1176/1311/1195 1177/1105/996 1180/1104/995 1179/1179/484
f 1287/947/844 360/1102/993 270/998/895 755/948/845
f 270/998/895 360/1102/993 1177/1105/996 371/1001/898
f 1177/1105/996 1176/1311/1195 372/1310/901 371/1001/898
f 1176/1308/1195 1175/768/687 373/771/690 372/1004/901
f 1119/476/408 1120/1052/947 1127/501/431 1126/536/462
f 358/1309/1196 357/1312/1197 1186/1170/1061 1183/1172/1062
f 1301/974/871 358/1309/1196 359/1103/994 1294/971/868
f 357/1312/1197 356/1313/1198 1189/1166/1057 1186/1170/1061
f 1308/1314/1199 357/1312/1197 358/1309/1196 1301/974/871
f 356/1313/1198 355/1315/1200 1192/1161/1052 1189/1166/1057
f 1315/1316/1201 356/1313/1198 357/1312/1197 1308/1314/1199
f 355/1315/1200 354/1317/1202 1195/1162/1053 1192/1161/1052
f 1322/1318/1203 355/1315/1200 356/1313/1198 1315/1316/1201
f 374/1319/1204 375/1320/1205 1194/1163/1054 1195/1162/1053
f 1197/1321/1206 1198/1197/1086 1201/1196/1085 1200/1253/932
f 1196/1069/962 1197/1322/1206 1200/1035/932 1199/1034/931
f 1329/1323/1207 354/1317/1202 355/1315/1200 1322/1318/1203
f 1329/1323/1207 762/1324/1208 269/1325/1209 354/1317/1202
f 352/1195/1084 351/1326/1210 1204/1251/1139 1201/1196/1085
f 1294/971/868 359/1103/994 360/1102/993 1287/947/844
f 1181/561/486 1182/560/485 1185/1327/1060 1184/1328/1211
f 1184/1328/1211 1185/1327/1060 1188/1329/1056 1187/1330/1212
f 1187/1330/1212 1188/1329/1056 1191/1331/1051 1190/1125/1016
f 1190/1125/1016 1191/1331/1051 1194/1332/1054 1193/1126/1017
f 375/1333/1205 376/1072/965 1193/1126/1017 1194/1332/1054
f 354/1317/1202 269/1325/1209 374/1319/1204 1195/1162/1053
f 269/1325/1209 353/1194/1083 1198/1197/1086 374/1319/1204
f 1198/1197/1086 1197/1321/1206 375/1320/1205 374/1319/1204
f 1197/1322/1206 1196/1069/962 376/1072/965 375/1333/1205
f 351/1326/1210 350/1334/1213 1207/1249/1138 1204/1251/1139
f 1350/1335/1214 351/1326/1210 352/1195/1084 1343/1336/1215
f 350/1334/1213 349/1337/1216 1210/1247/1136 1207/1249/1138
f 1357/1338/1217 350/1334/1213 351/1326/1210 1350/1335/1214
f 349/1337/1216 348/1339/1218 1213/1242/1131 1210/1247/1136
f 1364/1340/1219 349/1337/1216 350/1334/1213 1357/1338/1217
f 348/1339/1218 347/1341/1220 1216/1243/1132 1213/1242/1131
f 1371/1342/1221 348/1339/1218 349/1337/1216 1364/1340/1219
f 377/1343/1222 378/1344/1223 1215/1244/1133 1216/1243/1132
f 1218/1345/1224 1219/1346/1225 1222/1347/1226 1221/1348/1040
f 1217/358/299 1218/1349/1224 1221/1149/1040 1220/1148/1039
f 1378/1350/1227 347/1341/1220 348/1339/1218 1371/1342/1221
f 1378/1350/1227 769/1351/1228 268/1352/1229 347/1341/1220
f 1224/1353/1041 1225/1354/1230 1228/1355/1231 1227/1356/1232
f 345/1357/1233 344/1358/1234 1225/1354/1230 1222/1347/1226
f 1221/1348/1040 1222/1347/1226 1225/1354/1230 1224/1353/1041
f 1392/1359/1235 345/1357/1233 346/1360/1236 1385/1361/1237
f 1343/1336/1215 352/1195/1084 353/1194/1083 1336/1362/1238
f 1202/1037/934 1203/1036/933 1206/1363/1137 1205/1364/1239
f 1205/1364/1239 1206/1363/1137 1209/1365/1135 1208/1366/1240
f 1208/1366/1240 1209/1365/1135 1212/1367/1130 1211/1216/1105
f 1211/1216/1105 1212/1367/1130 1215/1368/1133 1214/1217/1106
f 378/1369/1223 379/361/302 1214/1217/1106 1215/1368/1133
f 347/1341/1220 268/1352/1229 377/1343/1222 1216/1243/1132
f 1280/1173/1063 725/1176/1066 265/360/301 333/359/300
f 268/1352/1229 346/1360/1236 1219/1346/1225 377/1343/1222
f 1219/1346/1225 1218/1345/1224 378/1344/1223 377/1343/1222
f 1218/1349/1224 1217/358/299 379/361/302 378/1369/1223
f 1274/1370/1241 1275/1371/1242 1282/1167/1058 1281/1174/1064
f 1399/1372/1243 344/1358/1234 345/1357/1233 1392/1359/1235
f 1227/1356/1232 1228/1355/1231 1231/1373/1244 1230/1374/1245
f 344/1358/1234 343/1375/1246 1228/1355/1231 1225/1354/1230
f 1154/455/388 312/813/727 262/474/406 370/414/347
f 1267/1376/1247 1268/1377/1248 1275/1371/1242 1274/1370/1241
f 1406/1378/1249 343/1375/1246 344/1358/1234 1399/1372/1243
f 1230/1374/1245 1231/1373/1244 1234/695/619 1233/1379/1250
f 343/1375/1246 342/1380/1251 1231/1373/1244 1228/1355/1231
f 1260/1381/1252 1261/1382/1253 1268/1377/1248 1267/1376/1247
f 1413/1383/1254 342/1380/1251 343/1375/1246 1406/1378/1249
f 1233/1379/1250 1234/695/619 1237/694/618 1236/1384/1255
f 342/1380/1251 341/692/616 1234/695/619 1231/1373/1244
f 1253/1385/1256 1254/1386/1257 1261/1382/1253 1260/1381/1252
f 1420/1387/1258 341/692/616 342/1380/1251 1413/1383/1254
f 1236/1384/1255 1237/694/618 380/684/608 381/683/607
f 1811/655/579 1812/1388/1259 667/1389/1260 668/1390/1261
f 1246/1391/1262 1247/1392/1263 1254/1386/1257 1253/1385/1256
f 1427/860/765 340/693/617 341/692/616 1420/1387/1258
f 1809/548/473 1810/656/580 669/1393/1264 670/549/474
f 1238/1394/1265 1239/1395/1266 1246/1391/1262 1245/1396/1267
f 1239/1395/1266 1240/1397/1268 1247/1392/1263 1246/1391/1262
f 333/359/300 1217/358/299 1220/1148/1039 334/1286/1173
f 1223/1151/1042 1224/1150/1041 1227/1398/1232 1226/1399/1269
f 1226/1399/1269 1227/1398/1232 1230/1400/1245 1229/1401/1270
f 1229/1401/1270 1230/1400/1245 1233/1402/1250 1232/1403/1271
f 1232/1403/1271 1233/1402/1250 1236/1404/1255 1235/643/567
f 1237/694/618 340/693/617 267/658/582 380/684/608
f 1427/860/765 705/659/583 267/658/582 340/693/617
f 494/912/809 1435/715/638 1434/785/702 495/710/634
f 1810/656/580 1811/655/579 668/1390/1261 669/1393/1264
f 1235/643/567 1236/1404/1255 381/746/607 382/631/555
f 338/1405/1272 1232/1403/1271 1235/643/567 339/642/566
f 337/1406/1273 1229/1401/1270 1232/1403/1271 338/1405/1272
f 336/1407/1274 1226/1399/1269 1229/1401/1270 337/1406/1273
f 335/1287/1174 1223/1151/1042 1226/1399/1269 336/1407/1274
f 334/1286/1173 1220/1148/1039 1223/1151/1042 335/1287/1174
f 1248/1408/1275 1249/1409/1276 1256/1410/1277 1255/1411/1278
f 1252/1412/1279 1253/1385/1256 1260/1381/1252 1259/1413/1280
f 1255/1411/1278 1256/1410/1277 1263/1414/1281 1262/1415/1282
f 1256/1410/1277 1257/1416/1283 1264/1417/1284 1263/1414/1281
f 1259/1413/1280 1260/1381/1252 1267/1376/1247 1266/1288/1175
f 1262/1415/1282 1263/1414/1281 1270/1418/1285 1269/1419/1286
f 1263/1414/1281 1264/1417/1284 1271/1420/1287 1270/1418/1285
f 1266/1288/1175 1267/1376/1247 1274/1370/1241 1273/1285/1172
f 1269/1419/1286 1270/1418/1285 1277/1421/1288 1276/1422/1289
f 1270/1418/1285 1271/1420/1287 1278/1423/1290 1277/1421/1288
f 1273/1285/1172 1274/1370/1241 1281/1174/1064 1280/1173/1063
f 1276/1422/1289 1277/1421/1288 1284/645/569 1283/644/568
f 1277/1421/1288 1278/1423/1290 1285/1260/1147 1284/645/569
f 1289/934/831 1290/942/839 1297/975/872 1296/1424/1291
f 1291/949/846 1292/477/409 1299/480/412 1298/976/873
f 1697/1425/1292 567/1206/1095 568/1204/1093 1696/1426/1293
f 670/549/474 669/1393/1264 1239/1395/1266 1238/1394/1265
f 1240/1397/1268 1241/1427/1294 1248/1408/1275 1247/1392/1263
f 1812/1388/1259 1813/1428/1295 666/1429/1296 667/1389/1260
f 669/1393/1264 668/1390/1261 1240/1397/1268 1239/1395/1266
f 1241/1427/1294 1242/1430/1297 1249/1409/1276 1248/1408/1275
f 1813/1428/1295 1814/1431/1298 665/1432/1299 666/1429/1296
f 668/1390/1261 667/1389/1260 1241/1427/1294 1240/1397/1268
f 1242/1430/1297 1243/1433/1300 1250/1434/1301 1249/1409/1276
f 1814/1431/1298 1815/1435/1302 664/1436/1303 665/1432/1299
f 667/1389/1260 666/1429/1296 1242/1430/1297 1241/1427/1294
f 1243/1433/1300 1244/1437/1304 1251/1438/1305 1250/1434/1301
f 666/1429/1296 665/1432/1299 1243/1433/1300 1242/1430/1297
f 665/1432/1299 664/1436/1303 1244/1437/1304 1243/1433/1300
f 293/1439/1306 538/1440/1307 1244/1437/1304 664/1436/1303
f 1250/1434/1301 1251/1438/1305 1258/1441/1308 1257/1416/1283
f 538/1440/1307 537/1442/1309 1251/1438/1305 1244/1437/1304
f 1247/1392/1263 1248/1408/1275 1255/1411/1278 1254/1386/1257
f 1257/1416/1283 1258/1441/1308 1265/1443/1310 1264/1417/1284
f 537/1442/1309 536/1444/1311 1258/1441/1308 1251/1438/1305
f 1254/1386/1257 1255/1411/1278 1262/1415/1282 1261/1382/1253
f 1264/1417/1284 1265/1443/1310 1272/1445/1312 1271/1420/1287
f 536/1444/1311 535/1446/1313 1265/1443/1310 1258/1441/1308
f 1261/1382/1253 1262/1415/1282 1269/1419/1286 1268/1377/1248
f 1271/1420/1287 1272/1445/1312 1279/1447/1314 1278/1423/1290
f 535/1446/1313 534/1448/1315 1272/1445/1312 1265/1443/1310
f 1268/1377/1248 1269/1419/1286 1276/1422/1289 1275/1371/1242
f 1278/1423/1290 1279/1447/1314 1286/1264/1151 1285/1260/1147
f 534/1448/1315 533/1449/1316 1279/1447/1314 1272/1445/1312
f 1275/1371/1242 1276/1422/1289 1283/644/568 1282/1167/1058
f 533/1449/1316 532/1450/1317 1286/1264/1151 1279/1447/1314
f 1286/1264/1151 532/1450/1317 295/1269/1156 719/1265/1152
f 1288/935/832 1289/934/831 1296/1424/1291 1295/972/869
f 1301/974/871 1302/973/870 1309/1451/1318 1308/1314/1199
f 1304/978/875 1305/977/874 1312/1452/1319 1311/1453/1320
f 1536/1454/1321 1537/1455/1322 747/1456/1323 746/1457/1324
f 1305/977/874 1306/979/876 1313/1458/1325 1312/1452/1319
f 1308/1314/1199 1309/1451/1318 1316/1459/1326 1315/1316/1201
f 1311/1453/1320 1312/1452/1319 1319/1460/1327 1318/1461/1328
f 1312/1452/1319 1313/1458/1325 1320/1462/1329 1319/1460/1327
f 1315/1316/1201 1316/1459/1326 1323/1463/1330 1322/1318/1203
f 1318/1461/1328 1319/1460/1327 1326/1464/1331 1325/1465/1332
f 1319/1460/1327 1320/1462/1329 1327/1466/1333 1326/1464/1331
f 1322/1318/1203 1323/1463/1330 1330/1467/1334 1329/1323/1207
f 1325/1465/1332 1326/1464/1331 1333/1468/1335 1332/1469/1336
f 1326/1464/1331 1327/1466/1333 1334/1470/1337 1333/1468/1335
f 1338/1471/1338 1337/1472/1339 761/1473/1340 760/1474/1341
f 1337/1472/1339 1338/1471/1338 1345/751/671 1344/750/670
f 1341/963/860 1340/1475/1342 758/1476/1343 757/1477/1344
f 1342/964/861 1341/963/860 757/1477/1344 756/1478/1345
f 1340/1475/1342 1341/963/860 1348/966/863 1347/1479/1346
f 1777/1480/1347 655/1481/1348 656/1482/1349 1776/1483/1350
f 1343/1336/1215 1344/750/670 1351/753/673 1350/1335/1214
f 1346/1484/1351 1347/1479/1346 1354/1485/1352 1353/1486/1353
f 1347/1479/1346 1348/966/863 1355/1487/1354 1354/1485/1352
f 305/997/894 628/1488/1355 1293/478/410 749/946/843
f 556/1489/1356 555/1490/1357 1517/1491/1358 1514/1492/1359
f 1299/480/412 1300/479/411 1307/1493/1360 1306/979/876
f 628/1488/1355 627/1494/1361 1300/479/411 1293/478/410
f 1296/1424/1291 1297/975/872 1304/978/875 1303/1495/1362
f 1306/979/876 1307/1493/1360 1314/1496/1363 1313/1458/1325
f 627/1494/1361 626/596/521 1307/1493/1360 1300/479/411
f 1303/1495/1362 1304/978/875 1311/1453/1320 1310/1497/1364
f 1313/1458/1325 1314/1496/1363 1321/1498/1365 1320/1462/1329
f 626/596/521 625/595/520 1314/1496/1363 1307/1493/1360
f 1310/1497/1364 1311/1453/1320 1318/1461/1328 1317/1499/1366
f 1320/1462/1329 1321/1498/1365 1328/1500/1367 1327/1466/1333
f 625/595/520 624/1501/1368 1321/1498/1365 1314/1496/1363
f 1317/1499/1366 1318/1461/1328 1325/1465/1332 1324/1502/1369
f 1327/1466/1333 1328/1500/1367 1335/1503/1370 1334/1470/1337
f 624/1501/1368 623/1504/1371 1328/1500/1367 1321/1498/1365
f 1324/1502/1369 1325/1465/1332 1332/1469/1336 1331/1505/1372
f 623/1504/1371 622/1506/1373 1335/1503/1370 1328/1500/1367
f 1340/1475/1342 1339/1507/1374 759/1508/1375 758/1476/1343
f 622/1506/1373 307/1509/1376 756/1478/1345 1335/1503/1370
f 756/1478/1345 757/1477/1344 1334/1470/1337 1335/1503/1370
f 757/1477/1344 758/1476/1343 1333/1468/1335 1334/1470/1337
f 758/1476/1343 759/1508/1375 1332/1469/1336 1333/1468/1335
f 759/1508/1375 760/1474/1341 1331/1505/1372 1332/1469/1336
f 760/1474/1341 761/1473/1340 1330/1467/1334 1331/1505/1372
f 761/1473/1340 762/1324/1208 1329/1323/1207 1330/1467/1334
f 1338/1471/1338 1339/1507/1374 1346/1484/1351 1345/751/671
f 1350/1335/1214 1351/753/673 1358/1510/1377 1357/1338/1217
f 633/1511/1378 1757/1512/1379 1756/1513/1380 632/1514/1381
f 1353/1486/1353 1354/1485/1352 1361/1515/1382 1360/1516/1383
f 1515/1517/1384 1516/1518/1385 737/825/736 736/824/735
f 1354/1485/1352 1355/1487/1354 1362/1519/1386 1361/1515/1382
f 1357/1338/1217 1358/1510/1377 1365/1520/1387 1364/1340/1219
f 1360/1516/1383 1361/1515/1382 1368/1521/1388 1367/1522/1389
f 1361/1515/1382 1362/1519/1386 1369/1523/1390 1368/1521/1388
f 1364/1340/1219 1365/1520/1387 1372/1524/1391 1371/1342/1221
f 1367/1522/1389 1368/1521/1388 1375/1525/1392 1374/1526/1393
f 1368/1521/1388 1369/1523/1390 1376/1527/1394 1375/1525/1392
f 1371/1342/1221 1372/1524/1391 1379/1528/1395 1378/1350/1227
f 1374/1526/1393 1375/1525/1392 1382/1529/1396 1381/1530/1397
f 1375/1525/1392 1376/1527/1394 1383/1531/1398 1382/1529/1396
f 1387/1532/1399 1386/1533/1400 768/1534/1401 767/1535/1402
f 1386/1533/1400 1387/1532/1399 1394/1536/1403 1393/1537/1404
f 1390/1538/1405 1389/1539/1406 765/1540/1407 764/1541/1408
f 1391/1542/1409 1390/1538/1405 764/1541/1408 763/1543/1410
f 1389/1539/1406 1390/1538/1405 1397/1544/1411 1396/1545/1412
f 1392/1359/1235 1393/1537/1404 1400/1546/1413 1399/1372/1243
f 1395/1547/1414 1396/1545/1412 1403/1548/1415 1402/1549/1416
f 1396/1545/1412 1397/1544/1411 1404/1550/1417 1403/1548/1415
f 307/1509/1376 644/1551/1418 1342/964/861 756/1478/1345
f 540/833/744 539/836/747 1496/1552/1419 1493/1553/1420
f 1348/966/863 1349/965/862 1356/1554/1421 1355/1487/1354
f 644/1551/1418 643/1555/1422 1349/965/862 1342/964/861
f 1345/751/671 1346/1484/1351 1353/1486/1353 1352/752/672
f 1355/1487/1354 1356/1554/1421 1363/1556/1423 1362/1519/1386
f 643/1555/1422 642/969/866 1356/1554/1421 1349/965/862
f 1352/752/672 1353/1486/1353 1360/1516/1383 1359/1557/1424
f 1362/1519/1386 1363/1556/1423 1370/1558/1425 1369/1523/1390
f 642/969/866 641/968/865 1363/1556/1423 1356/1554/1421
f 1359/1557/1424 1360/1516/1383 1367/1522/1389 1366/1559/1426
f 1369/1523/1390 1370/1558/1425 1377/1560/1427 1376/1527/1394
f 641/968/865 640/1561/1428 1370/1558/1425 1363/1556/1423
f 1366/1559/1426 1367/1522/1389 1374/1526/1393 1373/1562/1429
f 1376/1527/1394 1377/1560/1427 1384/1563/1430 1383/1531/1398
f 640/1561/1428 639/1564/1431 1377/1560/1427 1370/1558/1425
f 1373/1562/1429 1374/1526/1393 1381/1530/1397 1380/1565/1432
f 639/1564/1431 638/1566/1433 1384/1563/1430 1377/1560/1427
f 1389/1539/1406 1388/1567/1434 766/1568/1435 765/1540/1407
f 638/1566/1433 309/1569/1436 763/1543/1410 1384/1563/1430
f 763/1543/1410 764/1541/1408 1383/1531/1398 1384/1563/1430
f 764/1541/1408 765/1540/1407 1382/1529/1396 1383/1531/1398
f 765/1540/1407 766/1568/1435 1381/1530/1397 1382/1529/1396
f 766/1568/1435 767/1535/1402 1380/1565/1432 1381/1530/1397
f 767/1535/1402 768/1534/1401 1379/1528/1395 1380/1565/1432
f 768/1534/1401 769/1351/1228 1378/1350/1227 1379/1528/1395
f 1387/1532/1399 1388/1567/1434 1395/1547/1414 1394/1536/1403
f 1399/1372/1243 1400/1546/1413 1407/1570/1437 1406/1378/1249
f 1402/1549/1416 1403/1548/1415 1410/1571/1438 1409/1572/1439
f 1403/1548/1415 1404/1550/1417 1411/1573/1440 1410/1571/1438
f 1406/1378/1249 1407/1570/1437 1414/1574/1441 1413/1383/1254
f 1409/1572/1439 1410/1571/1438 1417/1575/1442 1416/1576/1443
f 1410/1571/1438 1411/1573/1440 1418/1577/1444 1417/1575/1442
f 1413/1383/1254 1414/1574/1441 1421/1578/1445 1420/1387/1258
f 1416/1576/1443 1417/1575/1442 1424/1579/1446 1423/1580/1447
f 1417/1575/1442 1418/1577/1444 1425/1581/1448 1424/1579/1446
f 1420/1387/1258 1421/1578/1445 1428/716/639 1427/860/765
f 1423/1580/1447 1424/1579/1446 1431/889/787 1430/888/786
f 1424/1579/1446 1425/1581/1448 1432/907/804 1431/889/787
f 524/1582/1449 1660/1583/1450 1659/513/440 523/512/439
f 494/912/809 1631/911/808 1630/787/703 493/1584/1451
f 309/1569/1436 658/1585/1452 1391/1542/1409 763/1543/1410
f 1397/1544/1411 1398/1586/1453 1405/1587/1454 1404/1550/1417
f 658/1585/1452 657/1588/1455 1398/1586/1453 1391/1542/1409
f 1394/1536/1403 1395/1547/1414 1402/1549/1416 1401/1589/1456
f 1404/1550/1417 1405/1587/1454 1412/1590/1457 1411/1573/1440
f 657/1588/1455 656/1482/1349 1405/1587/1454 1398/1586/1453
f 1401/1589/1456 1402/1549/1416 1409/1572/1439 1408/1591/1458
f 1411/1573/1440 1412/1590/1457 1419/1592/1459 1418/1577/1444
f 656/1482/1349 655/1481/1348 1412/1590/1457 1405/1587/1454
f 1408/1591/1458 1409/1572/1439 1416/1576/1443 1415/1593/1460
f 1418/1577/1444 1419/1592/1459 1426/1594/1461 1425/1581/1448
f 655/1481/1348 654/1595/1462 1419/1592/1459 1412/1590/1457
f 1415/1593/1460 1416/1576/1443 1423/1580/1447 1422/1596/1463
f 1425/1581/1448 1426/1594/1461 1433/908/805 1432/907/804
f 654/1595/1462 653/1597/1464 1426/1594/1461 1419/1592/1459
f 1422/1596/1463 1423/1580/1447 1430/888/786 1429/717/640
f 653/1597/1464 652/1598/1465 1433/908/805 1426/1594/1461
f 1433/908/805 652/1598/1465 310/913/810 711/909/806
f 428/1599/1466 301/378/315 429/326/267 1569/1600/1467
f 1439/1601/1468 1446/1602/1469 1445/1603/1470 1438/1604/1471
f 663/799/713 850/679/603 411/678/602 273/1605/1472
f 1446/1606/1469 1453/1607/1473 1452/1608/1474 1445/1609/1470
f 1447/1610/1475 1454/1611/1476 1453/1607/1473 1446/1606/1469
f 418/742/664 417/745/667 1452/1608/1474 1453/1607/1473
f 419/1612/1477 418/742/664 1453/1607/1473 1454/1611/1476
f 417/745/667 1559/744/666 1558/665/589 416/690/614
f 1561/1613/1478 419/1612/1477 275/1614/1479 386/1615/1480
f 432/313/254 1572/325/266 1571/1616/1481 431/314/255
f 1456/1617/1482 1457/1618/1483 1460/1619/1484 1459/1620/1485
f 529/1621/1486 528/1622/1487 1460/1619/1484 1457/1618/1483
f 1494/1623/1488 1495/1624/1489 727/1625/1490 726/1626/1491
f 910/763/682 917/762/681 916/778/695 909/661/585
f 492/1627/1492 1437/1628/1493 1436/712/635 493/1584/1451
f 306/1629/1494 736/824/735 1476/827/738 629/1630/1495
f 493/1584/1451 1630/787/703 1629/790/706 492/1627/1492
f 491/1631/1496 1438/1604/1471 1437/1628/1493 492/1627/1492
f 289/339/280 407/1632/1497 1552/1633/1498 406/340/281
f 490/388/323 1439/1601/1468 1438/1604/1471 491/1631/1496
f 489/391/326 1440/1634/1499 1439/1601/1468 490/388/323
f 285/820/731 510/1635/1500 1440/1634/1499 489/391/326
f 510/1635/1500 509/1636/1501 1447/1637/1475 1440/1634/1499
f 1438/1604/1471 1445/1603/1470 1444/1638/649 1437/1628/1493
f 1448/796/711 671/1639/708 672/1640/598 1441/797/701
f 509/1641/1501 508/1642/1502 1454/1611/1476 1447/1610/1475
f 1445/1609/1470 1452/1608/1474 1451/691/615 1444/726/649
f 413/795/710 272/1643/709 671/1639/708 1448/796/711
f 275/1614/1479 419/1612/1477 1454/1611/1476 508/1642/1502
f 417/745/667 416/690/614 1451/691/615 1452/1608/1474
f 308/1644/1503 726/1626/1491 1455/1645/1504 645/1646/1505
f 419/1612/1477 1561/1613/1478 1560/743/665 418/742/664
f 430/321/262 1570/1647/1506 1569/1600/1467 429/326/267
f 649/1648/1507 1771/1649/1508 1770/1650/1509 648/1651/1510
f 646/1652/1511 1458/1653/1512 1461/1654/1513 647/1655/1514
f 528/1622/1487 527/1656/1515 1463/1657/1516 1460/1619/1484
f 294/1658/1517 530/1659/1518 1665/1660/1519 529/1621/1486
f 647/1655/1514 1461/1654/1513 1464/1661/1520 648/1651/1510
f 527/1656/1515 526/1662/1521 1466/1663/1522 1463/1657/1516
f 1029/1086/978 1030/1085/977 1037/1133/1024 1036/1132/1023
f 529/1621/1486 1665/1660/1519 1664/1664/1523 528/1622/1487
f 648/1651/1510 1464/1661/1520 1467/1665/1524 649/1648/1507
f 526/1662/1521 525/1666/1525 1469/1667/1526 1466/1663/1522
f 528/1622/1487 1664/1664/1523 1663/1668/1527 527/1656/1515
f 649/1648/1507 1467/1665/1524 1470/1669/1528 650/1670/1529
f 525/1666/1525 524/1582/1449 1472/1671/1530 1469/1667/1526
f 527/1656/1515 1663/1668/1527 1662/1672/1531 526/1662/1521
f 1474/1673/722 1475/1674/1532 681/828/739 680/1675/723
f 1477/1676/737 1478/1677/1533 1481/1678/1534 1480/1679/1535
f 926/481/413 927/581/506 934/590/515 933/612/537
f 545/1680/1536 544/1681/1537 1481/1678/1534 1478/1677/1533
f 787/335/276 446/407/341 278/1682/340 684/466/398
f 1458/1653/1512 1459/1683/1485 1462/1684/1538 1461/1654/1513
f 746/1457/1324 747/1456/1323 1498/1685/1539 1497/1686/1540
f 304/1687/1541 746/1457/1324 1497/1686/1540 613/371/308
f 645/1646/1505 1455/1645/1504 1458/1653/1512 646/1652/1511
f 294/1658/1517 529/1621/1486 1457/1618/1483 728/1688/1542
f 1124/1064/958 1125/1063/957 1132/1302/1189 1131/1252/1140
f 632/1514/1381 1756/1513/1380 1755/1689/1543 631/1690/1544
f 294/1658/1517 539/836/747 1673/835/746 530/1659/1518
f 1455/1645/1504 1456/1691/1482 1459/1683/1485 1458/1653/1512
f 556/1489/1356 1688/1692/1545 1687/1693/1546 555/1490/1357
f 526/1662/1521 1662/1672/1531 1661/1694/1547 525/1666/1525
f 1461/1654/1513 1462/1684/1538 1465/1695/1548 1464/1661/1520
f 1464/1661/1520 1465/1695/1548 1468/1696/1549 1467/1665/1524
f 1467/1665/1524 1468/1696/1549 1471/1697/1550 1470/1669/1528
f 1781/1698/1551 663/799/713 273/1605/1472 426/1699/1552
f 1475/1674/1532 523/512/439 292/511/438 681/828/739
f 525/1666/1525 1661/1694/1547 1660/1583/1450 524/1582/1449
f 737/1700/736 738/1701/1553 1478/1677/1533 1477/1676/737
f 1471/1702/1550 1472/1671/1530 1475/1674/1532 1474/1673/722
f 275/1614/1479 387/1703/1554 1541/1704/1555 386/1615/1480
f 1468/1705/1549 1469/1667/1526 1472/1671/1530 1471/1702/1550
f 1465/1706/1548 1466/1663/1522 1469/1667/1526 1468/1705/1549
f 1287/947/844 1288/935/832 1295/972/869 1294/971/868
f 1462/1707/1538 1463/1657/1516 1466/1663/1522 1465/1706/1548
f 1459/1620/1485 1460/1619/1484 1463/1657/1516 1462/1707/1538
f 1336/1362/1238 1337/1472/1339 1344/750/670 1343/1336/1215
f 630/1708/1556 1479/1709/1557 1482/1710/1558 631/1690/1544
f 544/1681/1537 543/1711/1559 1484/1712/1560 1481/1678/1534
f 296/1713/1561 546/1714/1562 1679/1715/1563 545/1680/1536
f 631/1690/1544 1482/1710/1558 1485/1716/1564 632/1514/1381
f 543/1711/1559 542/1717/1565 1487/1718/1566 1484/1712/1560
f 980/962/859 981/961/858 988/1023/920 987/1022/919
f 545/1680/1536 1679/1715/1563 1678/1719/1567 544/1681/1537
f 632/1514/1381 1485/1716/1564 1488/1720/1568 633/1511/1378
f 542/1717/1565 541/1721/1569 1490/1722/1570 1487/1718/1566
f 544/1681/1537 1678/1719/1567 1677/1723/1571 543/1711/1559
f 633/1511/1378 1488/1720/1568 1491/1724/1572 634/1725/1573
f 541/1721/1569 540/833/744 1493/1553/1420 1490/1722/1570
f 543/1711/1559 1677/1723/1571 1676/1726/1574 542/1717/1565
f 1495/1727/1489 1496/1552/1419 728/1688/1542 727/1728/1490
f 635/1729/1575 1494/1623/1488 726/1626/1491 308/1644/1503
f 1498/1730/1539 1499/1731/1576 1502/1732/1577 1501/1733/1578
f 561/1734/1579 560/1735/1580 1502/1732/1577 1499/1731/1576
f 680/1675/723 681/828/739 854/741/663 853/1736/734
f 1479/1709/1557 1480/1737/1535 1483/1738/1581 1482/1710/1558
f 618/1739/1582 1512/1740/1583 1515/1517/1384 619/1741/1584
f 650/1670/1529 1470/1669/1528 1473/807/721 651/1742/1585
f 629/1630/1495 1476/827/738 1479/1709/1557 630/1708/1556
f 296/1713/1561 545/1680/1536 1478/1677/1533 738/1701/1553
f 616/1743/1586 1742/1744/1587 1741/1745/1588 615/1746/1589
f 306/1629/1494 629/1630/1495 1753/1747/1590 620/1748/1591
f 1476/827/738 1477/826/737 1480/1737/1535 1479/1709/1557
f 572/981/878 1702/1749/1592 1701/1750/1593 571/982/879
f 542/1717/1565 1676/1726/1574 1675/1751/1594 541/1721/1569
f 1482/1710/1558 1483/1738/1581 1486/1752/1595 1485/1716/1564
f 1485/1716/1564 1486/1752/1595 1489/1753/1596 1488/1720/1568
f 308/1644/1503 645/1646/1505 1767/1754/1597 636/1755/1598
f 1491/1724/1572 1492/1756/1599 1495/1624/1489 1494/1623/1488
f 1496/1552/1419 539/836/747 294/1658/1517 728/1688/1542
f 296/1713/1561 555/1490/1357 1687/1693/1546 546/1714/1562
f 1492/1757/1599 1493/1553/1420 1496/1552/1419 1495/1727/1489
f 1489/1758/1596 1490/1722/1570 1493/1553/1420 1492/1757/1599
f 1486/1759/1595 1487/1718/1566 1490/1722/1570 1489/1758/1596
f 1483/1760/1581 1484/1712/1560 1487/1718/1566 1486/1759/1595
f 1480/1679/1535 1481/1678/1534 1484/1712/1560 1483/1760/1581
f 617/1761/1600 1743/1762/1601 1742/1744/1587 616/1743/1586
f 614/368/305 1500/1763/1602 1503/1764/1603 615/1746/1589
f 560/1735/1580 559/1139/1030 1505/1765/1604 1502/1732/1577
f 298/1766/1605 562/1767/1606 1693/1768/1607 561/1734/1579
f 615/1746/1589 1503/1764/1603 1506/1769/1608 616/1743/1586
f 559/1139/1030 558/1142/1033 1508/1770/1609 1505/1765/1604
f 561/1734/1579 1693/1768/1607 1692/1771/1610 560/1735/1580
f 616/1743/1586 1506/1769/1608 1509/1772/1611 617/1761/1600
f 558/1142/1033 557/1773/1612 1511/1774/1613 1508/1770/1609
f 560/1735/1580 1692/1771/1610 1691/1140/1031 559/1139/1030
f 617/1761/1600 1509/1772/1611 1512/1740/1583 618/1739/1582
f 557/1773/1612 556/1489/1356 1514/1492/1359 1511/1774/1613
f 1516/1775/1385 1517/1491/1358 738/1701/1553 737/1700/736
f 619/1741/1584 1515/1517/1384 736/824/735 306/1629/1494
f 1519/385/322 1520/384/321 1523/350/291 1522/1776/1614
f 727/1728/1490 728/1688/1542 1457/1618/1483 1456/1617/1482
f 1500/1763/1602 1501/1777/1578 1504/1778/1615 1503/1764/1603
f 634/1725/1573 1491/1724/1572 1494/1623/1488 635/1729/1575
f 613/371/308 1497/1686/1540 1500/1763/1602 614/368/305
f 298/1766/1605 561/1734/1579 1499/1731/1576 748/1779/1616
f 600/395/330 1728/394/329 1727/1780/1617 599/346/287
f 304/1687/1541 613/371/308 1739/370/307 604/1781/1618
f 1497/1686/1540 1498/1685/1539 1501/1777/1578 1500/1763/1602
f 298/1766/1605 571/982/879 1701/1750/1593 562/1767/1606
f 558/1142/1033 1690/1141/1032 1689/1782/1619 557/1773/1612
f 1503/1764/1603 1504/1778/1615 1507/1783/1620 1506/1769/1608
f 1506/1769/1608 1507/1783/1620 1510/1784/1621 1509/1772/1611
f 646/1652/1511 1768/1785/1622 1767/1754/1597 645/1646/1505
f 1512/1740/1583 1513/1786/1623 1516/1518/1385 1515/1517/1384
f 1517/1491/1358 555/1490/1357 296/1713/1561 738/1701/1553
f 302/377/314 597/351/292 1725/354/295 590/1787/1624
f 1513/1788/1623 1514/1492/1359 1517/1491/1358 1516/1775/1385
f 1510/1789/1621 1511/1774/1613 1514/1492/1359 1513/1788/1623
f 1507/1790/1620 1508/1770/1609 1511/1774/1613 1510/1789/1621
f 1504/1791/1615 1505/1765/1604 1508/1770/1609 1507/1790/1620
f 1501/1733/1578 1502/1732/1577 1505/1765/1604 1504/1791/1615
f 1707/1792/1625 577/383/320 301/378/315 428/1599/1466
f 599/346/287 1524/345/286 1527/1793/1626 600/395/330
f 575/348/289 574/1794/1627 1529/1795/1628 1526/349/290
f 577/383/320 1707/1792/1625 1706/1796/1629 576/347/288
f 600/395/330 1527/1793/1626 1530/1797/1630 601/392/327
f 574/1794/1627 573/1798/1631 1532/1799/1632 1529/1795/1628
f 576/347/288 1706/1796/1629 1705/1800/1633 575/348/289
f 601/392/327 1530/1797/1630 1533/1801/1634 602/1802/1635
f 573/1798/1631 572/981/878 1535/984/881 1532/1799/1632
f 575/348/289 1705/1800/1633 1704/1803/1636 574/1794/1627
f 1537/1804/1322 1538/983/880 748/1779/1616 747/1805/1323
f 384/1806/1637 274/1807/1638 385/1808/1639 1540/1809/1640
f 603/1810/1641 1536/1454/1321 746/1457/1324 304/1687/1541
f 602/1802/1635 1533/1801/1634 1536/1454/1321 603/1810/1641
f 1541/1704/1555 1539/1811/1642 1542/831/742 1540/1809/1640
f 384/1806/1637 1540/1809/1640 1542/831/742 383/830/741
f 557/1773/1612 1689/1782/1619 1688/1692/1545 556/1489/1356
f 1524/345/286 1525/1812/1643 1528/1813/1644 1527/1793/1626
f 1527/1793/1626 1528/1813/1644 1531/1814/1645 1530/1797/1630
f 630/1708/1556 1754/1815/1646 1753/1747/1590 629/1630/1495
f 1533/1801/1634 1534/1816/1647 1537/1455/1322 1536/1454/1321
f 1538/983/880 571/982/879 298/1766/1605 748/1779/1616
f 1542/831/742 1539/1811/1642 388/1817/1648 389/702/626
f 385/1808/1639 386/1615/1480 1541/1704/1555 1540/1809/1640
f 1534/1818/1647 1535/984/881 1538/983/880 1537/1804/1322
f 1531/1819/1645 1532/1799/1632 1535/984/881 1534/1818/1647
f 1528/1820/1644 1529/1795/1628 1532/1799/1632 1531/1819/1645
f 1525/1821/1643 1526/349/290 1529/1795/1628 1528/1820/1644
f 1522/1776/1614 1523/350/291 1526/349/290 1525/1821/1643
f 1788/648/572 662/589/514 663/799/713 1781/1698/1551
f 274/1807/1638 420/1822/1649 1568/1823/1650 385/1808/1639
f 1645/1824/1651 1642/703/627 389/702/626 388/1817/1648
f 1660/1583/1450 1667/1825/1652 1666/1826/1653 1659/513/440
f 1648/1827/1654 1645/1828/1651 388/1829/1648 387/1703/1554
f 408/1830/1655 290/629/553 409/1831/1656 1553/1832/1657
f 1570/1647/1506 1575/1833/1658 1574/1834/1659 1569/1600/1467
f 1562/736/658 411/678/602 412/677/601 1555/737/659
f 511/601/526 1649/600/525 383/830/741 276/701/625
f 513/804/718 1651/1835/1660 1650/599/524 512/598/523
f 1647/1836/1661 509/1636/1501 510/1635/1500 1646/1837/1662
f 395/1838/1663 1544/1839/1664 394/1840/1665 280/875/780
f 401/868/773 1646/1837/1662 510/1635/1500 285/820/731
f 392/329/270 393/1841/1666 1543/1842/1667 1546/330/271
f 431/314/255 1571/1616/1481 1570/1647/1506 430/321/262
f 1641/1843/800 1644/1844/1668 1643/1845/1669 1640/767/686
f 688/434/367 800/337/278 799/398/333 687/555/480
f 747/1805/1323 748/1779/1616 1499/1731/1576 1498/1730/1539
f 508/1642/1502 1648/1827/1654 387/1703/1554 275/1614/1479
f 1667/1825/1652 537/1442/1309 538/1440/1307 1666/1826/1653
f 1157/458/390 1158/457/389 1161/1015/912 1160/1014/911
f 1662/1672/1531 1669/1846/1670 1668/1847/1671 1661/1694/1547
f 853/1736/734 854/741/663 857/740/662 856/849/743
f 1568/1823/1650 1561/1613/1478 386/1615/1480 385/1808/1639
f 1559/744/666 1566/1848/1672 1565/652/576 1558/665/589
f 394/1840/1665 1544/1839/1664 1543/1842/1667 393/1849/1666
f 1644/1850/1668 1647/1836/1661 1646/1837/1662 1643/1851/1669
f 388/1829/1648 1539/1811/1642 1541/1704/1555 387/1703/1554
f 1589/517/444 451/423/356 452/1299/1186 1588/1852/1673
f 1582/373/310 1589/517/444 1588/1852/1673 1581/374/311
f 441/375/312 1581/374/311 1580/416/349 440/872/777
f 507/700/624 506/903/753 865/846/750 866/841/752
f 402/821/732 1548/869/774 401/868/773 285/820/731
f 873/874/779 880/879/763 879/851/758 872/850/757
f 1575/1833/1658 437/1304/1191 438/1301/1188 1574/1834/1659
f 1588/1852/1673 452/1299/1186 453/1298/1185 1587/417/350
f 399/764/683 400/1853/776 1547/870/775 1550/829/740
f 1617/436/369 1622/1854/1674 1621/1855/1675 1616/437/370
f 1587/417/350 453/1298/1185 454/380/317 1586/379/316
f 1578/1856/1676 434/1307/1194 435/1306/1193 1577/1857/1677
f 481/533/460 1618/532/459 1617/436/369 480/435/368
f 1598/1858/1678 1601/1859/1679 1600/1860/1680 1597/1861/1681
f 1573/324/265 1578/1856/1676 1577/1857/1677 1572/325/266
f 1571/1616/1481 1576/1862/1682 1575/1833/1658 1570/1647/1506
f 440/872/777 1580/416/349 1579/418/351 439/873/778
f 434/1307/1194 1578/1856/1676 390/1863/1683 281/381/318
f 1581/374/311 1588/1852/1673 1587/417/350 1580/416/349
f 1578/1856/1676 1573/324/265 391/331/272 390/1863/1683
f 390/1863/1683 391/331/272 1546/330/271 1545/1864/1684
f 396/382/319 1545/1864/1684 1544/1839/1664 395/1838/1663
f 492/1627/1492 1629/790/706 1628/1865/1685 491/1631/1496
f 1636/789/705 501/723/646 502/901/799 1635/1866/1686
f 1629/790/706 1636/789/705 1635/1866/1686 1628/1865/1685
f 599/346/287 1727/1780/1617 1726/353/294 598/343/284
f 491/1631/1496 1628/1865/1685 1627/389/324 490/388/323
f 406/340/281 1552/1633/1498 1551/1867/1687 405/1868/1688
f 1598/1869/1678 1595/341/282 406/340/281 405/1868/1688
f 1440/1634/1499 1447/1637/1475 1446/1602/1469 1439/1601/1468
f 1622/1854/1674 487/916/813 488/914/811 1621/1855/1675
f 1635/1866/1686 502/901/799 503/900/798 1634/720/643
f 1551/1867/1687 1552/1633/1498 1553/1832/1657 1554/1870/1689
f 1599/1871/1690 460/876/781 280/875/780 394/1840/1665
f 1634/720/643 503/900/798 504/697/621 1633/696/620
f 1625/1872/1691 484/919/816 485/918/815 1624/1873/1692
f 779/319/260 780/1874/331 783/403/258 782/327/268
f 1554/1870/1689 404/1875/1693 405/1876/1688 1551/1867/1687
f 396/382/319 281/381/318 390/1863/1683 1545/1864/1684
f 1576/1862/1682 436/1305/1192 437/1304/1191 1575/1833/1658
f 1640/767/686 1643/1845/1669 400/1853/776 399/764/683
f 1645/1828/1651 1648/1827/1654 1647/1877/1661 1644/1878/1668
f 1620/801/715 1625/1872/1691 1624/1873/1692 1619/531/458
f 1618/532/459 1623/1879/1694 1622/1854/1674 1617/436/369
f 289/339/280 585/367/304 1715/1880/1695 407/1632/1497
f 484/919/816 1625/1872/1691 397/1881/1696 286/698/622
f 1595/341/282 1598/1869/1678 1597/1882/1681 1594/1300/1187
f 1628/1865/1685 1635/1866/1686 1634/720/643 1627/389/324
f 1625/1872/1691 1620/801/715 398/822/733 397/1881/1696
f 397/1881/1696 398/822/733 1550/829/740 1549/1883/1697
f 403/699/623 1549/1883/1697 1548/869/774 402/821/732
f 1613/529/456 472/459/391 473/420/353 1612/419/352
f 586/309/250 1716/1884/1698 1715/1880/1695 585/367/304
f 423/649/573 1784/673/597 1783/732/654 424/650/574
f 408/1830/1655 1553/1832/1657 1552/1633/1498 407/1632/1497
f 807/628/552 814/630/554 813/563/488 806/562/487
f 1726/353/294 1733/1885/1699 1732/1886/1700 1725/354/295
f 462/626/550 1603/625/549 1602/722/645 461/627/551
f 272/1643/709 413/795/710 1555/737/659 412/677/601
f 888/660/584 889/861/766 896/780/697 895/748/668
f 1784/673/597 1791/1887/1701 1790/733/655 1783/732/654
f 1600/1888/1680 459/878/782 460/876/781 1599/1871/1690
f 403/699/623 286/698/622 397/1881/1696 1549/1883/1697
f 1623/1879/1694 486/917/814 487/916/813 1622/1854/1674
f 590/1787/1624 591/1889/1702 1724/1890/1703 1719/1891/1704
f 1594/1892/1187 1597/1893/1681 1596/1894/1705 1593/334/275
f 1597/1895/1681 1600/1888/1680 1599/1871/1690 1596/1896/1705
f 1593/334/275 1596/1894/1705 393/1841/1666 392/329/270
f 1604/622/546 1611/422/355 1610/454/387 1603/625/549
f 458/884/783 1601/1859/1679 404/1875/1693 291/843/754
f 1733/1885/1699 611/987/884 612/980/877 1732/1886/1700
f 803/867/772 810/494/424 809/450/383 802/449/382
f 410/844/755 1554/1870/1689 1553/1832/1657 409/1831/1656
f 1610/454/387 475/453/386 476/845/756 1609/721/644
f 1601/1859/1679 1598/1858/1678 405/1876/1688 404/1875/1693
f 1554/1870/1689 410/844/755 291/843/754 404/1875/1693
f 1561/1613/1478 1568/1823/1650 1567/1897/1706 1560/743/665
f 1560/743/665 1567/1897/1706 1566/1848/1672 1559/744/666
f 420/1822/1649 421/1898/1707 1567/1897/1706 1568/1823/1650
f 1470/1669/1528 1471/1697/1550 1474/808/722 1473/807/721
f 421/1898/1707 422/671/595 1566/1848/1672 1567/1897/1706
f 1787/1899/1708 420/1822/1649 274/1807/1638 522/1900/1709
f 420/1822/1649 1787/1899/1708 1786/1901/1710 421/1898/1707
f 1708/1902/1711 563/1903/1712 562/1767/1606 1701/1750/1593
f 425/669/593 426/1699/1552 1562/736/658 1563/670/594
f 1786/1901/1710 1793/1904/1713 1792/1905/1714 1785/672/596
f 1787/1899/1708 1794/1906/1715 1793/1904/1713 1786/1901/1710
f 1437/1628/1493 1444/1638/649 1443/713/636 1436/712/635
f 849/676/600 850/679/603 851/588/513 836/774/599
f 465/618/542 803/867/772 802/449/382 466/444/377
f 421/1898/1707 1786/1901/1710 1785/672/596 422/671/595
f 574/1794/1627 1704/1803/1636 1703/1907/1716 573/1798/1631
f 1708/1902/1711 584/1108/999 299/1107/998 563/1903/1712
f 300/1120/1011 427/1908/1717 1574/1834/1659 438/1301/1188
f 726/1626/1491 727/1625/1490 1456/1691/1482 1455/1645/1504
f 427/1908/1717 428/1599/1466 1569/1600/1467 1574/1834/1659
f 1577/1857/1677 435/1306/1193 436/1305/1192 1576/1862/1682
f 1712/1909/1718 580/1116/1007 581/1114/1005 1711/1254/1141
f 578/1119/1010 1714/1910/1719 427/1908/1717 300/1120/1011
f 1572/325/266 1577/1857/1677 1576/1862/1682 1571/1616/1481
f 1705/1800/1633 1712/1909/1718 1711/1254/1141 1704/1803/1636
f 1714/1910/1719 1707/1792/1625 428/1599/1466 427/1908/1717
f 1585/404/338 1592/518/445 1591/1911/1720 1584/819/730
f 1584/819/730 1591/1911/1720 1590/516/443 1583/515/442
f 1592/518/445 448/498/428 449/497/427 1591/1911/1720
f 1591/1911/1720 449/497/427 450/424/357 1590/516/443
f 1593/334/275 455/333/274 456/366/296 1594/1892/1187
f 1642/703/627 1645/1824/1651 1644/1912/1668 1641/902/800
f 1586/379/316 396/382/319 395/1838/1663 1579/418/351
f 1544/1839/1664 1545/1864/1684 1546/330/271 1543/1842/1667
f 1596/1896/1705 1599/1871/1690 394/1840/1665 393/1849/1666
f 1601/1859/1679 458/884/783 459/883/782 1600/1860/1680
f 470/521/448 1615/490/422 469/447/380 287/885/379
f 1615/490/422 470/521/448 471/460/392 1614/528/455
f 648/1651/1510 1770/1650/1509 1769/1913/1721 647/1655/1514
f 524/1582/1449 523/512/439 1475/1674/1532 1472/1671/1530
f 1774/1914/1722 637/1915/1723 636/1755/1598 1767/1754/1597
f 1607/443/376 1614/528/455 1613/529/456 1606/619/543
f 1608/408/342 1615/490/422 1614/528/455 1607/443/376
f 1774/1914/1722 658/1585/1452 309/1569/1436 637/1915/1723
f 310/913/810 477/1916/1724 1621/1855/1675 488/914/811
f 677/662/586 846/680/604 845/761/680 676/663/587
f 425/669/593 1782/735/657 1781/1698/1551 426/1699/1552
f 514/739/661 1652/811/725 1651/1835/1660 513/804/718
f 477/1916/1724 478/798/712 1616/437/370 1621/1855/1675
f 1624/1873/1692 485/918/815 486/917/814 1623/1879/1694
f 1778/1917/1725 654/1595/1462 655/1481/1348 1777/1480/1347
f 652/1598/1465 1780/1918/1726 477/1916/1724 310/913/810
f 1619/531/458 1624/1873/1692 1623/1879/1694 1618/532/459
f 1771/1649/1508 1778/1917/1725 1777/1480/1347 1770/1650/1509
f 1780/1918/1726 1773/1919/1727 478/798/712 477/1916/1724
f 650/1670/1529 1772/1920/1728 1771/1649/1508 649/1648/1507
f 1632/709/633 1639/791/707 1638/1921/1729 1631/911/808
f 1631/911/808 1638/1921/1729 1637/788/704 1630/787/703
f 1639/791/707 498/777/694 499/776/693 1638/1921/1729
f 1638/1921/1729 499/776/693 500/724/647 1637/788/704
f 1640/767/686 505/766/685 506/842/753 1641/1843/800
f 1633/696/620 403/699/623 402/821/732 1626/390/325
f 1548/869/774 1549/1883/1697 1550/829/740 1547/870/775
f 1669/1846/1670 535/1446/1313 536/1444/1311 1668/1847/1671
f 1643/1851/1669 1646/1837/1662 401/868/773 400/871/776
f 541/1721/1569 1675/1751/1594 1674/834/745 540/833/744
f 1652/811/725 1657/1922/1730 1656/1923/1731 1651/1835/1660
f 1653/806/720 1658/1924/1732 1657/1922/1730 1652/811/725
f 1674/834/745 1681/1925/1733 1680/1926/1734 1673/835/746
f 517/1927/1735 293/1439/1306 518/1928/1736 1658/1924/1732
f 519/1929/1737 520/1930/1738 1656/1923/1731 1657/1922/1730
f 518/1928/1736 519/1929/1737 1657/1922/1730 1658/1924/1732
f 457/342/283 770/357/298 585/367/304 289/339/280
f 1808/1931/1739 1801/1932/1740 520/1930/1738 519/1929/1737
f 1815/1435/1302 1808/1931/1739 519/1929/1737 518/1928/1736
f 1681/1925/1733 553/1272/1159 554/1270/1157 1680/1926/1734
f 1245/1396/1267 1246/1391/1262 1253/1385/1256 1252/1412/1279
f 1562/736/658 426/1699/1552 273/1605/1472 411/678/602
f 1351/753/673 1352/752/672 1359/1557/1424 1358/1510/1377
f 1249/1409/1276 1250/1434/1301 1257/1416/1283 1256/1410/1277
f 1651/1835/1660 1656/1923/1731 1655/1933/1741 1650/599/524
f 1650/599/524 1655/1933/1741 1654/1934/1742 1649/600/525
f 1661/1694/1547 1668/1847/1671 1667/1825/1652 1660/1583/1450
f 520/1930/1738 521/1935/1743 1655/1933/1741 1656/1923/1731
f 521/1935/1743 522/1900/1709 1654/1934/1742 1655/1933/1741
f 1668/1847/1671 536/1444/1311 537/1442/1309 1667/1825/1652
f 1801/1932/1740 1794/1906/1715 521/1935/1743 520/1930/1738
f 664/1436/1303 1815/1435/1302 518/1928/1736 293/1439/1306
f 651/1742/1585 1473/807/721 679/729/651 311/728/650
f 1683/1936/1744 551/1276/1163 552/1274/1161 1682/1937/1745
f 1804/654/578 1805/1938/1746 1812/1388/1259 1811/655/579
f 1807/1939/1747 1808/1931/1739 1815/1435/1302 1814/1431/1298
f 1797/668/592 1798/1940/1748 1805/1938/1746 1804/654/578
f 1800/1941/1749 1801/1932/1740 1808/1931/1739 1807/1939/1747
f 1790/733/655 1791/1887/1701 1798/1940/1748 1797/668/592
f 1793/1904/1713 1794/1906/1715 1801/1932/1740 1800/1941/1749
f 1664/1664/1523 1671/1942/1750 1670/1943/1751 1663/1668/1527
f 1665/1660/1519 1672/1944/1752 1671/1942/1750 1664/1664/1523
f 1688/1692/1545 1695/1945/1753 1694/1946/1754 1687/1693/1546
f 1671/1942/1750 533/1449/1316 534/1448/1315 1670/1943/1751
f 1672/1944/1752 532/1450/1317 533/1449/1316 1671/1942/1750
f 1695/1945/1753 569/1202/1091 570/1200/1089 1694/1946/1754
f 1663/1668/1527 1670/1943/1751 1669/1846/1670 1662/1672/1531
f 530/1659/1518 531/1947/1755 1672/1944/1752 1665/1660/1519
f 1675/1751/1594 1682/1937/1745 1681/1925/1733 1674/834/745
f 1670/1943/1751 534/1448/1315 535/1446/1313 1669/1846/1670
f 531/1947/1755 295/1269/1156 532/1450/1317 1672/1944/1752
f 1682/1937/1745 552/1274/1161 553/1272/1159 1681/1925/1733
f 573/1798/1631 1703/1907/1716 1702/1749/1592 572/981/878
f 274/1807/1638 384/1806/1637 1654/1934/1742 522/1900/1709
f 1678/1719/1567 1685/1948/1756 1684/1949/1757 1677/1723/1571
f 1679/1715/1563 1686/1950/1758 1685/1948/1756 1678/1719/1567
f 1702/1749/1592 1709/1951/1759 1708/1902/1711 1701/1750/1593
f 1685/1948/1756 549/1279/1166 550/1278/1165 1684/1949/1757
f 1686/1950/1758 548/1280/1167 549/1279/1166 1685/1948/1756
f 1709/1951/1759 583/1110/1001 584/1108/999 1708/1902/1711
f 384/1806/1637 383/830/741 1649/600/525 1654/1934/1742
f 1677/1723/1571 1684/1949/1757 1683/1936/1744 1676/1726/1574
f 546/1714/1562 547/1952/1760 1686/1950/1758 1679/1715/1563
f 1689/1782/1619 1696/1426/1293 1695/1945/1753 1688/1692/1545
f 1684/1949/1757 550/1278/1165 551/1276/1163 1683/1936/1744
f 547/1952/1760 297/1199/1088 548/1280/1167 1686/1950/1758
f 1696/1426/1293 568/1204/1093 569/1202/1091 1695/1945/1753
f 1518/352/293 597/351/292 302/377/314 704/376/313
f 1676/1726/1574 1683/1936/1744 1682/1937/1745 1675/1751/1594
f 1692/1771/1610 1699/1953/1761 1698/1954/1762 1691/1140/1031
f 1693/1768/1607 1700/1955/1763 1699/1953/1761 1692/1771/1610
f 1704/1803/1636 1711/1254/1141 1710/1255/1142 1703/1907/1716
f 1699/1953/1761 565/1209/1098 566/1208/1097 1698/1954/1762
f 1700/1955/1763 564/1210/1099 565/1209/1098 1699/1953/1761
f 1691/1140/1031 1698/1954/1762 1697/1425/1292 1690/1141/1032
f 562/1767/1606 563/1903/1712 1700/1955/1763 1693/1768/1607
f 1703/1907/1716 1710/1255/1142 1709/1951/1759 1702/1749/1592
f 1698/1954/1762 566/1208/1097 567/1206/1095 1697/1425/1292
f 563/1903/1712 299/1107/998 564/1210/1099 1700/1955/1763
f 1710/1255/1142 582/1112/1003 583/1110/1001 1709/1951/1759
f 1707/1792/1625 1714/1910/1719 1713/1956/1764 1706/1796/1629
f 1706/1796/1629 1713/1956/1764 1712/1909/1718 1705/1800/1633
f 1714/1910/1719 578/1119/1010 579/1118/1009 1713/1956/1764
f 1713/1956/1764 579/1118/1009 580/1116/1007 1712/1909/1718
f 588/320/261 1718/1957/1765 1717/1958/1766 587/312/253
f 587/312/253 1717/1958/1766 1716/1884/1698 586/309/250
f 1735/1959/1767 609/991/888 610/989/886 1734/1960/1768
f 1690/1141/1032 1697/1425/1292 1696/1426/1293 1689/1782/1619
f 615/1746/1589 1741/1745/1588 1740/369/306 614/368/305
f 1718/1957/1765 1723/1961/1769 1722/1962/1770 1717/1958/1766
f 1719/1891/1704 1724/1890/1703 1723/1961/1769 1718/1957/1765
f 1740/369/306 1747/1963/1771 1746/1964/1772 1739/370/307
f 1723/1961/1769 593/637/561 594/635/559 1722/1962/1770
f 1724/1890/1703 592/640/564 593/637/561 1723/1961/1769
f 1747/1963/1771 627/1494/1361 628/1488/1355 1746/1964/1772
f 589/328/269 1719/1891/1704 1718/1957/1765 588/320/261
f 302/377/314 590/1787/1624 1719/1891/1704 589/328/269
f 1717/1958/1766 1722/1962/1770 1721/572/497 1716/1884/1698
f 1716/1884/1698 1721/572/497 1720/571/496 1715/1880/1695
f 1727/1780/1617 1734/1960/1768 1733/1885/1699 1726/353/294
f 1722/1962/1770 594/635/559 595/573/498 1721/572/497
f 290/629/553 408/1830/1655 1720/571/496 596/570/495
f 1734/1960/1768 610/989/886 611/987/884 1733/1885/1699
f 631/1690/1544 1755/1689/1543 1754/1815/1646 630/1708/1556
f 1730/1965/1773 1737/1966/1774 1736/1967/1775 1729/393/328
f 1731/1968/1776 1738/1969/1777 1737/1966/1774 1730/1965/1773
f 1754/1815/1646 1761/1970/1778 1760/1971/1779 1753/1747/1590
f 1737/1966/1774 607/995/892 608/993/890 1736/1967/1775
f 1738/1969/1777 606/996/893 607/995/892 1737/1966/1774
f 1761/1970/1778 643/1555/1422 644/1551/1418 1760/1971/1779
f 603/1810/1641 1731/1968/1776 1730/1965/1773 602/1802/1635
f 304/1687/1541 604/1781/1618 1731/1968/1776 603/1810/1641
f 1729/393/328 1736/1967/1775 1735/1959/1767 1728/394/329
f 604/1781/1618 605/1972/1780 1738/1969/1777 1731/1968/1776
f 1741/1745/1588 1748/597/522 1747/1963/1771 1740/369/306
f 1736/1967/1775 608/993/890 609/991/888 1735/1959/1767
f 605/1972/1780 305/997/894 606/996/893 1738/1969/1777
f 1748/597/522 626/596/521 627/1494/1361 1747/1963/1771
f 647/1655/1514 1769/1913/1721 1768/1785/1622 646/1652/1511
f 1728/394/329 1735/1959/1767 1734/1960/1768 1727/1780/1617
f 1744/1973/1781 1751/1974/1782 1750/1975/1783 1743/1762/1601
f 1745/1976/1784 1752/1977/1785 1751/1974/1782 1744/1973/1781
f 1768/1785/1622 1775/1978/1786 1774/1914/1722 1767/1754/1597
f 1751/1974/1782 623/1504/1371 624/1501/1368 1750/1975/1783
f 1752/1977/1785 622/1506/1373 623/1504/1371 1751/1974/1782
f 1775/1978/1786 657/1588/1455 658/1585/1452 1774/1914/1722
f 408/1830/1655 407/1632/1497 1715/1880/1695 1720/571/496
f 619/1741/1584 1745/1976/1784 1744/1973/1781 618/1739/1582
f 306/1629/1494 620/1748/1591 1745/1976/1784 619/1741/1584
f 1743/1762/1601 1750/1975/1783 1749/594/519 1742/1744/1587
f 620/1748/1591 621/1979/1787 1752/1977/1785 1745/1976/1784
f 1755/1689/1543 1762/970/867 1761/1970/1778 1754/1815/1646
f 1750/1975/1783 624/1501/1368 625/595/520 1749/594/519
f 621/1979/1787 307/1509/1376 622/1506/1373 1752/1977/1785
f 1762/970/867 642/969/866 643/1555/1422 1761/1970/1778
f 1742/1744/1587 1749/594/519 1748/597/522 1741/1745/1588
f 1758/1980/1788 1765/1981/1789 1764/1982/1790 1757/1512/1379
f 1759/1983/1791 1766/1984/1792 1765/1981/1789 1758/1980/1788
f 1770/1650/1509 1777/1480/1347 1776/1483/1350 1769/1913/1721
f 1765/1981/1789 639/1564/1431 640/1561/1428 1764/1982/1790
f 1766/1984/1792 638/1566/1433 639/1564/1431 1765/1981/1789
f 1385/1361/1237 1386/1533/1400 1393/1537/1404 1392/1359/1235
f 635/1729/1575 1759/1983/1791 1758/1980/1788 634/1725/1573
f 308/1644/1503 636/1755/1598 1759/1983/1791 635/1729/1575
f 1757/1512/1379 1764/1982/1790 1763/967/864 1756/1513/1380
f 636/1755/1598 637/1915/1723 1766/1984/1792 1759/1983/1791
f 1769/1913/1721 1776/1483/1350 1775/1978/1786 1768/1785/1622
f 1764/1982/1790 640/1561/1428 641/968/865 1763/967/864
f 637/1915/1723 309/1569/1436 638/1566/1433 1766/1984/1792
f 1776/1483/1350 656/1482/1349 657/1588/1455 1775/1978/1786
f 577/383/320 576/347/288 1523/350/291 1520/384/321
f 796/397/332 794/616/472 798/617/541 799/398/333
f 1782/735/657 1789/734/656 1788/648/572 1781/1698/1551
f 1773/1919/1727 1780/1918/1726 1779/1985/1793 1772/1920/1728
f 1772/1920/1728 1779/1985/1793 1778/1917/1725 1771/1649/1508
f 1789/734/656 1790/733/655 1797/668/592 1796/667/591
f 1760/1971/1779 644/1551/1418 307/1509/1376 621/1979/1787
f 1760/1971/1779 621/1979/1787 620/1748/1591 1753/1747/1590
f 634/1725/1573 1758/1980/1788 1757/1512/1379 633/1511/1378
f 1746/1964/1772 628/1488/1355 305/997/894 605/1972/1780
f 1746/1964/1772 605/1972/1780 604/1781/1618 1739/370/307
f 618/1739/1582 1744/1973/1781 1743/1762/1601 617/1761/1600
f 1732/1886/1700 612/980/877 303/641/565 591/1889/1702
f 1732/1886/1700 591/1889/1702 590/1787/1624 1725/354/295
f 1780/1918/1726 652/1598/1465 653/1597/1464 1779/1985/1793
f 1779/1985/1793 653/1597/1464 654/1595/1462 1778/1917/1725
f 602/1802/1635 1730/1965/1773 1729/393/328 601/392/327
f 1694/1946/1754 570/1200/1089 297/1199/1088 547/1952/1760
f 1694/1946/1754 547/1952/1760 546/1714/1562 1687/1693/1546
f 1666/1826/1653 538/1440/1307 293/1439/1306 517/1927/1735
f 1680/1926/1734 554/1270/1157 295/1269/1156 531/1947/1755
f 1680/1926/1734 531/1947/1755 530/1659/1518 1673/835/746
f 1666/1826/1653 517/1927/1735 516/514/441 1659/513/440
f 1785/672/596 1792/1905/1714 1791/1887/1701 1784/673/597
f 928/580/505 929/584/509 936/985/882 935/591/516
f 651/1742/1585 1773/1919/1727 1772/1920/1728 650/1670/1529
f 651/1742/1585 311/728/650 478/798/712 1773/1919/1727
f 1521/344/285 1522/1986/1614 1525/1812/1643 1524/345/286
f 1756/1513/1380 1763/967/864 1762/970/867 1755/1689/1543
f 804/624/548 811/566/491 810/494/424 803/867/772
f 1792/1905/1714 1793/1904/1713 1800/1941/1749 1799/1987/1794
f 1791/1887/1701 1792/1905/1714 1799/1987/1794 1798/1940/1748
f 1602/722/645 409/1831/1656 290/629/553 461/627/551
f 1794/1906/1715 1787/1899/1708 522/1900/1709 521/1935/1743
f 493/1584/1451 1436/712/635 1435/715/638 494/912/809
f 1799/1987/1794 1800/1941/1749 1807/1939/1747 1806/1988/1795
f 591/1889/1702 303/641/565 592/640/564 1724/1890/1703
f 1798/1940/1748 1799/1987/1794 1806/1988/1795 1805/1938/1746
f 903/783/700 904/782/699 911/707/631 910/763/682
f 1806/1988/1795 1807/1939/1747 1814/1431/1298 1813/1428/1295
f 1805/1938/1746 1806/1988/1795 1813/1428/1295 1812/1388/1259
f 346/1360/1236 345/1357/1233 1222/1347/1226 1219/1346/1225
f 1134/504/434 1135/503/433 1142/402/337 1141/557/482
f 516/514/441 517/1927/1735 1658/1924/1732 1653/806/720
f 1339/1507/1374 1338/1471/1338 760/1474/1341 759/1508/1375
f 414/687/611 413/795/710 1448/796/711 1449/688/612
f 1133/556/481 687/555/480 686/537/463 1126/536/462
f 1290/942/839 1291/949/846 1298/976/873 1297/975/872
f 1295/972/869 1296/1424/1291 1303/1495/1362 1302/973/870
f 1302/973/870 1303/1495/1362 1310/1497/1364 1309/1451/1318
f 1309/1451/1318 1310/1497/1364 1317/1499/1366 1316/1459/1326
f 1339/1507/1374 1340/1475/1342 1347/1479/1346 1346/1484/1351
f 1337/1472/1339 1336/1362/1238 762/1324/1208 761/1473/1340
f 1316/1459/1326 1317/1499/1366 1324/1502/1369 1323/1463/1330
f 1323/1463/1330 1324/1502/1369 1331/1505/1372 1330/1467/1334
f 422/671/595 423/649/573 1565/652/576 1566/1848/1672
f 1365/1520/1387 1366/1559/1426 1373/1562/1429 1372/1524/1391
f 1372/1524/1391 1373/1562/1429 1380/1565/1432 1379/1528/1395
f 1388/1567/1434 1387/1532/1399 767/1535/1402 766/1568/1435
f 1386/1533/1400 1385/1361/1237 769/1351/1228 768/1534/1401
f 1388/1567/1434 1389/1539/1406 1396/1545/1412 1395/1547/1414
f 1393/1537/1404 1394/1536/1403 1401/1589/1456 1400/1546/1413
f 1400/1546/1413 1401/1589/1456 1408/1591/1458 1407/1570/1437
f 1407/1570/1437 1408/1591/1458 1415/1593/1460 1414/1574/1441
f 1414/1574/1441 1415/1593/1460 1422/1596/1463 1421/1578/1445
f 1431/889/787 1432/907/804 710/910/807 709/890/788
f 1156/301/242 367/535/461 366/539/465 1159/538/464
f 1358/1510/1377 1359/1557/1424 1366/1559/1426 1365/1520/1387
f 1280/1173/1063 333/359/300 334/1286/1173 1273/1285/1172
f 1066/952/849 1067/1092/983 741/1095/986 742/953/850
f 1421/1578/1445 1422/1596/1463 1429/717/640 1428/716/639
f 1390/1538/1405 1391/1542/1409 1398/1586/1453 1397/1544/1411
f 892/865/770 893/904/801 900/892/790 899/866/771
f 870/816/729 877/880/372 876/506/375 869/505/435
f 1788/648/572 1789/734/656 1796/667/591 1795/604/529
f 1795/604/529 1796/667/591 1803/653/577 1802/602/527
f 1802/602/527 1803/653/577 1810/656/580 1809/548/473
f 1115/1075/968 1116/1184/1073 731/1187/1076 732/1076/969
f 1238/1394/1265 339/642/566 266/550/475 670/549/474
f 1245/1396/1267 338/1405/1272 339/642/566 1238/1394/1265
f 1252/1412/1279 337/1406/1273 338/1405/1272 1245/1396/1267
f 1259/1413/1280 336/1407/1274 337/1406/1273 1252/1412/1279
f 1266/1288/1175 335/1287/1174 336/1407/1274 1259/1413/1280
f 1385/1361/1237 346/1360/1236 268/1352/1229 769/1351/1228
f 1336/1362/1238 353/1194/1083 269/1325/1209 762/1324/1208
f 1518/352/293 1519/386/322 1522/1986/1614 1521/344/285
f 1605/620/544 1612/419/352 1611/422/355 1604/622/546
f 776/311/252 777/363/249 780/1874/331 779/319/260
f 1155/302/243 1156/301/242 1159/538/464 1158/1087/389
f 1429/717/640 1430/888/786 708/891/789 707/718/641
f 924/470/402 925/482/414 932/615/540 931/614/539
f 1648/1827/1654 508/1642/1502 509/1641/1501 1647/1877/1661
f 855/802/716 856/832/743 859/837/748 858/803/717
f 1488/1720/1568 1489/1753/1596 1492/1756/1599 1491/1724/1572
f 326/1070/963 1196/1069/962 1199/1034/931 327/1281/1168
f 327/1281/1168 1199/1034/931 1202/1037/934 328/1282/1169
f 328/1282/1169 1202/1037/934 1205/1364/1239 329/1283/1170
f 329/1283/1170 1205/1364/1239 1208/1366/1240 330/1284/1171
f 330/1284/1171 1208/1366/1240 1211/1216/1105 331/1215/1104
f 1509/1772/1611 1510/1784/1621 1513/1786/1623 1512/1740/1583
f 319/769/688 1175/768/687 1178/558/483 320/1211/1100
f 320/1211/1100 1178/558/483 1181/561/486 321/1212/1101
f 321/1212/1101 1181/561/486 1184/1328/1211 322/1213/1102
f 322/1213/1102 1184/1328/1211 1187/1330/1212 323/1214/1103
f 323/1214/1103 1187/1330/1212 1190/1125/1016 324/1124/1015
f 1530/1797/1630 1531/1814/1645 1534/1816/1647 1533/1801/1634
f 313/814/728 1157/458/390 1160/1014/911 314/1121/1012
f 314/1121/1012 1160/1014/911 1163/1012/909 315/1122/1013
f 315/1122/1013 1163/1012/909 1166/1010/907 316/1123/1014
f 316/1123/1014 1166/1010/907 1169/1008/905 317/1016/913
f 923/471/403 924/470/402 931/614/539 930/638/562
f 466/444/377 1607/443/376 1606/619/543 465/618/542
f 1606/619/543 1613/529/456 1612/419/352 1605/620/544
f 1609/721/644 410/844/755 409/1831/1656 1602/722/645
f 466/444/377 802/449/382 801/452/385 467/409/343
f 1088/1226/1115 1089/1268/1155 1096/1233/1122 1095/1231/1120
f 1281/1174/1064 1282/1167/1058 723/1168/1059 724/1175/1065
f 1039/1137/1028 1040/1198/1087 1047/1152/1043 1046/1146/1037
f 1113/1080/972 1114/1074/967 733/1077/970 734/1081/973
f 990/1027/924 991/1106/997 998/1038/935 997/1032/929
f 1064/956/853 1065/951/848 743/954/851 744/957/854
f 280/875/780 439/873/778 1579/418/351 395/1838/1663
f 2710/301/1796 1922/304/1797 1923/303/1798 2709/302/1799
f 2328/305/1800 2331/308/1801 2332/307/1802 2329/306/1803
f 2140/309/1804 2141/312/1805 2330/311/1806 2327/310/1807
f 1986/313/1808 2329/306/1803 2332/307/1802 1985/314/1809
f 2256/315/1810 2338/318/1811 2337/317/1812 2257/316/1813
f 2141/312/1805 2142/320/1814 2333/319/1815 2330/311/1806
f 1985/314/1809 2332/307/1802 2335/322/1816 1984/321/1817
f 1987/323/1818 1986/313/1808 3126/325/1819 3127/324/1820
f 1984/321/1817 2335/322/1816 2338/318/1811 1983/326/1821
f 2142/320/1814 2143/328/1822 2336/327/1823 2333/319/1815
f 1946/329/1824 1833/332/1825 1945/331/1826 3100/330/1827
f 1946/329/1824 3147/334/1828 2009/333/1829 1833/332/1825
f 2341/335/1830 2340/338/1831 2354/337/1832 2339/336/1833
f 1843/339/1834 2011/342/1835 3149/341/1836 1960/340/1837
f 2152/343/1838 2153/346/1839 3078/345/1840 3075/344/1841
f 2130/347/1842 3077/350/1843 3080/349/1844 2129/348/1845
f 2151/351/1846 2152/343/1838 3075/344/1841 3072/352/1847
f 2152/343/1838 2151/351/1846 3279/354/1848 3280/353/1849
f 2010/355/1850 2011/342/1835 2324/357/1851 2325/356/1852
f 2771/358/1853 1933/361/1854 1819/360/1855 1887/359/1856
f 2327/310/1807 2330/311/1806 2331/363/1801 2328/362/1800
f 3127/324/1820 1945/331/1826 1833/332/1825 1987/323/1818
f 2009/333/1829 2010/366/1850 2325/365/1852 2326/364/1857
f 2140/309/1804 2327/310/1807 2324/357/1851 2139/367/1858
f 2326/364/1857 1987/323/1818 1833/332/1825 2009/333/1829
f 2325/356/1852 2324/357/1851 2327/310/1807 2328/362/1800
f 2329/306/1803 1986/313/1808 1987/323/1818 2326/364/1857
f 2168/368/1859 2167/371/1860 3293/370/1861 3294/369/1862
f 1996/372/1863 1995/375/1864 3135/374/1865 3136/373/1866
f 2258/376/1867 2336/327/1823 2143/328/1822 1856/377/1868
f 1983/326/1821 2338/318/1811 2256/315/1810 1855/378/1869
f 3140/379/1870 1950/382/1871 1835/381/1872 2008/380/1873
f 1855/378/1869 2256/315/1810 3074/384/1874 2131/383/1875
f 3074/384/1874 2256/315/1810 2257/316/1813 3073/385/1876
f 3073/386/1876 2257/387/1813 2258/376/1867 3072/352/1847
f 2044/388/1877 2043/391/1878 3180/390/1879 3181/389/1880
f 2155/392/1881 2154/395/1882 3282/394/1883 3283/393/1884
f 2334/396/1885 2337/317/1812 2338/318/1811 2335/322/1816
f 2331/308/1801 2334/396/1885 2335/322/1816 2332/307/1802
f 2326/364/1857 2325/365/1852 2328/305/1800 2329/306/1803
f 2339/336/1833 2354/337/1832 2353/398/1886 2350/397/1887
f 2697/399/1888 2696/402/1889 2703/401/1890 2704/400/1891
f 2257/387/1813 2337/403/1812 2336/327/1823 2258/376/1867
f 3139/404/1892 2000/407/1893 1832/406/1894 1999/405/1895
f 3162/408/1896 2022/411/1897 1842/410/1898 2021/409/1899
f 2346/412/1900 2351/415/1901 1924/414/1902 1923/413/1798
f 3134/416/1903 3133/418/1904 3140/379/1870 3141/417/1905
f 3166/419/1906 3165/422/1907 2028/421/1908 2027/420/1909
f 2005/423/1910 2704/400/1891 2703/401/1890 2004/424/1911
f 2383/425/1912 2248/428/1913 1825/427/1914 2272/426/1915
f 2429/429/1916 2428/432/1917 2435/431/1918 2436/430/1919
f 2243/433/1920 2242/434/1921 2354/337/1832 2340/338/1831
f 2034/435/1922 2033/438/1923 3170/437/1924 3171/436/1925
f 2431/439/1926 2430/442/1927 2437/441/1928 2438/440/1929
f 2021/409/1899 2020/444/1930 3161/443/1931 3162/408/1896
f 2236/445/1932 2342/448/1933 2023/447/1934 1841/446/1935
f 2356/449/1936 2355/452/1937 2362/451/1938 2363/450/1939
f 3165/422/1907 3164/454/1940 2029/453/1941 2028/421/1908
f 2708/455/1942 2711/458/1943 2712/457/1944 2709/456/1799
f 2026/459/1945 2437/441/1928 2436/430/1919 2025/460/1946
f 2027/420/1909 2438/440/1929 2437/441/1928 2026/459/1945
f 2344/461/1947 2349/464/1948 2246/463/1949 2245/462/1950
f 2237/465/1951 2238/466/1952 2341/335/1830 2339/336/1833
f 2376/467/1953 2369/469/1954 2246/463/1949 2247/468/1955
f 2369/469/1954 2362/451/1938 2245/462/1950 2246/463/1949
f 2478/470/1956 2271/472/1957 2272/426/1915 2477/471/1958
f 2239/473/1959 2673/476/1960 2249/475/1961 1816/474/1962
f 2846/477/1963 2853/480/1964 2854/479/1965 2847/478/1966
f 2480/481/1967 2269/484/1968 2270/483/1969 2479/482/1970
f 2377/485/1971 2384/488/1972 2385/487/1973 2378/486/1974
f 2355/452/1937 2021/409/1899 1842/410/1898 2244/489/1975
f 3169/490/1976 2023/447/1934 2022/411/1897 3162/408/1896
f 2339/491/1833 2344/461/1947 2343/492/1977 2342/448/1933
f 2244/489/1975 2343/492/1977 2344/461/1947 2245/462/1950
f 2237/493/1951 2339/491/1833 2342/448/1933 2236/445/1932
f 2363/450/1939 2370/496/1978 2371/495/1979 2364/494/1980
f 2003/497/1981 2702/500/1982 2701/499/1983 2002/498/1984
f 2681/501/1985 2688/504/1986 2689/503/1987 2682/502/1988
f 2430/442/1927 2429/429/1916 2436/430/1919 2437/441/1928
f 2423/505/1989 2422/508/1990 2429/507/1916 2430/506/1927
f 2422/508/1990 2421/510/1991 2428/509/1917 2429/507/1916
f 1846/511/1992 2070/514/1993 3213/513/1994 2077/512/1995
f 3137/515/1996 3136/373/1866 3143/517/1997 3144/516/1998
f 3146/518/1999 2001/519/2000 2000/407/1893 3139/404/1892
f 3144/516/1998 3143/517/1997 2005/423/1910 2004/424/1911
f 2002/498/1984 1831/520/2001 2001/519/2000 3146/518/1999
f 2025/460/1946 2436/430/1919 2435/431/1918 2024/521/2002
f 1837/522/2003 2050/525/2004 2402/524/2005 2227/523/2006
f 2001/519/2000 2340/338/1831 2341/335/1830 2000/407/1893
f 2248/428/1913 2247/468/1955 2347/527/2007 2345/526/2008
f 2370/496/1978 2377/485/1971 2378/486/1974 2371/495/1979
f 3168/528/2009 3167/529/2010 2026/459/1945 2025/460/1946
f 2036/530/2011 2035/533/2012 3172/532/2013 3173/531/2014
f 2342/448/1933 2343/492/1977 2022/411/1897 2023/447/1934
f 1825/427/1914 2248/428/1913 2345/526/2008 1922/304/1797
f 1924/414/1902 2351/415/1901 2239/473/1959 1816/474/1962
f 2339/491/1833 2350/534/1887 2349/464/1948 2344/461/1947
f 1825/427/1914 1922/304/1797 2710/301/1796 1921/535/2015
f 2680/536/2016 2673/476/1960 2239/473/1959 2240/537/2017
f 2383/425/1912 2376/467/1953 2247/468/1955 2248/428/1913
f 2713/538/2018 2716/541/2019 1919/540/2020 1920/539/2021
f 2247/468/1955 2246/463/1949 2349/464/1948 2347/527/2007
f 2676/542/2022 2683/545/2023 2684/544/2024 2677/543/2025
f 2345/526/2008 2347/527/2007 2348/547/2026 2346/546/1900
f 2347/527/2007 2349/464/1948 2350/534/1887 2348/547/2026
f 3363/548/2027 2213/551/2028 1820/550/2029 2224/549/2030
f 1922/304/1797 2345/526/2008 2346/546/1900 1923/303/1798
f 1997/552/2031 1998/553/2032 2422/508/1990 2423/505/1989
f 2694/554/2033 2687/556/2034 2241/555/2035 2242/434/1921
f 2696/402/1889 2695/557/2036 2702/500/1982 2703/401/1890
f 2695/557/2036 2694/554/2033 2701/499/1983 2702/500/1982
f 2732/558/2037 2735/561/2038 2736/560/2039 2733/559/484
f 2709/456/1799 1923/413/1798 1924/414/1902 2708/455/1942
f 2360/562/2040 2359/565/2041 2366/564/2042 2367/563/2043
f 2362/451/1938 2369/469/1954 2370/496/1978 2363/450/1939
f 2365/566/2044 2372/568/2045 2373/567/2046 2366/564/2042
f 2366/564/2042 2373/567/2046 2374/569/2047 2367/563/2043
f 2150/570/2048 2149/573/2049 3275/572/2050 3274/571/2051
f 2369/469/1954 2376/467/1953 2377/485/1971 2370/496/1978
f 2372/568/2045 2379/575/2052 2380/574/2053 2373/567/2046
f 2373/567/2046 2380/574/2053 2381/576/2054 2374/569/2047
f 2376/467/1953 2383/425/1912 2384/488/1972 2377/485/1971
f 2379/575/2052 2386/578/2055 2387/577/2056 2380/574/2053
f 2380/574/2053 2387/577/2056 2388/579/2057 2381/576/2054
f 2479/482/1970 2270/483/1969 2271/472/1957 2478/470/1956
f 2482/580/2058 2267/583/2059 2268/582/2060 2481/581/2061
f 2483/584/2062 2266/585/2063 2267/583/2059 2482/580/2058
f 2215/586/2064 2216/589/2065 2405/588/2066 2395/587/2067
f 2488/590/2068 2495/593/2069 2496/592/2070 2489/591/2071
f 3303/594/2072 3302/597/2073 2180/596/2074 2179/595/2075
f 2066/598/2076 2065/601/2077 3203/600/2078 3204/599/2079
f 3356/602/2080 3349/604/2081 2215/586/2064 2214/603/2082
f 2498/605/2083 2505/608/2084 2506/607/2085 2499/606/2086
f 2492/609/2087 2499/606/2086 2500/611/2088 2493/610/2089
f 2487/612/2090 2494/613/2091 2495/593/2069 2488/590/2068
f 2485/614/2092 2492/609/2087 2493/610/2089 2486/615/2093
f 2348/616/2026 2352/617/2094 2351/415/1901 2346/412/1900
f 2241/555/2035 2240/537/2017 2352/617/2094 2353/398/1886
f 2240/537/2017 2239/473/1959 2351/415/1901 2352/617/2094
f 2019/618/2095 2018/621/2096 3159/620/2097 3160/619/2098
f 2018/621/2096 2017/623/2099 3158/622/2100 3159/620/2097
f 2017/623/2099 2018/621/2096 2358/624/2101 2359/565/2041
f 2017/623/2099 2016/626/2102 3157/625/2103 3158/622/2100
f 2016/626/2102 2017/623/2099 2359/565/2041 2360/562/2040
f 2015/627/2104 2016/626/2102 2360/562/2040 2361/628/2105
f 1844/629/2106 2015/627/2104 2361/628/2105 2150/570/2048
f 2362/451/1938 2355/452/1937 2244/489/1975 2245/462/1950
f 2150/570/2048 2361/628/2105 2368/630/2107 2149/573/2049
f 2359/565/2041 2358/624/2101 2365/566/2044 2366/564/2042
f 1820/550/2029 2213/551/2028 2391/632/2108 1936/631/2109
f 2367/563/2043 2374/569/2047 2375/633/2110 2368/630/2107
f 2364/494/1980 2371/495/1979 2372/568/2045 2365/566/2044
f 2374/569/2047 2381/576/2054 2382/634/2111 2375/633/2110
f 2149/573/2049 2368/630/2107 2375/633/2110 2148/635/2112
f 2371/495/1979 2378/486/1974 2379/575/2052 2372/568/2045
f 2381/576/2054 2388/579/2057 2389/636/2113 2382/634/2111
f 2148/635/2112 2375/633/2110 2382/634/2111 2147/637/2114
f 2378/486/1974 2385/487/1973 2386/578/2055 2379/575/2052
f 2484/638/2115 2491/639/2116 2492/609/2087 2485/614/2092
f 2147/637/2114 2382/634/2111 2389/636/2113 2146/640/2117
f 2481/581/2061 2268/582/2060 2269/484/1968 2480/481/1967
f 2146/640/2117 2389/636/2113 2266/585/2063 1857/641/2118
f 1893/642/2119 1820/550/2029 1936/631/2109 2789/643/2120
f 2266/585/2063 2389/636/2113 2388/579/2057 2267/583/2059
f 2267/583/2059 2388/579/2057 2387/577/2056 2268/582/2060
f 2268/582/2060 2387/577/2056 2386/578/2055 2269/484/1968
f 2269/484/1968 2386/578/2055 2385/487/1973 2270/483/1969
f 2270/483/1969 2385/487/1973 2384/488/1972 2271/472/1957
f 2271/472/1957 2384/488/1972 2383/425/1912 2272/426/1915
f 2837/644/2121 2276/647/2122 2275/646/2123 2838/645/2124
f 3349/604/2081 3342/648/2125 2216/589/2065 2215/586/2064
f 1977/649/2126 3119/652/2127 3118/651/2128 1978/650/2129
f 3357/653/2130 3364/656/2131 3365/655/2132 3358/654/2133
f 2228/657/2134 2442/660/2135 2259/659/2136 1821/658/2137
f 2463/661/2138 2456/664/2139 2230/663/2140 2231/662/2141
f 3112/665/2142 3111/666/2143 3118/651/2128 3119/652/2127
f 3350/667/2144 3357/653/2130 3358/654/2133 3351/668/2145
f 1978/650/2129 3118/651/2128 3117/670/2146 1979/669/2147
f 1976/671/2148 1977/649/2126 3338/673/2149 3339/672/2150
f 2227/523/2006 2402/524/2005 2390/675/2151 2226/674/2152
f 2403/676/2153 2404/679/2154 1965/678/2155 1966/677/2156
f 2390/675/2151 2402/524/2005 2401/681/2157 2400/680/2158
f 2392/682/2159 2397/685/2160 1934/684/2161 1935/683/2162
f 1969/686/2163 3004/689/2164 3003/688/2165 1968/687/2166
f 1970/690/2167 3005/691/2168 3004/689/2164 1969/686/2163
f 1895/692/2169 2788/695/2170 2791/694/2171 1894/693/2172
f 3187/696/2173 1957/699/2174 1840/698/2175 2058/697/2176
f 1934/684/2161 2397/685/2160 2228/657/2134 1821/658/2137
f 1970/690/2167 1969/686/2163 3111/666/2143 3112/665/2142
f 3363/548/2027 3356/602/2080 2214/603/2082 2213/551/2028
f 2061/700/2177 3196/703/2178 1943/702/2179 1830/701/2180
f 2466/704/2181 2465/707/2182 2472/706/2183 2473/705/2184
f 2213/551/2028 2214/603/2082 2393/708/2185 2391/632/2108
f 3186/709/2186 2050/525/2004 1837/711/2003 2049/710/2187
f 2990/712/2188 2989/715/2189 2996/714/2190 2997/713/2191
f 2982/716/2192 2260/719/2193 2261/718/2194 2983/717/2195
f 3181/389/1880 3180/390/1879 3187/696/2173 3188/720/2196
f 3157/625/2103 3156/722/2197 3163/721/2198 3164/454/1940
f 2055/723/2199 2473/705/2184 2472/706/2183 2054/724/2200
f 2232/725/2201 2231/662/2141 2400/680/2158 2401/681/2157
f 2998/726/2202 2997/727/2191 3004/689/2164 3005/691/2168
f 1865/728/2203 2033/438/1923 2406/730/2204 2233/729/2205
f 1969/686/2163 1968/687/2166 3110/731/2206 3111/666/2143
f 3337/732/2207 3336/735/2208 3343/734/2209 3344/733/2210
f 3110/731/2206 3109/737/2211 3116/736/2212 3117/670/2146
f 2069/738/2213 2408/741/2214 2411/740/2215 2068/739/2216
f 1972/742/2217 1971/745/2218 3113/744/2219 3114/743/2220
f 1936/631/2109 2391/632/2108 2392/747/2159 1935/746/2162
f 2214/603/2082 2215/586/2064 2395/587/2067 2393/708/2185
f 2449/748/2221 2442/660/2135 2228/657/2134 2229/749/2222
f 2898/750/2223 2905/753/2224 2906/752/2225 2899/751/2226
f 2632/754/2227 2639/757/2228 2640/756/2229 2633/755/2230
f 2391/632/2108 2393/708/2185 2394/758/2231 2392/747/2159
f 2393/708/2185 2395/587/2067 2396/759/2232 2394/758/2231
f 2390/675/2151 2400/680/2158 2399/761/2233 2396/760/2232
f 2465/707/2182 2464/763/2234 2471/762/2235 2472/706/2183
f 1953/764/2236 3194/767/2237 2059/766/2238 1838/765/2239
f 2729/768/2240 1927/771/2241 1817/770/2242 1873/769/2243
f 2394/772/2231 2398/773/2244 2397/685/2160 2392/682/2159
f 2396/760/2232 2399/761/2233 2398/773/2244 2394/772/2231
f 2395/587/2067 2405/588/2066 2390/774/2151 2396/759/2232
f 2051/775/2245 2401/681/2157 2402/524/2005 2050/525/2004
f 2053/776/2246 2471/762/2235 2470/778/2247 2052/777/2248
f 2232/725/2201 2401/681/2157 2051/775/2245 1836/779/2249
f 2450/780/2250 2457/783/2251 2458/782/2252 2451/781/2253
f 2989/715/2189 2988/785/2254 2995/784/2255 2996/714/2190
f 2997/727/2191 2996/786/2190 3003/688/2165 3004/689/2164
f 2229/749/2222 2228/657/2134 2397/685/2160 2398/773/2244
f 3184/787/2256 3183/790/2257 3190/789/2258 3191/788/2259
f 3193/791/2260 2051/775/2245 2050/525/2004 3186/709/2186
f 2226/792/2152 2390/774/2151 2403/676/2153 2225/793/2261
f 3191/788/2259 3190/789/2258 2055/723/2199 2054/724/2200
f 2052/777/2248 1836/779/2249 2051/775/2245 3193/791/2260
f 1826/794/2262 2225/793/2261 2403/676/2153 1966/677/2156
f 1968/687/2166 1967/795/2263 3109/737/2211 3110/731/2206
f 2996/786/2190 2995/797/2255 3002/796/2264 3003/688/2165
f 2032/798/2265 3170/437/1924 2033/438/1923 1865/728/2203
f 2230/663/2140 2229/749/2222 2398/773/2244 2399/761/2233
f 2217/799/2266 2404/679/2154 2405/588/2066 2216/589/2065
f 2037/800/2267 2036/530/2011 3173/531/2014 3174/801/2268
f 2033/438/1923 2034/435/1922 2409/802/2269 2406/730/2204
f 2034/435/1922 2035/533/2012 2412/803/2270 2409/802/2269
f 2068/739/2216 2411/740/2215 2414/805/2271 2067/804/2272
f 1846/511/1992 2069/738/2213 3207/806/2273 2070/514/1993
f 3027/807/2274 2233/729/2205 2234/809/2275 3028/808/2276
f 2067/804/2272 2414/805/2271 2417/810/2277 2066/598/2076
f 1831/520/2001 2243/433/1920 2340/338/1831 2001/519/2000
f 2069/738/2213 2068/739/2216 3206/811/2278 3207/806/2273
f 2035/533/2012 2036/530/2011 2415/812/2279 2412/803/2270
f 1866/813/2280 1867/814/2281 2711/458/1943 2708/455/1942
f 2421/510/1991 1999/405/1895 1832/406/1894 2238/815/1952
f 1996/372/1863 1997/552/2031 2423/505/1989 2424/816/2282
f 2995/784/2255 2988/785/2254 2227/818/2006 2226/817/2152
f 1999/405/1895 1998/553/2032 3138/819/2283 3139/404/1892
f 1839/820/2284 1956/821/2285 3180/390/1879 2043/391/1878
f 3174/801/2268 1952/822/2286 1838/765/2239 2037/800/2267
f 2233/729/2205 2406/730/2204 2407/823/2287 2234/809/2275
f 2290/824/2288 3030/827/2289 3031/826/2290 2291/825/2291
f 3111/666/2143 3110/731/2206 3117/670/2146 3118/651/2128
f 1846/511/1992 2235/828/2292 2408/741/2214 2069/738/2213
f 1953/764/2236 1838/765/2239 1952/822/2286 3104/829/2293
f 1943/702/2179 3096/831/2294 1937/830/2295 1830/701/2180
f 2406/730/2204 2409/802/2269 2410/832/2296 2407/823/2287
f 2094/833/2297 2093/836/2298 3227/835/2299 3228/834/2300
f 2412/803/2270 2415/812/2279 2416/838/2301 2413/837/2302
f 2416/838/2301 2415/812/2279 2418/840/2303 2419/839/2304
f 2420/841/2305 2065/601/2077 2066/598/2076 2417/810/2277
f 2060/842/2306 2419/839/2304 2418/840/2303 2059/766/2238
f 2037/800/2267 2418/840/2303 2415/812/2279 2036/530/2011
f 2061/700/2177 1830/701/2180 2065/601/2077 2420/841/2305
f 1845/843/2307 2030/845/2308 3163/721/2198 1964/844/2309
f 1998/553/2032 1997/552/2031 3137/515/1996 3138/819/2283
f 1838/765/2239 2059/766/2238 2418/840/2303 2037/800/2267
f 2417/810/2277 2416/847/2301 2419/846/2304 2420/841/2305
f 2413/848/2302 2416/847/2301 2417/810/2277 2414/805/2271
f 2410/849/2296 2413/848/2302 2414/805/2271 2411/740/2215
f 2426/850/2310 2425/853/2311 2432/852/2312 2433/851/2313
f 2022/411/1897 2343/492/1977 2244/489/1975 1842/410/1898
f 2433/854/2313 2432/857/2312 2439/856/2314 2440/855/2315
f 2434/858/2316 2433/854/2313 2440/855/2315 2441/859/2317
f 2029/453/1941 2440/855/2315 2439/856/2314 2028/421/1908
f 2030/845/2308 2441/859/2317 2440/855/2315 2029/453/1941
f 2981/860/2318 2259/659/2136 2260/719/2193 2982/716/2192
f 2443/861/2319 2450/780/2250 2451/781/2253 2444/862/2320
f 2444/862/2320 2451/781/2253 2452/864/2321 2445/863/2322
f 2445/863/2322 2452/864/2321 2453/866/2323 2446/865/2324
f 1998/553/2032 1999/405/1895 2421/510/1991 2422/508/1990
f 2018/621/2096 2019/618/2095 2357/867/2325 2358/624/2101
f 1997/552/2031 1996/372/1863 3136/373/1866 3137/515/1996
f 1995/375/1864 1996/372/1863 2424/816/2282 2425/853/2311
f 1955/868/2326 1954/871/2327 3101/870/2328 3102/869/2329
f 1994/872/2330 1995/375/1864 2425/853/2311 2426/850/2310
f 1993/873/2331 1994/872/2330 2426/850/2310 2427/874/2332
f 1834/875/2333 1993/873/2331 2427/874/2332 2014/876/2334
f 2428/509/1917 2421/510/1991 2238/815/1952 2237/877/1951
f 2014/876/2334 2427/874/2332 2434/879/2316 2013/878/2335
f 2425/853/2311 2424/816/2282 2431/880/1926 2432/852/2312
f 2435/431/1918 2428/432/1917 2237/882/1951 2236/881/1932
f 2013/883/2335 2434/858/2316 2441/859/2317 2012/884/2336
f 2432/857/2312 2431/439/1926 2438/440/1929 2439/856/2314
f 2024/521/2002 2435/431/1918 2236/881/1932 1841/885/1935
f 2012/884/2336 2441/859/2317 2030/845/2308 1845/843/2307
f 2028/421/1908 2439/856/2314 2438/440/1929 2027/420/1909
f 2988/785/2254 2049/710/2187 1837/711/2003 2227/818/2006
f 2452/864/2321 2459/887/2337 2460/886/2338 2453/866/2323
f 2984/888/2339 2262/891/2340 2263/890/2341 2985/889/2342
f 2453/866/2323 2460/886/2338 2461/893/2343 2454/892/2344
f 2456/664/2139 2463/661/2138 2464/763/2234 2457/783/2251
f 2459/887/2337 2466/704/2181 2467/894/2345 2460/886/2338
f 2460/886/2338 2467/894/2345 2468/895/2346 2461/893/2343
f 2470/778/2247 2463/661/2138 2231/662/2141 2232/725/2201
f 2468/895/2346 2467/894/2345 2474/897/2347 2475/896/2348
f 2469/898/2349 2468/895/2346 2475/896/2348 2476/899/2350
f 2054/724/2200 2472/706/2183 2471/762/2235 2053/776/2246
f 2057/900/2351 2475/896/2348 2474/897/2347 2056/901/2352
f 2058/697/2176 2476/899/2350 2475/896/2348 2057/900/2351
f 2479/482/1970 2486/615/2093 2487/612/2090 2480/481/1967
f 2481/581/2061 2488/590/2068 2489/591/2071 2482/580/2058
f 3195/902/2353 3196/703/2178 2061/700/2177 2060/903/2306
f 2491/639/2116 2498/605/2083 2499/606/2086 2492/609/2087
f 2259/659/2136 2442/660/2135 2443/861/2319 2260/719/2193
f 2447/904/2354 2454/892/2344 2455/906/2355 2448/905/2356
f 2986/907/2357 2264/910/2358 2265/909/2359 2987/908/2360
f 2260/719/2193 2443/861/2319 2444/862/2320 2261/718/2194
f 2049/710/2187 2048/912/2361 3185/911/2362 3186/709/2186
f 2261/718/2194 2444/862/2320 2445/863/2322 2262/891/2340
f 2449/748/2221 2456/664/2139 2457/783/2251 2450/780/2250
f 2262/891/2340 2445/863/2322 2446/865/2324 2263/890/2341
f 2263/890/2341 2446/865/2324 2447/904/2354 2264/910/2358
f 2264/910/2358 2447/904/2354 2448/905/2356 2265/909/2359
f 1864/913/2363 2265/909/2359 2448/905/2356 2042/914/2364
f 2454/892/2344 2461/893/2343 2462/915/2365 2455/906/2355
f 2042/914/2364 2448/905/2356 2455/906/2355 2041/916/2366
f 2451/781/2253 2458/782/2252 2459/887/2337 2452/864/2321
f 2461/893/2343 2468/895/2346 2469/898/2349 2462/915/2365
f 2041/916/2366 2455/906/2355 2462/915/2365 2040/917/2367
f 2458/782/2252 2465/707/2182 2466/704/2181 2459/887/2337
f 2039/918/2368 2469/898/2349 2476/899/2350 2038/919/2369
f 2040/917/2367 2462/915/2365 2469/898/2349 2039/918/2368
f 2467/894/2345 2466/704/2181 2473/705/2184 2474/897/2347
f 2052/777/2248 2470/778/2247 2232/725/2201 1836/779/2249
f 2038/919/2369 2476/899/2350 2058/697/2176 1840/698/2175
f 2056/901/2352 2474/897/2347 2473/705/2184 2055/723/2199
f 2505/608/2084 2512/921/2370 2513/920/2371 2506/607/2085
f 2499/606/2086 2506/607/2085 2507/922/2372 2500/611/2088
f 2494/613/2091 2501/924/2373 2502/923/2374 2495/593/2069
f 1978/650/2129 1979/669/2147 3336/735/2208 3337/732/2207
f 2502/923/2374 2509/927/2375 2510/926/2376 2503/925/2377
f 2512/921/2370 2519/929/2378 2520/928/2379 2513/920/2371
f 2506/607/2085 2513/920/2371 2514/930/2380 2507/922/2372
f 2501/924/2373 2508/931/2381 2509/927/2375 2502/923/2374
f 2509/927/2375 2516/933/2382 2517/932/2383 2510/926/2376
f 2843/934/2384 2307/937/2385 2308/936/2386 2842/935/2387
f 2513/920/2371 2520/928/2379 2521/938/2388 2514/930/2380
f 2508/931/2381 2515/939/2389 2516/933/2382 2509/927/2375
f 2516/933/2382 2523/941/2390 2524/940/2391 2517/932/2383
f 2844/942/2392 2306/943/2393 2307/937/2385 2843/934/2384
f 2515/939/2389 2522/944/2394 2523/941/2390 2516/933/2382
f 2847/478/1966 2303/946/2395 2304/945/2396 2846/477/1963
f 2842/935/2387 2308/936/2386 2309/948/2397 2841/947/2398
f 2846/477/1963 2304/945/2396 2305/950/2399 2845/949/2400
f 2619/951/2401 2297/954/2402 2296/953/2403 2620/952/2404
f 2617/955/2405 2299/958/2406 2298/957/2407 2618/956/2408
f 2527/959/2409 2534/962/2410 2535/961/2411 2528/960/2412
f 2895/963/2413 2902/966/2414 2903/965/2415 2896/964/2416
f 3317/967/2417 3316/970/2418 2196/969/2419 2195/968/2420
f 2848/971/2421 2855/974/2422 2856/973/2423 2849/972/2424
f 2851/975/2425 2858/978/2426 2859/977/2427 2852/976/2428
f 2852/976/2428 2859/977/2427 2860/979/2429 2853/480/1964
f 1921/535/2015 2477/471/1958 2272/426/1915 1825/427/1914
f 2495/593/2069 2502/923/2374 2503/925/2377 2496/592/2070
f 1857/641/2118 2266/585/2063 2483/584/2062 2166/980/2430
f 2126/981/2431 3089/984/2432 3092/983/2433 2125/982/2434
f 2489/591/2071 2496/592/2070 2497/986/2435 2490/985/2436
f 2166/980/2430 2483/584/2062 2490/985/2436 2165/987/2437
f 2486/615/2093 2493/610/2089 2494/613/2091 2487/612/2090
f 2496/592/2070 2503/925/2377 2504/988/2438 2497/986/2435
f 2165/987/2437 2490/985/2436 2497/986/2435 2164/989/2439
f 2493/610/2089 2500/611/2088 2501/924/2373 2494/613/2091
f 2503/925/2377 2510/926/2376 2511/990/2440 2504/988/2438
f 2164/989/2439 2497/986/2435 2504/988/2438 2163/991/2441
f 2500/611/2088 2507/922/2372 2508/931/2381 2501/924/2373
f 2510/926/2376 2517/932/2383 2518/992/2442 2511/990/2440
f 2163/991/2441 2504/988/2438 2511/990/2440 2162/993/2443
f 2507/922/2372 2514/930/2380 2515/939/2389 2508/931/2381
f 2517/932/2383 2524/940/2391 2525/994/2444 2518/992/2442
f 2162/993/2443 2511/990/2440 2518/992/2442 2161/995/2445
f 2514/930/2380 2521/938/2388 2522/944/2394 2515/939/2389
f 2161/995/2445 2518/992/2442 2525/994/2444 2160/996/2446
f 2845/949/2400 2305/950/2399 2306/943/2393 2844/942/2392
f 2160/996/2446 2525/994/2444 2303/946/2395 1859/997/2447
f 2303/946/2395 2525/994/2444 2524/940/2391 2304/945/2396
f 2304/945/2396 2524/940/2391 2523/941/2390 2305/950/2399
f 2305/950/2399 2523/941/2390 2522/944/2394 2306/943/2393
f 2306/943/2393 2522/944/2394 2521/938/2388 2307/937/2385
f 2307/937/2385 2521/938/2388 2520/928/2379 2308/936/2386
f 2308/936/2386 2520/928/2379 2519/929/2378 2309/948/2397
f 2309/948/2397 2519/929/2378 1915/999/2448 1824/998/2449
f 2728/1000/2450 1925/1001/2451 1824/998/2449 1915/999/2448
f 1915/999/2448 2519/929/2378 2512/921/2370 1916/1002/2452
f 1916/1002/2452 2512/921/2370 2505/608/2084 1917/1003/2453
f 1926/1004/2454 2727/1006/2455 2726/1005/2456 1927/771/2241
f 1917/1003/2453 2505/608/2084 2498/605/2083 1918/1007/2457
f 2723/1008/2458 2726/1005/2456 2727/1006/2455 2724/1009/2459
f 1918/1007/2457 2498/605/2083 2491/639/2116 1919/540/2020
f 2720/1010/2460 2723/1008/2458 2724/1009/2459 2721/1011/2461
f 1919/540/2020 2491/639/2116 2484/638/2115 1920/539/2021
f 2717/1012/2462 2720/1010/2460 2721/1011/2461 2718/1013/2463
f 1920/539/2021 2484/638/2115 2477/471/1958 1921/535/2015
f 2714/1014/2464 2717/1012/2462 2718/1013/2463 2715/1015/2465
f 1871/1016/2466 1872/1017/2467 2726/1005/2456 2723/1008/2458
f 2547/1018/2468 2554/1021/2469 2555/1020/2470 2548/1019/2471
f 2541/1022/2472 2548/1019/2471 2549/1024/2473 2542/1023/2474
f 2536/1025/2475 2543/1028/2476 2544/1027/2477 2537/1026/2478
f 2554/1021/2469 2561/1030/2479 2562/1029/2480 2555/1020/2470
f 2548/1019/2471 2555/1020/2470 2556/1031/2481 2549/1024/2473
f 2543/1028/2476 2550/1033/2482 2551/1032/2483 2544/1027/2477
f 2753/1034/2484 2756/1037/2485 2757/1036/2486 2754/1035/2487
f 2551/1032/2483 2558/1040/2488 2559/1039/2489 2552/1038/2490
f 2540/1041/2491 2547/1018/2468 2548/1019/2471 2541/1022/2472
f 2561/1030/2479 2568/1043/2492 2569/1042/2493 2562/1029/2480
f 2555/1020/2470 2562/1029/2480 2563/1044/2494 2556/1031/2481
f 2550/1033/2482 2557/1045/2495 2558/1040/2488 2551/1032/2483
f 2558/1040/2488 2565/1047/2496 2566/1046/2497 2559/1039/2489
f 2724/1048/2459 2727/1050/2455 2728/1000/2450 2725/1049/2498
f 2675/1051/2499 2251/1054/2500 2250/1053/2501 2674/1052/2502
f 2562/1029/2480 2569/1042/2493 2570/1055/2503 2563/1044/2494
f 2557/1045/2495 2564/1056/2504 2565/1047/2496 2558/1040/2488
f 2565/1047/2496 2572/1058/2505 2573/1057/2506 2566/1046/2497
f 2721/1059/2461 2724/1048/2459 2725/1049/2498 2722/1060/2507
f 2676/542/2022 2252/1061/2508 2251/1054/2500 2675/1051/2499
f 2564/1056/2504 2571/1062/2509 2572/1058/2505 2565/1047/2496
f 2679/1063/2510 2255/1066/2511 2254/1065/2512 2678/1064/2513
f 2674/1052/2502 2250/1053/2501 2249/475/1961 2673/476/1960
f 2718/1067/2463 2721/1059/2461 2722/1060/2507 2719/1068/2514
f 2750/1069/2515 1930/1072/2516 1818/1071/2517 1880/1070/2518
f 2678/1064/2513 2254/1065/2512 2253/1073/2519 2677/543/2025
f 2668/1074/2520 2287/1077/2521 2286/1076/2522 2669/1075/2523
f 2715/1078/2465 2718/1067/2463 2719/1068/2514 2716/541/2019
f 2666/1079/2524 2289/1082/2525 2288/1081/2526 2667/1080/2527
f 2576/1083/2528 2583/1086/2529 2584/1085/2530 2577/1084/2531
f 2712/1087/1944 2715/1078/2465 2716/541/2019 2713/538/2018
f 1872/1017/2467 2526/1088/2532 2299/958/2406 1817/770/2242
f 2299/958/2406 2526/1088/2532 2527/959/2409 2298/957/2407
f 2528/960/2412 2535/961/2411 2536/1025/2475 2529/1089/2533
f 2526/1088/2532 2533/1090/2534 2534/962/2410 2527/959/2409
f 2298/957/2407 2527/959/2409 2528/960/2412 2297/954/2402
f 2529/1089/2533 2536/1025/2475 2537/1026/2478 2530/1091/2535
f 2621/1092/2536 2295/1095/2537 2294/1094/2538 2622/1093/2539
f 2297/954/2402 2528/960/2412 2529/1089/2533 2296/953/2403
f 2530/1091/2535 2537/1026/2478 2538/1097/2540 2531/1096/2541
f 2622/1093/2539 2294/1094/2538 2293/1099/2542 2623/1098/2543
f 2296/953/2403 2529/1089/2533 2530/1091/2535 2295/1095/2537
f 2531/1096/2541 2538/1097/2540 2539/1101/2544 2532/1100/2545
f 2295/1095/2537 2530/1091/2535 2531/1096/2541 2294/1094/2538
f 2294/1094/2538 2531/1096/2541 2532/1100/2545 2293/1099/2542
f 1927/771/2241 2726/1005/2456 1872/1017/2467 1817/770/2242
f 2533/1090/2534 2540/1041/2491 2541/1022/2472 2534/962/2410
f 1914/1102/2546 2731/1105/2547 2734/1104/2548 1913/1103/2549
f 2537/1026/2478 2544/1027/2477 2545/1106/2550 2538/1097/2540
f 1853/1107/2551 2293/1099/2542 2532/1100/2545 2138/1108/2552
f 2538/1097/2540 2545/1106/2550 2546/1109/2553 2539/1101/2544
f 2138/1108/2552 2532/1100/2545 2539/1101/2544 2137/1110/2554
f 2535/961/2411 2542/1023/2474 2543/1028/2476 2536/1025/2475
f 2545/1106/2550 2552/1038/2490 2553/1111/2555 2546/1109/2553
f 2137/1110/2554 2539/1101/2544 2546/1109/2553 2136/1112/2556
f 2542/1023/2474 2549/1024/2473 2550/1033/2482 2543/1028/2476
f 2552/1038/2490 2559/1039/2489 2560/1113/2557 2553/1111/2555
f 2136/1112/2556 2546/1109/2553 2553/1111/2555 2135/1114/2558
f 2549/1024/2473 2556/1031/2481 2557/1045/2495 2550/1033/2482
f 2559/1039/2489 2566/1046/2497 2567/1115/2559 2560/1113/2557
f 2135/1114/2558 2553/1111/2555 2560/1113/2557 2134/1116/2560
f 2556/1031/2481 2563/1044/2494 2564/1056/2504 2557/1045/2495
f 2566/1046/2497 2573/1057/2506 2574/1117/2561 2567/1115/2559
f 2134/1116/2560 2560/1113/2557 2567/1115/2559 2133/1118/2562
f 2563/1044/2494 2570/1055/2503 2571/1062/2509 2564/1056/2504
f 2133/1118/2562 2567/1115/2559 2574/1117/2561 2132/1119/2563
f 2677/543/2025 2253/1073/2519 2252/1061/2508 2676/542/2022
f 2132/1119/2563 2574/1117/2561 2255/1066/2511 1854/1120/2564
f 2255/1066/2511 2574/1117/2561 2573/1057/2506 2254/1065/2512
f 2254/1065/2512 2573/1057/2506 2572/1058/2505 2253/1073/2519
f 2253/1073/2519 2572/1058/2505 2571/1062/2509 2252/1061/2508
f 2252/1061/2508 2571/1062/2509 2570/1055/2503 2251/1054/2500
f 2251/1054/2500 2570/1055/2503 2569/1042/2493 2250/1053/2501
f 2250/1053/2501 2569/1042/2493 2568/1043/2492 2249/475/1961
f 2249/475/1961 2568/1043/2492 1866/813/2280 1816/474/1962
f 1866/813/2280 2568/1043/2492 2561/1030/2479 1867/814/2281
f 1867/814/2281 2561/1030/2479 2554/1021/2469 1868/1121/2565
f 1868/1121/2565 2554/1021/2469 2547/1018/2468 1869/1122/2566
f 1869/1122/2566 2547/1018/2468 2540/1041/2491 1870/1123/2567
f 1870/1123/2567 2540/1041/2491 2533/1090/2534 1871/1016/2466
f 1871/1016/2466 2533/1090/2534 2526/1088/2532 1872/1017/2467
f 1878/1124/2568 1879/1127/2569 2747/1126/2570 2744/1125/2571
f 2596/1128/2572 2603/1131/2573 2604/1130/2574 2597/1129/2575
f 2590/1132/2576 2597/1129/2575 2598/1134/2577 2591/1133/2578
f 2585/1135/2579 2592/1138/2580 2593/1137/2581 2586/1136/2582
f 2113/1139/2583 2112/1142/2584 3244/1141/2585 3245/1140/2586
f 2603/1131/2573 2610/1144/2587 2611/1143/2588 2604/1130/2574
f 2597/1129/2575 2604/1130/2574 2605/1145/2589 2598/1134/2577
f 2592/1138/2580 2599/1147/2590 2600/1146/2591 2593/1137/2581
f 2774/1148/2592 2777/1151/2593 2778/1150/2594 2775/1149/2595
f 2600/1146/2591 2607/1154/2596 2608/1153/2597 2601/1152/2598
f 2589/1155/2599 2596/1128/2572 2597/1129/2575 2590/1132/2576
f 2610/1144/2587 2617/955/2405 2618/956/2408 2611/1143/2588
f 2604/1130/2574 2611/1143/2588 2612/1156/2600 2605/1145/2589
f 2599/1147/2590 2606/1157/2601 2607/1154/2596 2600/1146/2591
f 2607/1154/2596 2614/1159/2602 2615/1158/2603 2608/1153/2597
f 2745/1160/2604 2748/1163/2605 2749/1162/2606 2746/1161/2607
f 2611/1143/2588 2618/956/2408 2619/951/2401 2612/1156/2600
f 2606/1157/2601 2613/1164/2608 2614/1159/2602 2607/1154/2596
f 2614/1159/2602 2621/1092/2536 2622/1093/2539 2615/1158/2603
f 2742/1165/2609 2745/1160/2604 2746/1161/2607 2743/1166/2610
f 2613/1164/2608 2620/952/2404 2621/1092/2536 2614/1159/2602
f 2836/1167/2611 2277/1168/2612 2276/647/2122 2837/644/2121
f 2739/1169/2613 2742/1165/2609 2743/1166/2610 2740/1170/2614
f 2736/1171/2039 2739/1169/2613 2740/1170/2614 2737/1172/2615
f 2834/1173/2616 2279/1176/2617 2278/1175/2618 2835/1174/2619
f 2625/1177/2620 2632/754/2227 2633/755/2230 2626/1178/2621
f 2733/1179/484 2736/1171/2039 2737/1172/2615 2734/1104/2548
f 1879/1127/2569 2575/1180/2622 2289/1082/2525 1818/1071/2517
f 2289/1082/2525 2575/1180/2622 2576/1083/2528 2288/1081/2526
f 2577/1084/2531 2584/1085/2530 2585/1135/2579 2578/1181/2623
f 2575/1180/2622 2582/1182/2624 2583/1086/2529 2576/1083/2528
f 2288/1081/2526 2576/1083/2528 2577/1084/2531 2287/1077/2521
f 2578/1181/2623 2585/1135/2579 2586/1136/2582 2579/1183/2625
f 2670/1184/2626 2285/1187/2627 2284/1186/2628 2671/1185/2629
f 2287/1077/2521 2577/1084/2531 2578/1181/2623 2286/1076/2522
f 2579/1183/2625 2586/1136/2582 2587/1189/2630 2580/1188/2631
f 2671/1185/2629 2284/1186/2628 2283/1191/2632 2672/1190/2633
f 2286/1076/2522 2578/1181/2623 2579/1183/2625 2285/1187/2627
f 2580/1188/2631 2587/1189/2630 2588/1193/2634 2581/1192/2635
f 2285/1187/2627 2579/1183/2625 2580/1188/2631 2284/1186/2628
f 2674/1052/2502 2681/501/1985 2682/502/1988 2675/1051/2499
f 2284/1186/2628 2580/1188/2631 2581/1192/2635 2283/1191/2632
f 1930/1072/2516 2747/1126/2570 1879/1127/2569 1818/1071/2517
f 2582/1182/2624 2589/1155/2599 2590/1132/2576 2583/1086/2529
f 1907/1194/2636 2752/1197/2637 2755/1196/2638 1906/1195/2639
f 2586/1136/2582 2593/1137/2581 2594/1198/2640 2587/1189/2630
f 1851/1199/2641 2283/1191/2632 2581/1192/2635 2124/1200/2642
f 2587/1189/2630 2594/1198/2640 2595/1201/2643 2588/1193/2634
f 2124/1200/2642 2581/1192/2635 2588/1193/2634 2123/1202/2644
f 2584/1085/2530 2591/1133/2578 2592/1138/2580 2585/1135/2579
f 2594/1198/2640 2601/1152/2598 2602/1203/2645 2595/1201/2643
f 2123/1202/2644 2588/1193/2634 2595/1201/2643 2122/1204/2646
f 2591/1133/2578 2598/1134/2577 2599/1147/2590 2592/1138/2580
f 2601/1152/2598 2608/1153/2597 2609/1205/2647 2602/1203/2645
f 2122/1204/2646 2595/1201/2643 2602/1203/2645 2121/1206/2648
f 2598/1134/2577 2605/1145/2589 2606/1157/2601 2599/1147/2590
f 2608/1153/2597 2615/1158/2603 2616/1207/2649 2609/1205/2647
f 2121/1206/2648 2602/1203/2645 2609/1205/2647 2120/1208/2650
f 2605/1145/2589 2612/1156/2600 2613/1164/2608 2606/1157/2601
f 2615/1158/2603 2622/1093/2539 2623/1098/2543 2616/1207/2649
f 2120/1208/2650 2609/1205/2647 2616/1207/2649 2119/1209/2651
f 2612/1156/2600 2619/951/2401 2620/952/2404 2613/1164/2608
f 2119/1209/2651 2616/1207/2649 2623/1098/2543 2118/1210/2652
f 2623/1098/2543 2293/1099/2542 1853/1107/2551 2118/1210/2652
f 1817/770/2242 2299/958/2406 2617/955/2405 1873/769/2243
f 1873/769/2243 2617/955/2405 2610/1144/2587 1874/1211/2653
f 1874/1211/2653 2610/1144/2587 2603/1131/2573 1875/1212/2654
f 1875/1212/2654 2603/1131/2573 2596/1128/2572 1876/1213/2655
f 1876/1213/2655 2596/1128/2572 2589/1155/2599 1877/1214/2656
f 1877/1214/2656 2589/1155/2599 2582/1182/2624 1878/1124/2568
f 1878/1124/2568 2582/1182/2624 2575/1180/2622 1879/1127/2569
f 1885/1215/2657 1886/1218/2658 2768/1217/2659 2765/1216/2660
f 2645/1219/2661 2652/1222/2662 2653/1221/2663 2646/1220/2664
f 2639/757/2228 2646/1220/2664 2647/1223/2665 2640/756/2229
f 2634/1224/2666 2641/1227/2667 2642/1226/2668 2635/1225/2669
f 2652/1222/2662 2659/1229/2670 2660/1228/2671 2653/1221/2663
f 2646/1220/2664 2653/1221/2663 2654/1230/2672 2647/1223/2665
f 2641/1227/2667 2648/1232/2673 2649/1231/2674 2642/1226/2668
f 2456/664/2139 2449/748/2221 2229/749/2222 2230/663/2140
f 2649/1231/2674 2656/1235/2675 2657/1234/2676 2650/1233/2677
f 2638/1236/2678 2645/1219/2661 2646/1220/2664 2639/757/2228
f 2659/1229/2670 2666/1079/2524 2667/1080/2527 2660/1228/2671
f 2653/1221/2663 2660/1228/2671 2661/1237/2679 2654/1230/2672
f 2648/1232/2673 2655/1238/2680 2656/1235/2675 2649/1231/2674
f 2656/1235/2675 2663/1240/2681 2664/1239/2682 2657/1234/2676
f 2766/1241/2683 2769/1244/2684 2770/1243/2685 2767/1242/2686
f 2660/1228/2671 2667/1080/2527 2668/1074/2520 2661/1237/2679
f 2655/1238/2680 2662/1245/2687 2663/1240/2681 2656/1235/2675
f 2663/1240/2681 2670/1184/2626 2671/1185/2629 2664/1239/2682
f 2763/1246/2688 2766/1241/2683 2767/1242/2686 2764/1247/1136
f 2662/1245/2687 2669/1075/2523 2670/1184/2626 2663/1240/2681
f 2675/1051/2499 2682/502/1988 2683/545/2023 2676/542/2022
f 2760/1248/2689 2763/1246/2688 2764/1247/1136 2761/1249/2690
f 2757/1250/2486 2760/1248/2689 2761/1249/2690 2758/1251/2691
f 2677/543/2025 2684/544/2024 2685/1252/2692 2678/1064/2513
f 2754/1253/2487 2757/1250/2486 2758/1251/2691 2755/1196/2638
f 3265/1254/2693 3264/1255/2694 2136/1112/2556 2135/1114/2558
f 1886/1218/2658 2624/1256/2695 2279/1176/2617 1819/360/1855
f 2279/1176/2617 2624/1256/2695 2625/1177/2620 2278/1175/2618
f 2626/1178/2621 2633/755/2230 2634/1224/2666 2627/1257/2696
f 2624/1256/2695 2631/1258/2697 2632/754/2227 2625/1177/2620
f 2278/1175/2618 2625/1177/2620 2626/1178/2621 2277/1168/2612
f 2627/1257/2696 2634/1224/2666 2635/1225/2669 2628/1259/2698
f 2838/645/2124 2275/646/2123 2274/1261/2699 2839/1260/2700
f 2277/1168/2612 2626/1178/2621 2627/1257/2696 2276/647/2122
f 2628/1259/2698 2635/1225/2669 2636/1263/2701 2629/1262/2702
f 2839/1260/2700 2274/1261/2699 2273/1265/2703 2840/1264/2704
f 2276/647/2122 2627/1257/2696 2628/1259/2698 2275/646/2123
f 2629/1262/2702 2636/1263/2701 2637/1267/2705 2630/1266/2706
f 2275/646/2123 2628/1259/2698 2629/1262/2702 2274/1261/2699
f 2274/1261/2699 2629/1262/2702 2630/1266/2706 2273/1265/2703
f 1933/361/1854 2768/1217/2659 1886/1218/2658 1819/360/1855
f 2631/1258/2697 2638/1236/2678 2639/757/2228 2632/754/2227
f 2635/1225/2669 2642/1226/2668 2643/1268/2707 2636/1263/2701
f 1849/1269/2708 2273/1265/2703 2630/1266/2706 2108/1270/2709
f 2636/1263/2701 2643/1268/2707 2644/1271/2710 2637/1267/2705
f 2108/1270/2709 2630/1266/2706 2637/1267/2705 2107/1272/2711
f 2633/755/2230 2640/756/2229 2641/1227/2667 2634/1224/2666
f 2643/1268/2707 2650/1233/2677 2651/1273/2712 2644/1271/2710
f 2107/1272/2711 2637/1267/2705 2644/1271/2710 2106/1274/2713
f 2640/756/2229 2647/1223/2665 2648/1232/2673 2641/1227/2667
f 2650/1233/2677 2657/1234/2676 2658/1275/2714 2651/1273/2712
f 2106/1274/2713 2644/1271/2710 2651/1273/2712 2105/1276/2715
f 2647/1223/2665 2654/1230/2672 2655/1238/2680 2648/1232/2673
f 2657/1234/2676 2664/1239/2682 2665/1277/2716 2658/1275/2714
f 2105/1276/2715 2651/1273/2712 2658/1275/2714 2104/1278/2717
f 2654/1230/2672 2661/1237/2679 2662/1245/2687 2655/1238/2680
f 2664/1239/2682 2671/1185/2629 2672/1190/2633 2665/1277/2716
f 2104/1278/2717 2658/1275/2714 2665/1277/2716 2103/1279/2718
f 2661/1237/2679 2668/1074/2520 2669/1075/2523 2662/1245/2687
f 2103/1279/2718 2665/1277/2716 2672/1190/2633 2102/1280/2719
f 2672/1190/2633 2283/1191/2632 1851/1199/2641 2102/1280/2719
f 1818/1071/2517 2289/1082/2525 2666/1079/2524 1880/1070/2518
f 1880/1070/2518 2666/1079/2524 2659/1229/2670 1881/1281/2720
f 1881/1281/2720 2659/1229/2670 2652/1222/2662 1882/1282/2721
f 1882/1282/2721 2652/1222/2662 2645/1219/2661 1883/1283/2722
f 1883/1283/2722 2645/1219/2661 2638/1236/2678 1884/1284/2723
f 1884/1284/2723 2638/1236/2678 2631/1258/2697 1885/1215/2657
f 1885/1215/2657 2631/1258/2697 2624/1256/2695 1886/1218/2658
f 2827/1285/2724 2820/1288/2725 1889/1287/2726 1888/1286/2727
f 2687/556/2034 2694/554/2033 2695/557/2036 2688/504/1986
f 2690/1289/2728 2697/399/1888 2698/1291/2729 2691/1290/2730
f 2691/1290/2730 2698/1291/2729 2699/1293/2731 2692/1292/2732
f 2701/499/1983 2694/554/2033 2242/434/1921 2243/433/1920
f 2699/1293/2731 2698/1291/2729 2705/1295/2733 2706/1294/2734
f 2700/1296/2735 2699/1293/2731 2706/1294/2734 2707/1297/2736
f 2004/424/1911 2703/401/1890 2702/500/1982 2003/497/1981
f 2007/1298/2737 2706/1294/2734 2705/1295/2733 2006/1299/2738
f 2008/380/1873 2707/1297/2736 2706/1294/2734 2007/1298/2737
f 3148/1300/2739 3149/341/1836 2011/342/1835 2010/355/1850
f 2680/536/2016 2687/556/2034 2688/504/1986 2681/501/1985
f 2683/545/2023 2690/1289/2728 2691/1290/2730 2684/544/2024
f 2684/544/2024 2691/1290/2730 2692/1292/2732 2685/1252/2692
f 1854/1120/2564 2255/1066/2511 2679/1063/2510 1992/1301/2740
f 2685/1252/2692 2692/1292/2732 2693/1303/2741 2686/1302/2742
f 1992/1301/2740 2679/1063/2510 2686/1302/2742 1991/1304/2743
f 2682/502/1988 2689/503/1987 2690/1289/2728 2683/545/2023
f 2692/1292/2732 2699/1293/2731 2700/1296/2735 2693/1303/2741
f 1991/1304/2743 2686/1302/2742 2693/1303/2741 1990/1305/2744
f 2689/503/1987 2696/402/1889 2697/399/1888 2690/1289/2728
f 1989/1306/2745 2700/1296/2735 2707/1297/2736 1988/1307/2746
f 1990/1305/2744 2693/1303/2741 2700/1296/2735 1989/1306/2745
f 2698/1291/2729 2697/399/1888 2704/400/1891 2705/1295/2733
f 2002/498/1984 2701/499/1983 2243/433/1920 1831/520/2001
f 1988/1307/2746 2707/1297/2736 2008/380/1873 1835/381/1872
f 2006/1299/2738 2705/1295/2733 2704/400/1891 2005/423/1910
f 2716/541/2019 2719/1068/2514 1918/1007/2457 1919/540/2020
f 2719/1068/2514 2722/1060/2507 1917/1003/2453 1918/1007/2457
f 2722/1060/2507 2725/1049/2498 1916/1002/2452 1917/1003/2453
f 2725/1049/2498 2728/1000/2450 1915/999/2448 1916/1002/2452
f 2729/768/2240 2732/558/2037 2733/559/484 2730/1308/2747
f 1913/1103/2549 2734/1104/2548 2737/1172/2615 1912/1309/2748
f 1925/1001/2451 2728/1000/2450 2727/1050/2455 1926/1310/2454
f 2730/1311/2747 2733/1179/484 2734/1104/2548 2731/1105/2547
f 2841/947/2398 2309/948/2397 1824/998/2449 1914/1102/2546
f 1824/998/2449 1925/1001/2451 2731/1105/2547 1914/1102/2546
f 2731/1105/2547 1925/1001/2451 1926/1310/2454 2730/1311/2747
f 2730/1308/2747 1926/1004/2454 1927/771/2241 2729/768/2240
f 2673/476/1960 2680/536/2016 2681/501/1985 2674/1052/2502
f 1912/1309/2748 2737/1172/2615 2740/1170/2614 1911/1312/2749
f 2855/974/2422 2848/971/2421 1913/1103/2549 1912/1309/2748
f 1911/1312/2749 2740/1170/2614 2743/1166/2610 1910/1313/2750
f 2862/1314/2751 2855/974/2422 1912/1309/2748 1911/1312/2749
f 1910/1313/2750 2743/1166/2610 2746/1161/2607 1909/1315/2752
f 2869/1316/2753 2862/1314/2751 1911/1312/2749 1910/1313/2750
f 1909/1315/2752 2746/1161/2607 2749/1162/2606 1908/1317/2754
f 2876/1318/2755 2869/1316/2753 1910/1313/2750 1909/1315/2752
f 1928/1319/2756 2749/1162/2606 2748/1163/2605 1929/1320/2757
f 2751/1321/2758 2754/1253/2487 2755/1196/2638 2752/1197/2637
f 2750/1069/2515 2753/1034/2484 2754/1035/2487 2751/1322/2758
f 2883/1323/2759 2876/1318/2755 1909/1315/2752 1908/1317/2754
f 2883/1323/2759 1908/1317/2754 1823/1325/2760 2316/1324/2761
f 1906/1195/2639 2755/1196/2638 2758/1251/2691 1905/1326/2762
f 2848/971/2421 2841/947/2398 1914/1102/2546 1913/1103/2549
f 2735/561/2038 2738/1328/2763 2739/1327/2613 2736/560/2039
f 2738/1328/2763 2741/1330/2764 2742/1329/2609 2739/1327/2613
f 2741/1330/2764 2744/1125/2571 2745/1331/2604 2742/1329/2609
f 2744/1125/2571 2747/1126/2570 2748/1332/2605 2745/1331/2604
f 1929/1333/2757 2748/1332/2605 2747/1126/2570 1930/1072/2516
f 1908/1317/2754 2749/1162/2606 1928/1319/2756 1823/1325/2760
f 1823/1325/2760 1928/1319/2756 2752/1197/2637 1907/1194/2636
f 2752/1197/2637 1928/1319/2756 1929/1320/2757 2751/1321/2758
f 2751/1322/2758 1929/1333/2757 1930/1072/2516 2750/1069/2515
f 1905/1326/2762 2758/1251/2691 2761/1249/2690 1904/1334/2765
f 2904/1335/2766 2897/1336/2767 1906/1195/2639 1905/1326/2762
f 1904/1334/2765 2761/1249/2690 2764/1247/1136 1903/1337/2768
f 2911/1338/2769 2904/1335/2766 1905/1326/2762 1904/1334/2765
f 1903/1337/2768 2764/1247/1136 2767/1242/2686 1902/1339/2770
f 2918/1340/2771 2911/1338/2769 1904/1334/2765 1903/1337/2768
f 1902/1339/2770 2767/1242/2686 2770/1243/2685 1901/1341/2772
f 2925/1342/2773 2918/1340/2771 1903/1337/2768 1902/1339/2770
f 1931/1343/2774 2770/1243/2685 2769/1244/2684 1932/1344/2775
f 2772/1345/2776 2775/1348/2595 2776/1347/2777 2773/1346/2778
f 2771/358/1853 2774/1148/2592 2775/1149/2595 2772/1349/2776
f 2932/1350/2779 2925/1342/2773 1902/1339/2770 1901/1341/2772
f 2932/1350/2779 1901/1341/2772 1822/1352/2780 2323/1351/2781
f 2778/1353/2594 2781/1356/2782 2782/1355/2783 2779/1354/2784
f 1899/1357/2785 2776/1347/2777 2779/1354/2784 1898/1358/2786
f 2775/1348/2595 2778/1353/2594 2779/1354/2784 2776/1347/2777
f 2946/1359/2787 2939/1361/2788 1900/1360/2789 1899/1357/2785
f 2897/1336/2767 2890/1362/2790 1907/1194/2636 1906/1195/2639
f 2756/1037/2485 2759/1364/2791 2760/1363/2689 2757/1036/2486
f 2759/1364/2791 2762/1366/2792 2763/1365/2688 2760/1363/2689
f 2762/1366/2792 2765/1216/2660 2766/1367/2683 2763/1365/2688
f 2765/1216/2660 2768/1217/2659 2769/1368/2684 2766/1367/2683
f 1932/1369/2775 2769/1368/2684 2768/1217/2659 1933/361/1854
f 1901/1341/2772 2770/1243/2685 1931/1343/2774 1822/1352/2780
f 2834/1173/2616 1887/359/1856 1819/360/1855 2279/1176/2617
f 1822/1352/2780 1931/1343/2774 2773/1346/2778 1900/1360/2789
f 2773/1346/2778 1931/1343/2774 1932/1344/2775 2772/1345/2776
f 2772/1349/2776 1932/1369/2775 1933/361/1854 2771/358/1853
f 2828/1370/2793 2835/1174/2619 2836/1167/2611 2829/1371/2794
f 2953/1372/2795 2946/1359/2787 1899/1357/2785 1898/1358/2786
f 2781/1356/2782 2784/1374/2796 2785/1373/2797 2782/1355/2783
f 1898/1358/2786 2779/1354/2784 2782/1355/2783 1897/1375/2798
f 2708/455/1942 1924/414/1902 1816/474/1962 1866/813/2280
f 2821/1376/2799 2828/1370/2793 2829/1371/2794 2822/1377/2800
f 2960/1378/2801 2953/1372/2795 1898/1358/2786 1897/1375/2798
f 2784/1374/2796 2787/1379/2802 2788/695/2170 2785/1373/2797
f 1897/1375/2798 2782/1355/2783 2785/1373/2797 1896/1380/2803
f 2814/1381/2804 2821/1376/2799 2822/1377/2800 2815/1382/2805
f 2967/1383/2806 2960/1378/2801 1897/1375/2798 1896/1380/2803
f 2787/1379/2802 2790/1384/2807 2791/694/2171 2788/695/2170
f 1896/1380/2803 2785/1373/2797 2788/695/2170 1895/692/2169
f 2807/1385/2808 2814/1381/2804 2815/1382/2805 2808/1386/2809
f 2974/1387/2810 2967/1383/2806 1896/1380/2803 1895/692/2169
f 2790/1384/2807 1935/683/2162 1934/684/2161 2791/694/2171
f 3365/655/2132 2222/1390/2811 2221/1389/2812 3366/1388/2813
f 2800/1391/2814 2807/1385/2808 2808/1386/2809 2801/1392/2815
f 2981/860/2318 2974/1387/2810 1895/692/2169 1894/693/2172
f 3363/548/2027 2224/549/2030 2223/1393/2816 3364/656/2131
f 2792/1394/2817 2799/1396/2818 2800/1391/2814 2793/1395/2819
f 2793/1395/2819 2800/1391/2814 2801/1392/2815 2794/1397/2820
f 1887/359/1856 1888/1286/2727 2774/1148/2592 2771/358/1853
f 2777/1151/2593 2780/1399/2821 2781/1398/2782 2778/1150/2594
f 2780/1399/2821 2783/1401/2822 2784/1400/2796 2781/1398/2782
f 2783/1401/2822 2786/1403/2823 2787/1402/2802 2784/1400/2796
f 2786/1403/2823 2789/643/2120 2790/1404/2807 2787/1402/2802
f 2791/694/2171 1934/684/2161 1821/658/2137 1894/693/2172
f 2981/860/2318 1894/693/2172 1821/658/2137 2259/659/2136
f 2048/912/2361 2049/710/2187 2988/785/2254 2989/715/2189
f 3364/656/2131 2223/1393/2816 2222/1390/2811 3365/655/2132
f 2789/643/2120 1936/631/2109 1935/746/2162 2790/1404/2807
f 1892/1405/2824 1893/642/2119 2789/643/2120 2786/1403/2823
f 1891/1406/2825 1892/1405/2824 2786/1403/2823 2783/1401/2822
f 1890/1407/2826 1891/1406/2825 2783/1401/2822 2780/1399/2821
f 1889/1287/2726 1890/1407/2826 2780/1399/2821 2777/1151/2593
f 1888/1286/2727 1889/1287/2726 2777/1151/2593 2774/1148/2592
f 2802/1408/2827 2809/1411/2828 2810/1410/2829 2803/1409/2830
f 2806/1412/2831 2813/1413/2832 2814/1381/2804 2807/1385/2808
f 2809/1411/2828 2816/1415/2833 2817/1414/2834 2810/1410/2829
f 2810/1410/2829 2817/1414/2834 2818/1417/2835 2811/1416/2836
f 2813/1413/2832 2820/1288/2725 2821/1376/2799 2814/1381/2804
f 2816/1415/2833 2823/1419/2837 2824/1418/2838 2817/1414/2834
f 2817/1414/2834 2824/1418/2838 2825/1420/2839 2818/1417/2835
f 2820/1288/2725 2827/1285/2724 2828/1370/2793 2821/1376/2799
f 2823/1419/2837 2830/1422/2840 2831/1421/2841 2824/1418/2838
f 2824/1418/2838 2831/1421/2841 2832/1423/2842 2825/1420/2839
f 2827/1285/2724 2834/1173/2616 2835/1174/2619 2828/1370/2793
f 2830/1422/2840 2837/644/2121 2838/645/2124 2831/1421/2841
f 2831/1421/2841 2838/645/2124 2839/1260/2700 2832/1423/2842
f 2843/934/2384 2850/1424/2843 2851/975/2425 2844/942/2392
f 2845/949/2400 2852/976/2428 2853/480/1964 2846/477/1963
f 3251/1425/2844 3250/1426/2845 2122/1204/2646 2121/1206/2648
f 2224/549/2030 2792/1394/2817 2793/1395/2819 2223/1393/2816
f 2794/1397/2820 2801/1392/2815 2802/1408/2827 2795/1427/2846
f 3366/1388/2813 2221/1389/2812 2220/1429/2847 3367/1428/2848
f 2223/1393/2816 2793/1395/2819 2794/1397/2820 2222/1390/2811
f 2795/1427/2846 2802/1408/2827 2803/1409/2830 2796/1430/2849
f 3367/1428/2848 2220/1429/2847 2219/1432/2850 3368/1431/2851
f 2222/1390/2811 2794/1397/2820 2795/1427/2846 2221/1389/2812
f 2796/1430/2849 2803/1409/2830 2804/1434/2852 2797/1433/2853
f 3368/1431/2851 2219/1432/2850 2218/1436/2854 3369/1435/2855
f 2221/1389/2812 2795/1427/2846 2796/1430/2849 2220/1429/2847
f 2797/1433/2853 2804/1434/2852 2805/1438/2856 2798/1437/2857
f 2220/1429/2847 2796/1430/2849 2797/1433/2853 2219/1432/2850
f 2219/1432/2850 2797/1433/2853 2798/1437/2857 2218/1436/2854
f 1847/1439/2858 2218/1436/2854 2798/1437/2857 2092/1440/2859
f 2804/1434/2852 2811/1416/2836 2812/1441/2860 2805/1438/2856
f 2092/1440/2859 2798/1437/2857 2805/1438/2856 2091/1442/2861
f 2801/1392/2815 2808/1386/2809 2809/1411/2828 2802/1408/2827
f 2811/1416/2836 2818/1417/2835 2819/1443/2862 2812/1441/2860
f 2091/1442/2861 2805/1438/2856 2812/1441/2860 2090/1444/2863
f 2808/1386/2809 2815/1382/2805 2816/1415/2833 2809/1411/2828
f 2818/1417/2835 2825/1420/2839 2826/1445/2864 2819/1443/2862
f 2090/1444/2863 2812/1441/2860 2819/1443/2862 2089/1446/2865
f 2815/1382/2805 2822/1377/2800 2823/1419/2837 2816/1415/2833
f 2825/1420/2839 2832/1423/2842 2833/1447/2866 2826/1445/2864
f 2089/1446/2865 2819/1443/2862 2826/1445/2864 2088/1448/2867
f 2822/1377/2800 2829/1371/2794 2830/1422/2840 2823/1419/2837
f 2832/1423/2842 2839/1260/2700 2840/1264/2704 2833/1447/2866
f 2088/1448/2867 2826/1445/2864 2833/1447/2866 2087/1449/2868
f 2829/1371/2794 2836/1167/2611 2837/644/2121 2830/1422/2840
f 2087/1449/2868 2833/1447/2866 2840/1264/2704 2086/1450/2869
f 2840/1264/2704 2273/1265/2703 1849/1269/2708 2086/1450/2869
f 2842/935/2387 2849/972/2424 2850/1424/2843 2843/934/2384
f 2855/974/2422 2862/1314/2751 2863/1451/2870 2856/973/2423
f 2858/978/2426 2865/1453/2871 2866/1452/2872 2859/977/2427
f 3090/1454/2873 2300/1457/2874 2301/1456/2875 3091/1455/2876
f 2859/977/2427 2866/1452/2872 2867/1458/2877 2860/979/2429
f 2862/1314/2751 2869/1316/2753 2870/1459/2878 2863/1451/2870
f 2865/1453/2871 2872/1461/2879 2873/1460/2880 2866/1452/2872
f 2866/1452/2872 2873/1460/2880 2874/1462/2881 2867/1458/2877
f 2869/1316/2753 2876/1318/2755 2877/1463/2882 2870/1459/2878
f 2872/1461/2879 2879/1465/2883 2880/1464/2884 2873/1460/2880
f 2873/1460/2880 2880/1464/2884 2881/1466/2885 2874/1462/2881
f 2876/1318/2755 2883/1323/2759 2884/1467/2886 2877/1463/2882
f 2879/1465/2883 2886/1469/2887 2887/1468/2888 2880/1464/2884
f 2880/1464/2884 2887/1468/2888 2888/1470/2889 2881/1466/2885
f 2892/1471/2890 2314/1474/2891 2315/1473/2892 2891/1472/2893
f 2891/1472/2893 2898/750/2223 2899/751/2226 2892/1471/2890
f 2895/963/2413 2311/1477/2894 2312/1476/2895 2894/1475/2896
f 2896/964/2416 2310/1478/2897 2311/1477/2894 2895/963/2413
f 2894/1475/2896 2901/1479/2898 2902/966/2414 2895/963/2413
f 3331/1480/2899 3330/1483/2900 2210/1482/2901 2209/1481/2902
f 2897/1336/2767 2904/1335/2766 2905/753/2224 2898/750/2223
f 2900/1484/2903 2907/1486/2904 2908/1485/2905 2901/1479/2898
f 2901/1479/2898 2908/1485/2905 2909/1487/2906 2902/966/2414
f 1859/997/2447 2303/946/2395 2847/478/1966 2182/1488/2907
f 2110/1489/2908 3068/1492/2909 3071/1491/2910 2109/1490/2911
f 2853/480/1964 2860/979/2429 2861/1493/2912 2854/479/1965
f 2182/1488/2907 2847/478/1966 2854/479/1965 2181/1494/2913
f 2850/1424/2843 2857/1495/2914 2858/978/2426 2851/975/2425
f 2860/979/2429 2867/1458/2877 2868/1496/2915 2861/1493/2912
f 2181/1494/2913 2854/479/1965 2861/1493/2912 2180/596/2074
f 2857/1495/2914 2864/1497/2916 2865/1453/2871 2858/978/2426
f 2867/1458/2877 2874/1462/2881 2875/1498/2917 2868/1496/2915
f 2180/596/2074 2861/1493/2912 2868/1496/2915 2179/595/2075
f 2864/1497/2916 2871/1499/2918 2872/1461/2879 2865/1453/2871
f 2874/1462/2881 2881/1466/2885 2882/1500/2919 2875/1498/2917
f 2179/595/2075 2868/1496/2915 2875/1498/2917 2178/1501/2920
f 2871/1499/2918 2878/1502/2921 2879/1465/2883 2872/1461/2879
f 2881/1466/2885 2888/1470/2889 2889/1503/2922 2882/1500/2919
f 2178/1501/2920 2875/1498/2917 2882/1500/2919 2177/1504/2923
f 2878/1502/2921 2885/1505/2924 2886/1469/2887 2879/1465/2883
f 2177/1504/2923 2882/1500/2919 2889/1503/2922 2176/1506/2925
f 2894/1475/2896 2312/1476/2895 2313/1508/2926 2893/1507/2927
f 2176/1506/2925 2889/1503/2922 2310/1478/2897 1861/1509/2928
f 2310/1478/2897 2889/1503/2922 2888/1470/2889 2311/1477/2894
f 2311/1477/2894 2888/1470/2889 2887/1468/2888 2312/1476/2895
f 2312/1476/2895 2887/1468/2888 2886/1469/2887 2313/1508/2926
f 2313/1508/2926 2886/1469/2887 2885/1505/2924 2314/1474/2891
f 2314/1474/2891 2885/1505/2924 2884/1467/2886 2315/1473/2892
f 2315/1473/2892 2884/1467/2886 2883/1323/2759 2316/1324/2761
f 2892/1471/2890 2899/751/2226 2900/1484/2903 2893/1507/2927
f 2904/1335/2766 2911/1338/2769 2912/1510/2929 2905/753/2224
f 2187/1511/2930 2186/1514/2931 3310/1513/2932 3311/1512/2933
f 2907/1486/2904 2914/1516/2934 2915/1515/2935 2908/1485/2905
f 3069/1517/2936 2290/824/2288 2291/825/2291 3070/1518/2937
f 2908/1485/2905 2915/1515/2935 2916/1519/2938 2909/1487/2906
f 2911/1338/2769 2918/1340/2771 2919/1520/2939 2912/1510/2929
f 2914/1516/2934 2921/1522/2940 2922/1521/2941 2915/1515/2935
f 2915/1515/2935 2922/1521/2941 2923/1523/2942 2916/1519/2938
f 2918/1340/2771 2925/1342/2773 2926/1524/2943 2919/1520/2939
f 2921/1522/2940 2928/1526/2944 2929/1525/2945 2922/1521/2941
f 2922/1521/2941 2929/1525/2945 2930/1527/2946 2923/1523/2942
f 2925/1342/2773 2932/1350/2779 2933/1528/2947 2926/1524/2943
f 2928/1526/2944 2935/1530/2948 2936/1529/2949 2929/1525/2945
f 2929/1525/2945 2936/1529/2949 2937/1531/2950 2930/1527/2946
f 2941/1532/2951 2321/1535/2952 2322/1534/2953 2940/1533/2954
f 2940/1533/2954 2947/1537/2955 2948/1536/2956 2941/1532/2951
f 2944/1538/2957 2318/1541/2958 2319/1540/2959 2943/1539/2960
f 2945/1542/2961 2317/1543/2962 2318/1541/2958 2944/1538/2957
f 2943/1539/2960 2950/1545/2963 2951/1544/2964 2944/1538/2957
f 2946/1359/2787 2953/1372/2795 2954/1546/2965 2947/1537/2955
f 2949/1547/2966 2956/1549/2967 2957/1548/2968 2950/1545/2963
f 2950/1545/2963 2957/1548/2968 2958/1550/2969 2951/1544/2964
f 1861/1509/2928 2310/1478/2897 2896/964/2416 2198/1551/2970
f 2094/833/2297 3047/1553/2971 3050/1552/2972 2093/836/2298
f 2902/966/2414 2909/1487/2906 2910/1554/2973 2903/965/2415
f 2198/1551/2970 2896/964/2416 2903/965/2415 2197/1555/2974
f 2899/751/2226 2906/752/2225 2907/1486/2904 2900/1484/2903
f 2909/1487/2906 2916/1519/2938 2917/1556/2975 2910/1554/2973
f 2197/1555/2974 2903/965/2415 2910/1554/2973 2196/969/2419
f 2906/752/2225 2913/1557/2976 2914/1516/2934 2907/1486/2904
f 2916/1519/2938 2923/1523/2942 2924/1558/2977 2917/1556/2975
f 2196/969/2419 2910/1554/2973 2917/1556/2975 2195/968/2420
f 2913/1557/2976 2920/1559/2978 2921/1522/2940 2914/1516/2934
f 2923/1523/2942 2930/1527/2946 2931/1560/2979 2924/1558/2977
f 2195/968/2420 2917/1556/2975 2924/1558/2977 2194/1561/2980
f 2920/1559/2978 2927/1562/2981 2928/1526/2944 2921/1522/2940
f 2930/1527/2946 2937/1531/2950 2938/1563/2982 2931/1560/2979
f 2194/1561/2980 2924/1558/2977 2931/1560/2979 2193/1564/2983
f 2927/1562/2981 2934/1565/2984 2935/1530/2948 2928/1526/2944
f 2193/1564/2983 2931/1560/2979 2938/1563/2982 2192/1566/2985
f 2943/1539/2960 2319/1540/2959 2320/1568/2986 2942/1567/2987
f 2192/1566/2985 2938/1563/2982 2317/1543/2962 1863/1569/2988
f 2317/1543/2962 2938/1563/2982 2937/1531/2950 2318/1541/2958
f 2318/1541/2958 2937/1531/2950 2936/1529/2949 2319/1540/2959
f 2319/1540/2959 2936/1529/2949 2935/1530/2948 2320/1568/2986
f 2320/1568/2986 2935/1530/2948 2934/1565/2984 2321/1535/2952
f 2321/1535/2952 2934/1565/2984 2933/1528/2947 2322/1534/2953
f 2322/1534/2953 2933/1528/2947 2932/1350/2779 2323/1351/2781
f 2941/1532/2951 2948/1536/2956 2949/1547/2966 2942/1567/2987
f 2953/1372/2795 2960/1378/2801 2961/1570/2989 2954/1546/2965
f 2956/1549/2967 2963/1572/2990 2964/1571/2991 2957/1548/2968
f 2957/1548/2968 2964/1571/2991 2965/1573/2992 2958/1550/2969
f 2960/1378/2801 2967/1383/2806 2968/1574/2993 2961/1570/2989
f 2963/1572/2990 2970/1576/2994 2971/1575/2995 2964/1571/2991
f 2964/1571/2991 2971/1575/2995 2972/1577/2996 2965/1573/2992
f 2967/1383/2806 2974/1387/2810 2975/1578/2997 2968/1574/2993
f 2970/1576/2994 2977/1580/2998 2978/1579/2999 2971/1575/2995
f 2971/1575/2995 2978/1579/2999 2979/1581/3000 2972/1577/2996
f 2974/1387/2810 2981/860/2318 2982/716/2192 2975/1578/2997
f 2977/1580/2998 2984/888/2339 2985/889/2342 2978/1579/2999
f 2978/1579/2999 2985/889/2342 2986/907/2357 2979/1581/3000
f 2078/1582/3001 2077/512/1995 3213/513/1994 3214/1583/3002
f 2048/912/2361 2047/1584/3003 3184/787/2256 3185/911/2362
f 1863/1569/2988 2317/1543/2962 2945/1542/2961 2212/1585/3004
f 2951/1544/2964 2958/1550/2969 2959/1587/3005 2952/1586/3006
f 2212/1585/3004 2945/1542/2961 2952/1586/3006 2211/1588/3007
f 2948/1536/2956 2955/1589/3008 2956/1549/2967 2949/1547/2966
f 2958/1550/2969 2965/1573/2992 2966/1590/3009 2959/1587/3005
f 2211/1588/3007 2952/1586/3006 2959/1587/3005 2210/1482/2901
f 2955/1589/3008 2962/1591/3010 2963/1572/2990 2956/1549/2967
f 2965/1573/2992 2972/1577/2996 2973/1592/3011 2966/1590/3009
f 2210/1482/2901 2959/1587/3005 2966/1590/3009 2209/1481/2902
f 2962/1591/3010 2969/1593/3012 2970/1576/2994 2963/1572/2990
f 2972/1577/2996 2979/1581/3000 2980/1594/3013 2973/1592/3011
f 2209/1481/2902 2966/1590/3009 2973/1592/3011 2208/1595/3014
f 2969/1593/3012 2976/1596/3015 2977/1580/2998 2970/1576/2994
f 2979/1581/3000 2986/907/2357 2987/908/2360 2980/1594/3013
f 2208/1595/3014 2973/1592/3011 2980/1594/3013 2207/1597/3016
f 2976/1596/3015 2983/717/2195 2984/888/2339 2977/1580/2998
f 2207/1597/3016 2980/1594/3013 2987/908/2360 2206/1598/3017
f 2987/908/2360 2265/909/2359 1864/913/2363 2206/1598/3017
f 1982/1599/3018 3123/1600/3019 1983/326/1821 1855/378/1869
f 2993/1601/3020 2992/1604/3021 2999/1603/3022 3000/1602/3023
f 2217/799/2266 1827/1605/3024 1965/678/2155 2404/679/2154
f 3000/1606/3023 2999/1609/3022 3006/1608/3025 3007/1607/3026
f 3001/1610/3027 3000/1606/3023 3007/1607/3026 3008/1611/3028
f 1972/742/2217 3007/1607/3026 3006/1608/3025 1971/745/2218
f 1973/1612/3029 3008/1611/3028 3007/1607/3026 1972/742/2217
f 1971/745/2218 1970/690/2167 3112/665/2142 3113/744/2219
f 3115/1613/3030 1940/1615/3031 1829/1614/3032 1973/1612/3029
f 1986/313/1808 1985/314/1809 3125/1616/3033 3126/325/1819
f 3010/1617/3034 3013/1620/3035 3014/1619/3036 3011/1618/3037
f 2083/1621/3038 3011/1618/3037 3014/1619/3036 2082/1622/3039
f 3048/1623/3040 2280/1626/3041 2281/1625/3042 3049/1624/3043
f 2464/763/2234 2463/661/2138 2470/778/2247 2471/762/2235
f 2046/1627/3044 2047/1584/3003 2990/712/2188 2991/1628/3045
f 1860/1629/3046 2183/1630/3047 3030/827/2289 2290/824/2288
f 2047/1584/3003 2046/1627/3044 3183/790/2257 3184/787/2256
f 2045/1631/3048 2046/1627/3044 2991/1628/3045 2992/1604/3021
f 1843/339/1834 1960/340/1837 3106/1633/3049 1961/1632/3050
f 2044/388/1877 2045/1631/3048 2992/1604/3021 2993/1601/3020
f 2043/391/1878 2044/388/1877 2993/1601/3020 2994/1634/3051
f 1839/820/2284 2043/391/1878 2994/1634/3051 2064/1635/3052
f 2064/1635/3052 2994/1634/3051 3001/1637/3027 2063/1636/3053
f 2992/1604/3021 2991/1628/3045 2998/1638/2202 2999/1603/3022
f 3002/796/2264 2995/797/2255 2226/1640/2152 2225/1639/2261
f 2063/1641/3053 3001/1610/3027 3008/1611/3028 2062/1642/3054
f 2999/1609/3022 2998/726/2202 3005/691/2168 3006/1608/3025
f 1967/795/2263 3002/796/2264 2225/1639/2261 1826/1643/2262
f 1829/1614/3032 2062/1642/3054 3008/1611/3028 1973/1612/3029
f 1971/745/2218 3006/1608/3025 3005/691/2168 1970/690/2167
f 1862/1644/3055 2199/1646/3056 3009/1645/3057 2280/1626/3041
f 1973/1612/3029 1972/742/2217 3114/743/2220 3115/1613/3030
f 1984/321/1817 1983/326/1821 3123/1600/3019 3124/1647/3058
f 2203/1648/3059 2202/1651/3060 3324/1650/3061 3325/1649/3062
f 2200/1652/3063 2201/1655/3064 3015/1654/3065 3012/1653/3066
f 2082/1622/3039 3014/1619/3036 3017/1657/3067 2081/1656/3068
f 1848/1658/3069 2083/1621/3038 3219/1660/3070 2084/1659/3071
f 2201/1655/3064 2202/1651/3060 3018/1661/3072 3015/1654/3065
f 2081/1656/3068 3017/1657/3067 3020/1663/3073 2080/1662/3074
f 2583/1086/2529 2590/1132/2576 2591/1133/2578 2584/1085/2530
f 2083/1621/3038 2082/1622/3039 3218/1664/3075 3219/1660/3070
f 2202/1651/3060 2203/1648/3059 3021/1665/3076 3018/1661/3072
f 2080/1662/3074 3020/1663/3073 3023/1667/3077 2079/1666/3078
f 2082/1622/3039 2081/1656/3068 3217/1668/3079 3218/1664/3075
f 2203/1648/3059 2204/1670/3080 3024/1669/3081 3021/1665/3076
f 2079/1666/3078 3023/1667/3077 3026/1671/3082 2078/1582/3001
f 2081/1656/3068 2080/1662/3074 3216/1672/3083 3217/1668/3079
f 3028/1673/2276 2234/1675/2275 2235/828/2292 3029/1674/3084
f 3031/1676/2290 3034/1679/3085 3035/1678/3086 3032/1677/3087
f 2480/481/1967 2487/612/2090 2488/590/2068 2481/581/2061
f 2099/1680/3088 3032/1677/3087 3035/1678/3086 2098/1681/3089
f 2341/335/1830 2238/466/1952 1832/1682/1894 2000/407/1893
f 3012/1653/3066 3015/1654/3065 3016/1684/3090 3013/1683/3035
f 2300/1457/2874 3051/1686/3091 3052/1685/3092 2301/1456/2875
f 1858/1687/3093 2167/371/1860 3051/1686/3091 2300/1457/2874
f 2199/1646/3056 2200/1652/3063 3012/1653/3066 3009/1645/3057
f 1848/1658/3069 2282/1688/3094 3011/1618/3037 2083/1621/3038
f 2678/1064/2513 2685/1252/2692 2686/1302/2742 2679/1063/2510
f 2186/1514/2931 2185/1690/3095 3309/1689/3096 3310/1513/2932
f 1848/1658/3069 2084/1659/3071 3227/835/2299 2093/836/2298
f 3009/1645/3057 3012/1653/3066 3013/1683/3035 3010/1691/3034
f 2110/1489/2908 2109/1490/2911 3241/1693/3097 3242/1692/3098
f 2080/1662/3074 2079/1666/3078 3215/1694/3099 3216/1672/3083
f 3015/1654/3065 3018/1661/3072 3019/1695/3100 3016/1684/3090
f 3018/1661/3072 3021/1665/3076 3022/1696/3101 3019/1695/3100
f 3021/1665/3076 3024/1669/3081 3025/1697/3102 3022/1696/3101
f 3335/1698/3103 1980/1699/3104 1827/1605/3024 2217/799/2266
f 3029/1674/3084 2235/828/2292 1846/511/1992 2077/512/1995
f 2079/1666/3078 2078/1582/3001 3214/1583/3002 3215/1694/3099
f 2291/1700/2291 3031/1676/2290 3032/1677/3087 2292/1701/3105
f 3025/1702/3102 3028/1673/2276 3029/1674/3084 3026/1671/3082
f 1829/1614/3032 1940/1615/3031 3095/1704/3106 1941/1703/3107
f 3022/1705/3101 3025/1702/3102 3026/1671/3082 3023/1667/3077
f 3019/1706/3100 3022/1705/3101 3023/1667/3077 3020/1663/3073
f 2841/947/2398 2848/971/2421 2849/972/2424 2842/935/2387
f 3016/1707/3090 3019/1706/3100 3020/1663/3073 3017/1657/3067
f 3013/1620/3035 3016/1707/3090 3017/1657/3067 3014/1619/3036
f 2890/1362/2790 2897/1336/2767 2898/750/2223 2891/1472/2893
f 2184/1708/3108 2185/1690/3095 3036/1710/3109 3033/1709/3110
f 2098/1681/3089 3035/1678/3086 3038/1712/3111 2097/1711/3112
f 1850/1713/3113 2099/1680/3088 3233/1715/3114 2100/1714/3115
f 2185/1690/3095 2186/1514/2931 3039/1716/3116 3036/1710/3109
f 2097/1711/3112 3038/1712/3111 3041/1718/3117 2096/1717/3118
f 2534/962/2410 2541/1022/2472 2542/1023/2474 2535/961/2411
f 2099/1680/3088 2098/1681/3089 3232/1719/3119 3233/1715/3114
f 2186/1514/2931 2187/1511/2930 3042/1720/3120 3039/1716/3116
f 2096/1717/3118 3041/1718/3117 3044/1722/3121 2095/1721/3122
f 2098/1681/3089 2097/1711/3112 3231/1723/3123 3232/1719/3119
f 2187/1511/2930 2188/1725/3124 3045/1724/3125 3042/1720/3120
f 2095/1721/3122 3044/1722/3121 3047/1553/2971 2094/833/2297
f 2097/1711/3112 2096/1717/3118 3230/1726/3126 3231/1723/3123
f 3049/1727/3043 2281/1728/3042 2282/1688/3094 3050/1552/2972
f 2189/1729/3127 1862/1644/3055 2280/1626/3041 3048/1623/3040
f 3052/1730/3092 3055/1733/3128 3056/1732/3129 3053/1731/3130
f 2115/1734/3131 3053/1731/3130 3056/1732/3129 2114/1735/3132
f 2234/1675/2275 2407/1736/2287 2408/741/2214 2235/828/2292
f 3033/1709/3110 3036/1710/3109 3037/1738/3133 3034/1737/3085
f 2172/1739/3134 2173/1741/3135 3069/1517/2936 3066/1740/3136
f 2204/1670/3080 2205/1742/3137 3027/807/2274 3024/1669/3081
f 2183/1630/3047 2184/1708/3108 3033/1709/3110 3030/827/2289
f 1850/1713/3113 2292/1701/3105 3032/1677/3087 2099/1680/3088
f 2170/1743/3138 2169/1746/3139 3295/1745/3140 3296/1744/3141
f 1860/1629/3046 2174/1748/3142 3307/1747/3143 2183/1630/3047
f 3030/827/2289 3033/1709/3110 3034/1737/3085 3031/826/2290
f 2126/981/2431 2125/982/2434 3255/1750/3144 3256/1749/3145
f 2096/1717/3118 2095/1721/3122 3229/1751/3146 3230/1726/3126
f 3036/1710/3109 3039/1716/3116 3040/1752/3147 3037/1738/3133
f 3039/1716/3116 3042/1720/3120 3043/1753/3148 3040/1752/3147
f 1862/1644/3055 2190/1755/3149 3321/1754/3150 2199/1646/3056
f 3045/1724/3125 3048/1623/3040 3049/1624/3043 3046/1756/3151
f 3050/1552/2972 2282/1688/3094 1848/1658/3069 2093/836/2298
f 1850/1713/3113 2100/1714/3115 3241/1693/3097 2109/1490/2911
f 3046/1757/3151 3049/1727/3043 3050/1552/2972 3047/1553/2971
f 3043/1758/3148 3046/1757/3151 3047/1553/2971 3044/1722/3121
f 3040/1759/3147 3043/1758/3148 3044/1722/3121 3041/1718/3117
f 3037/1760/3133 3040/1759/3147 3041/1718/3117 3038/1712/3111
f 3034/1679/3085 3037/1760/3133 3038/1712/3111 3035/1678/3086
f 2171/1761/3152 2170/1743/3138 3296/1744/3141 3297/1762/3153
f 2168/368/1859 2169/1746/3139 3057/1764/3154 3054/1763/3155
f 2114/1735/3132 3056/1732/3129 3059/1765/3156 2113/1139/2583
f 1852/1766/3157 2115/1734/3131 3247/1768/3158 2116/1767/3159
f 2169/1746/3139 2170/1743/3138 3060/1769/3160 3057/1764/3154
f 2113/1139/2583 3059/1765/3156 3062/1770/3161 2112/1142/2584
f 2115/1734/3131 2114/1735/3132 3246/1771/3162 3247/1768/3158
f 2170/1743/3138 2171/1761/3152 3063/1772/3163 3060/1769/3160
f 2112/1142/2584 3062/1770/3161 3065/1774/3164 2111/1773/3165
f 2114/1735/3132 2113/1139/2583 3245/1140/2586 3246/1771/3162
f 2171/1761/3152 2172/1739/3134 3066/1740/3136 3063/1772/3163
f 2111/1773/3165 3065/1774/3164 3068/1492/2909 2110/1489/2908
f 3070/1775/2937 2291/1700/2291 2292/1701/3105 3071/1491/2910
f 2173/1741/3135 1860/1629/3046 2290/824/2288 3069/1517/2936
f 3073/385/1876 3076/1776/3166 3077/350/1843 3074/384/1874
f 2281/1728/3042 3010/1617/3034 3011/1618/3037 2282/1688/3094
f 3054/1763/3155 3057/1764/3154 3058/1778/3167 3055/1777/3128
f 2188/1725/3124 2189/1729/3127 3048/1623/3040 3045/1724/3125
f 2167/371/1860 2168/368/1859 3054/1763/3155 3051/1686/3091
f 1852/1766/3157 2302/1779/3168 3053/1731/3130 2115/1734/3131
f 2154/395/1882 2153/346/1839 3281/1780/3169 3282/394/1883
f 1858/1687/3093 2158/1781/3170 3293/370/1861 2167/371/1860
f 3051/1686/3091 3054/1763/3155 3055/1777/3128 3052/1685/3092
f 1852/1766/3157 2116/1767/3159 3255/1750/3144 2125/982/2434
f 2112/1142/2584 2111/1773/3165 3243/1782/3171 3244/1141/2585
f 3057/1764/3154 3060/1769/3160 3061/1783/3172 3058/1778/3167
f 3060/1769/3160 3063/1772/3163 3064/1784/3173 3061/1783/3172
f 2200/1652/3063 2199/1646/3056 3321/1754/3150 3322/1785/3174
f 3066/1740/3136 3069/1517/2936 3070/1518/2937 3067/1786/3175
f 3071/1491/2910 2292/1701/3105 1850/1713/3113 2109/1490/2911
f 1856/377/1868 2144/1787/3176 3279/354/1848 2151/351/1846
f 3067/1788/3175 3070/1775/2937 3071/1491/2910 3068/1492/2909
f 3064/1789/3173 3067/1788/3175 3068/1492/2909 3065/1774/3164
f 3061/1790/3172 3064/1789/3173 3065/1774/3164 3062/1770/3161
f 3058/1791/3167 3061/1790/3172 3062/1770/3161 3059/1765/3156
f 3055/1733/3128 3058/1791/3167 3059/1765/3156 3056/1732/3129
f 3261/1792/3177 1982/1599/3018 1855/378/1869 2131/383/1875
f 2153/346/1839 2154/395/1882 3081/1793/3178 3078/345/1840
f 2129/348/1845 3080/349/1844 3083/1795/3179 2128/1794/3180
f 2131/383/1875 2130/347/1842 3260/1796/3181 3261/1792/3177
f 2154/395/1882 2155/392/1881 3084/1797/3182 3081/1793/3178
f 2128/1794/3180 3083/1795/3179 3086/1799/3183 2127/1798/3184
f 2130/347/1842 2129/348/1845 3259/1800/3185 3260/1796/3181
f 2155/392/1881 2156/1802/3186 3087/1801/3187 3084/1797/3182
f 2127/1798/3184 3086/1799/3183 3089/984/2432 2126/981/2431
f 2129/348/1845 2128/1794/3180 3258/1803/3188 3259/1800/3185
f 3091/1804/2876 2301/1805/2875 2302/1779/3168 3092/983/2433
f 1938/1806/3189 3094/1809/3190 1939/1808/3191 1828/1807/3192
f 2157/1810/3193 1858/1687/3093 2300/1457/2874 3090/1454/2873
f 2156/1802/3186 2157/1810/3193 3090/1454/2873 3087/1801/3187
f 3095/1704/3106 3094/1809/3190 3096/831/2294 3093/1811/3194
f 1938/1806/3189 1937/830/2295 3096/831/2294 3094/1809/3190
f 2111/1773/3165 2110/1489/2908 3242/1692/3098 3243/1782/3171
f 3078/345/1840 3081/1793/3178 3082/1813/3195 3079/1812/3196
f 3081/1793/3178 3084/1797/3182 3085/1814/3197 3082/1813/3195
f 2184/1708/3108 2183/1630/3047 3307/1747/3143 3308/1815/3198
f 3087/1801/3187 3090/1454/2873 3091/1455/2876 3088/1816/3199
f 3092/983/2433 2302/1779/3168 1852/1766/3157 2125/982/2434
f 3096/831/2294 1943/702/2179 1942/1817/3200 3093/1811/3194
f 1939/1808/3191 3094/1809/3190 3095/1704/3106 1940/1615/3031
f 3088/1818/3199 3091/1804/2876 3092/983/2433 3089/984/2432
f 3085/1819/3197 3088/1818/3199 3089/984/2432 3086/1799/3183
f 3082/1820/3195 3085/1819/3197 3086/1799/3183 3083/1795/3179
f 3079/1821/3196 3082/1820/3195 3083/1795/3179 3080/349/1844
f 3076/1776/3166 3079/1821/3196 3080/349/1844 3077/350/1843
f 3342/648/2125 3335/1698/3103 2217/799/2266 2216/589/2065
f 1828/1807/3192 1939/1808/3191 3122/1823/3201 1974/1822/3202
f 3199/1824/3203 1942/1817/3200 1943/702/2179 3196/703/2178
f 3214/1583/3002 3213/513/1994 3220/1826/3204 3221/1825/3205
f 3202/1827/3206 1941/1703/3107 1942/1829/3200 3199/1828/3203
f 1962/1830/3207 3107/1832/3208 1963/1831/3209 1844/629/2106
f 3124/1647/3058 3123/1600/3019 3128/1834/3210 3129/1833/3211
f 3116/736/2212 3109/737/2211 1966/677/2156 1965/678/2155
f 2065/601/2077 1830/701/2180 1937/830/2295 3203/600/2078
f 2067/804/2272 2066/598/2076 3204/599/2079 3205/1835/3212
f 3201/1836/3213 3200/1837/3214 2064/1635/3052 2063/1636/3053
f 1949/1838/3215 1834/875/2333 1948/1840/3216 3098/1839/3217
f 1955/868/2326 1839/820/2284 2064/1635/3052 3200/1837/3214
f 1946/329/1824 3100/330/1827 3097/1842/3218 1947/1841/3219
f 1985/314/1809 1984/321/1817 3124/1647/3058 3125/1616/3033
f 3195/1843/2353 3194/767/2237 3197/1845/3220 3198/1844/3221
f 2242/434/1921 2241/555/2035 2353/398/1886 2354/337/1832
f 2301/1805/2875 3052/1730/3092 3053/1731/3130 2302/1779/3168
f 2062/1642/3054 1829/1614/3032 1941/1703/3107 3202/1827/3206
f 3221/1825/3205 3220/1826/3204 2092/1440/2859 2091/1442/2861
f 2711/458/1943 2714/1014/2464 2715/1015/2465 2712/457/1944
f 3216/1672/3083 3215/1694/3099 3222/1847/3222 3223/1846/3223
f 2407/1736/2287 2410/849/2296 2411/740/2215 2408/741/2214
f 3122/1823/3201 1939/1808/3191 1940/1615/3031 3115/1613/3030
f 3113/744/2219 3112/665/2142 3119/652/2127 3120/1848/3224
f 1948/1840/3216 1947/1849/3219 3097/1842/3218 3098/1839/3217
f 3198/1850/3221 3197/1851/3220 3200/1837/3214 3201/1836/3213
f 1942/1829/3200 1941/1703/3107 3095/1704/3106 3093/1811/3194
f 3143/517/1997 3142/1852/3225 2006/1299/2738 2005/423/1910
f 3136/373/1866 3135/374/1865 3142/1852/3225 3143/517/1997
f 1995/375/1864 1994/872/2330 3134/416/1903 3135/374/1865
f 2061/700/2177 2420/841/2305 2419/846/2304 2060/903/2306
f 1956/821/2285 1839/820/2284 1955/868/2326 3102/869/2329
f 2427/874/2332 2426/850/2310 2433/851/2313 2434/879/2316
f 3129/1833/3211 3128/1834/3210 1992/1301/2740 1991/1304/2743
f 3142/1852/3225 3141/417/1905 2007/1298/2737 2006/1299/2738
f 1953/764/2236 3104/829/2293 3101/870/2328 1954/1853/2327
f 3171/436/1925 3170/437/1924 3175/1855/3226 3176/1854/3227
f 3141/417/1905 3140/379/1870 2008/380/1873 2007/1298/2737
f 3132/1856/3228 3131/1857/3229 1989/1306/2745 1988/1307/2746
f 2035/533/2012 2034/435/1922 3171/436/1925 3172/532/2013
f 3152/1858/3230 3151/1861/3231 3154/1860/3232 3155/1859/3233
f 3127/324/1820 3126/325/1819 3131/1857/3229 3132/1856/3228
f 3125/1616/3033 3124/1647/3058 3129/1833/3211 3130/1862/3234
f 1994/872/2330 1993/873/2331 3133/418/1904 3134/416/1903
f 1988/1307/2746 1835/381/1872 1944/1863/3235 3132/1856/3228
f 3135/374/1865 3134/416/1903 3141/417/1905 3142/1852/3225
f 3132/1856/3228 1944/1863/3235 1945/331/1826 3127/324/1820
f 1944/1863/3235 3099/1864/3236 3100/330/1827 1945/331/1826
f 1950/382/1871 1949/1838/3215 3098/1839/3217 3099/1864/3236
f 2046/1627/3044 2045/1631/3048 3182/1865/3237 3183/790/2257
f 3190/789/2258 3189/1866/3238 2056/901/2352 2055/723/2199
f 3183/790/2257 3182/1865/3237 3189/1866/3238 3190/789/2258
f 2153/346/1839 2152/343/1838 3280/353/1849 3281/1780/3169
f 2045/1631/3048 2044/388/1877 3181/389/1880 3182/1865/3237
f 1960/340/1837 1959/1868/3239 3105/1867/3240 3106/1633/3049
f 3152/1869/3230 1959/1868/3239 1960/340/1837 3149/341/1836
f 2994/1634/3051 2993/1601/3020 3000/1602/3023 3001/1637/3027
f 3176/1854/3227 3175/1855/3226 2042/914/2364 2041/916/2366
f 3189/1866/3238 3188/720/2196 2057/900/2351 2056/901/2352
f 3105/1867/3240 3108/1870/3241 3107/1832/3208 3106/1633/3049
f 3153/1871/3242 1948/1840/3216 1834/875/2333 2014/876/2334
f 3188/720/2196 3187/696/2173 2058/697/2176 2057/900/2351
f 3179/1872/3243 3178/1873/3244 2039/918/2368 2038/919/2369
f 2333/319/1815 2336/327/1823 2337/403/1812 2334/1874/1885
f 3108/1870/3241 3105/1867/3240 1959/1876/3239 1958/1875/3245
f 1950/382/1871 3099/1864/3236 1944/1863/3235 1835/381/1872
f 3130/1862/3234 3129/1833/3211 1991/1304/2743 1990/1305/2744
f 3194/767/2237 1953/764/2236 1954/1853/2327 3197/1845/3220
f 3199/1828/3203 3198/1878/3221 3201/1877/3213 3202/1827/3206
f 3174/801/2268 3173/531/2014 3178/1873/3244 3179/1872/3243
f 3172/532/2013 3171/436/1925 3176/1854/3227 3177/1879/3246
f 1843/339/1834 1961/1632/3050 3269/1880/3247 2139/367/1858
f 2038/919/2369 1840/698/2175 1951/1881/3248 3179/1872/3243
f 3149/341/1836 3148/1300/2739 3151/1882/3231 3152/1869/3230
f 3182/1865/3237 3181/389/1880 3188/720/2196 3189/1866/3238
f 3179/1872/3243 1951/1881/3248 1952/822/2286 3174/801/2268
f 1951/1881/3248 3103/1883/3249 3104/829/2293 1952/822/2286
f 1957/699/2174 1956/821/2285 3102/869/2329 3103/1883/3249
f 3167/529/2010 3166/419/1906 2027/420/1909 2026/459/1945
f 2140/309/1804 2139/367/1858 3269/1880/3247 3270/1884/3250
f 1977/649/2126 1978/650/2129 3337/732/2207 3338/673/2149
f 1962/1830/3207 1961/1632/3050 3106/1633/3049 3107/1832/3208
f 2361/628/2105 2360/562/2040 2367/563/2043 2368/630/2107
f 3280/353/1849 3279/354/1848 3286/1886/3251 3287/1885/3252
f 2016/626/2102 2015/627/2104 3156/722/2197 3157/625/2103
f 1826/1643/2262 1966/677/2156 3109/737/2211 1967/795/2263
f 2442/660/2135 2449/748/2221 2450/780/2250 2443/861/2319
f 3338/673/2149 3337/732/2207 3344/733/2210 3345/1887/3253
f 3154/1888/3232 3153/1871/3242 2014/876/2334 2013/878/2335
f 1957/699/2174 3103/1883/3249 1951/1881/3248 1840/698/2175
f 3177/1879/3246 3176/1854/3227 2041/916/2366 2040/917/2367
f 2144/1787/3176 3273/1891/3254 3278/1890/3255 2145/1889/3256
f 3148/1892/2739 3147/334/1828 3150/1894/3257 3151/1893/3231
f 3151/1895/3231 3150/1896/3257 3153/1871/3242 3154/1888/3232
f 3147/334/1828 1946/329/1824 1947/1841/3219 3150/1894/3257
f 3158/622/2100 3157/625/2103 3164/454/1940 3165/422/1907
f 2012/884/2336 1845/843/2307 1958/1875/3245 3155/1859/3233
f 3287/1885/3252 3286/1886/3251 2166/980/2430 2165/987/2437
f 2357/867/2325 2356/449/1936 2363/450/1939 2364/494/1980
f 1964/844/2309 1963/1831/3209 3107/1832/3208 3108/1870/3241
f 3164/454/1940 3163/721/2198 2030/845/2308 2029/453/1941
f 3155/1859/3233 1958/1875/3245 1959/1876/3239 3152/1858/3230
f 3108/1870/3241 1958/1875/3245 1845/843/2307 1964/844/2309
f 3115/1613/3030 3114/743/2220 3121/1897/3258 3122/1823/3201
f 3114/743/2220 3113/744/2219 3120/1848/3224 3121/1897/3258
f 1974/1822/3202 3122/1823/3201 3121/1897/3258 1975/1898/3259
f 3024/1669/3081 3027/807/2274 3028/808/2276 3025/1697/3102
f 1975/1898/3259 3121/1897/3258 3120/1848/3224 1976/671/2148
f 3341/1899/3260 2076/1900/3261 1828/1807/3192 1974/1822/3202
f 1974/1822/3202 1975/1898/3259 3340/1901/3262 3341/1899/3260
f 3262/1902/3263 3255/1750/3144 2116/1767/3159 2117/1903/3264
f 1979/669/2147 3117/670/2146 3116/736/2212 1980/1699/3104
f 3340/1901/3262 3339/672/2150 3346/1905/3265 3347/1904/3266
f 3341/1899/3260 3340/1901/3262 3347/1904/3266 3348/1906/3267
f 2991/1628/3045 2990/712/2188 2997/713/2191 2998/1638/2202
f 2403/676/2153 2390/774/2151 2405/588/2066 2404/679/2154
f 2019/618/2095 2020/444/1930 2356/449/1936 2357/867/2325
f 1975/1898/3259 1976/671/2148 3339/672/2150 3340/1901/3262
f 2128/1794/3180 2127/1798/3184 3257/1907/3268 3258/1803/3188
f 3262/1902/3263 2117/1903/3264 1853/1107/2551 2138/1108/2552
f 1854/1120/2564 1992/1301/2740 3128/1834/3210 1981/1908/3269
f 2280/1626/3041 3009/1645/3057 3010/1691/3034 2281/1625/3042
f 1981/1908/3269 3128/1834/3210 3123/1600/3019 1982/1599/3018
f 3131/1857/3229 3130/1862/3234 1990/1305/2744 1989/1306/2745
f 3266/1909/3270 3265/1254/2693 2135/1114/2558 2134/1116/2560
f 2132/1119/2563 1854/1120/2564 1981/1908/3269 3268/1910/3271
f 3126/325/1819 3125/1616/3033 3130/1862/3234 3131/1857/3229
f 3259/1800/3185 3258/1803/3188 3265/1254/2693 3266/1909/3270
f 3268/1910/3271 1981/1908/3269 1982/1599/3018 3261/1792/3177
f 3139/404/1892 3138/819/2283 3145/1911/3272 3146/518/1999
f 3138/819/2283 3137/515/1996 3144/516/1998 3145/1911/3272
f 3146/518/1999 3145/1911/3272 2003/497/1981 2002/498/1984
f 3145/1911/3272 3144/516/1998 2004/424/1911 2003/497/1981
f 3147/334/1828 3148/1892/2739 2010/366/1850 2009/333/1829
f 3196/703/2178 3195/902/2353 3198/1912/3221 3199/1824/3203
f 3140/379/1870 3133/418/1904 1949/1838/3215 1950/382/1871
f 3098/1839/3217 3097/1842/3218 3100/330/1827 3099/1864/3236
f 3150/1896/3257 1947/1849/3219 1948/1840/3216 3153/1871/3242
f 3155/1859/3233 3154/1860/3232 2013/883/2335 2012/884/2336
f 2024/521/2002 1841/885/1935 2023/447/1934 3169/490/1976
f 3169/490/1976 3168/528/2009 2025/460/1946 2024/521/2002
f 2202/1651/3060 2201/1655/3064 3323/1913/3273 3324/1650/3061
f 2078/1582/3001 3026/1671/3082 3029/1674/3084 2077/512/1995
f 3328/1914/3274 3321/1754/3150 2190/1755/3149 2191/1915/3275
f 3161/443/1931 3160/619/2098 3167/529/2010 3168/528/2009
f 3162/408/1896 3161/443/1931 3168/528/2009 3169/490/1976
f 3328/1914/3274 2191/1915/3275 1863/1569/2988 2212/1585/3004
f 1864/913/2363 2042/914/2364 3175/1855/3226 2031/1916/3276
f 2231/662/2141 2230/663/2140 2399/761/2233 2400/680/2158
f 1979/669/2147 1980/1699/3104 3335/1698/3103 3336/735/2208
f 2068/739/2216 2067/804/2272 3205/1835/3212 3206/811/2278
f 2031/1916/3276 3175/1855/3226 3170/437/1924 2032/798/2265
f 3178/1873/3244 3177/1879/3246 2040/917/2367 2039/918/2368
f 3332/1917/3277 3331/1480/2899 2209/1481/2902 2208/1595/3014
f 2206/1598/3017 1864/913/2363 2031/1916/3276 3334/1918/3278
f 3173/531/2014 3172/532/2013 3177/1879/3246 3178/1873/3244
f 3325/1649/3062 3324/1650/3061 3331/1480/2899 3332/1917/3277
f 3334/1918/3278 2031/1916/3276 2032/798/2265 3327/1919/3279
f 2204/1670/3080 2203/1648/3059 3325/1649/3062 3326/1920/3280
f 3186/709/2186 3185/911/2362 3192/1921/3281 3193/791/2260
f 3185/911/2362 3184/787/2256 3191/788/2259 3192/1921/3281
f 3193/791/2260 3192/1921/3281 2053/776/2246 2052/777/2248
f 3192/1921/3281 3191/788/2259 2054/724/2200 2053/776/2246
f 3194/767/2237 3195/1843/2353 2060/842/2306 2059/766/2238
f 3187/696/2173 3180/390/1879 1956/821/2285 1957/699/2174
f 3102/869/2329 3101/870/2328 3104/829/2293 3103/1883/3249
f 3223/1846/3223 3222/1847/3222 2090/1444/2863 2089/1446/2865
f 3197/1851/3220 1954/871/2327 1955/868/2326 3200/1837/3214
f 2095/1721/3122 2094/833/2297 3228/834/2300 3229/1751/3146
f 3206/811/2278 3205/1835/3212 3210/1923/3282 3211/1922/3283
f 3207/806/2273 3206/811/2278 3211/1922/3283 3212/1924/3284
f 3228/834/2300 3227/835/2299 3234/1926/3285 3235/1925/3286
f 2071/1927/3287 3212/1924/3284 2072/1928/3288 1847/1439/2858
f 2073/1929/3289 3211/1922/3283 3210/1923/3282 2074/1930/3290
f 2072/1928/3288 3212/1924/3284 3211/1922/3283 2073/1929/3289
f 2011/342/1835 1843/339/1834 2139/367/1858 2324/357/1851
f 3362/1931/3291 2073/1929/3289 2074/1930/3290 3355/1932/3292
f 3369/1435/2855 2072/1928/3288 2073/1929/3289 3362/1931/3291
f 3235/1925/3286 3234/1926/3285 2108/1270/2709 2107/1272/2711
f 2799/1396/2818 2806/1412/2831 2807/1385/2808 2800/1391/2814
f 3116/736/2212 1965/678/2155 1827/1605/3024 1980/1699/3104
f 2905/753/2224 2912/1510/2929 2913/1557/2976 2906/752/2225
f 2803/1409/2830 2810/1410/2829 2811/1416/2836 2804/1434/2852
f 3205/1835/3212 3204/599/2079 3209/1933/3293 3210/1923/3282
f 3204/599/2079 3203/600/2078 3208/1934/3294 3209/1933/3293
f 3215/1694/3099 3214/1583/3002 3221/1825/3205 3222/1847/3222
f 2074/1930/3290 3210/1923/3282 3209/1933/3293 2075/1935/3295
f 2075/1935/3295 3209/1933/3293 3208/1934/3294 2076/1900/3261
f 3222/1847/3222 3221/1825/3205 2091/1442/2861 2090/1444/2863
f 3355/1932/3292 2074/1930/3290 2075/1935/3295 3348/1906/3267
f 2218/1436/2854 1847/1439/2858 2072/1928/3288 3369/1435/2855
f 2205/1742/3137 1865/728/2203 2233/729/2205 3027/807/2274
f 3237/1936/3296 3236/1937/3297 2106/1274/2713 2105/1276/2715
f 3358/654/2133 3365/655/2132 3366/1388/2813 3359/1938/3298
f 3361/1939/3299 3368/1431/2851 3369/1435/2855 3362/1931/3291
f 3351/668/2145 3358/654/2133 3359/1938/3298 3352/1940/3300
f 3354/1941/3301 3361/1939/3299 3362/1931/3291 3355/1932/3292
f 3344/733/2210 3351/668/2145 3352/1940/3300 3345/1887/3253
f 3347/1904/3266 3354/1941/3301 3355/1932/3292 3348/1906/3267
f 3218/1664/3075 3217/1668/3079 3224/1943/3302 3225/1942/3303
f 3219/1660/3070 3218/1664/3075 3225/1942/3303 3226/1944/3304
f 3242/1692/3098 3241/1693/3097 3248/1946/3305 3249/1945/3306
f 3225/1942/3303 3224/1943/3302 2088/1448/2867 2087/1449/2868
f 3226/1944/3304 3225/1942/3303 2087/1449/2868 2086/1450/2869
f 3249/1945/3306 3248/1946/3305 2124/1200/2642 2123/1202/2644
f 3217/1668/3079 3216/1672/3083 3223/1846/3223 3224/1943/3302
f 2084/1659/3071 3219/1660/3070 3226/1944/3304 2085/1947/3307
f 3229/1751/3146 3228/834/2300 3235/1925/3286 3236/1937/3297
f 3224/1943/3302 3223/1846/3223 2089/1446/2865 2088/1448/2867
f 2085/1947/3307 3226/1944/3304 2086/1450/2869 1849/1269/2708
f 3236/1937/3297 3235/1925/3286 2107/1272/2711 2106/1274/2713
f 2127/1798/3184 2126/981/2431 3256/1749/3145 3257/1907/3268
f 1828/1807/3192 2076/1900/3261 3208/1934/3294 1938/1806/3189
f 3232/1719/3119 3231/1723/3123 3238/1949/3308 3239/1948/3309
f 3233/1715/3114 3232/1719/3119 3239/1948/3309 3240/1950/3310
f 3256/1749/3145 3255/1750/3144 3262/1902/3263 3263/1951/3311
f 3239/1948/3309 3238/1949/3308 2104/1278/2717 2103/1279/2718
f 3240/1950/3310 3239/1948/3309 2103/1279/2718 2102/1280/2719
f 3263/1951/3311 3262/1902/3263 2138/1108/2552 2137/1110/2554
f 1938/1806/3189 3208/1934/3294 3203/600/2078 1937/830/2295
f 3231/1723/3123 3230/1726/3126 3237/1936/3296 3238/1949/3308
f 2100/1714/3115 3233/1715/3114 3240/1950/3310 2101/1952/3312
f 3243/1782/3171 3242/1692/3098 3249/1945/3306 3250/1426/2845
f 3238/1949/3308 3237/1936/3296 2105/1276/2715 2104/1278/2717
f 2101/1952/3312 3240/1950/3310 2102/1280/2719 1851/1199/2641
f 3250/1426/2845 3249/1945/3306 2123/1202/2644 2122/1204/2646
f 3072/352/1847 2258/376/1867 1856/377/1868 2151/351/1846
f 3230/1726/3126 3229/1751/3146 3236/1937/3297 3237/1936/3296
f 3246/1771/3162 3245/1140/2586 3252/1954/3313 3253/1953/3314
f 3247/1768/3158 3246/1771/3162 3253/1953/3314 3254/1955/3315
f 3258/1803/3188 3257/1907/3268 3264/1255/2694 3265/1254/2693
f 3253/1953/3314 3252/1954/3313 2120/1208/2650 2119/1209/2651
f 3254/1955/3315 3253/1953/3314 2119/1209/2651 2118/1210/2652
f 3245/1140/2586 3244/1141/2585 3251/1425/2844 3252/1954/3313
f 2116/1767/3159 3247/1768/3158 3254/1955/3315 2117/1903/3264
f 3257/1907/3268 3256/1749/3145 3263/1951/3311 3264/1255/2694
f 3252/1954/3313 3251/1425/2844 2121/1206/2648 2120/1208/2650
f 2117/1903/3264 3254/1955/3315 2118/1210/2652 1853/1107/2551
f 3264/1255/2694 3263/1951/3311 2137/1110/2554 2136/1112/2556
f 3261/1792/3177 3260/1796/3181 3267/1956/3316 3268/1910/3271
f 3260/1796/3181 3259/1800/3185 3266/1909/3270 3267/1956/3316
f 3268/1910/3271 3267/1956/3316 2133/1118/2562 2132/1119/2563
f 3267/1956/3316 3266/1909/3270 2134/1116/2560 2133/1118/2562
f 2142/320/1814 2141/312/1805 3271/1958/3317 3272/1957/3318
f 2141/312/1805 2140/309/1804 3270/1884/3250 3271/1958/3317
f 3289/1959/3319 3288/1960/3320 2164/989/2439 2163/991/2441
f 3244/1141/2585 3243/1782/3171 3250/1426/2845 3251/1425/2844
f 2169/1746/3139 2168/368/1859 3294/369/1862 3295/1745/3140
f 3272/1957/3318 3271/1958/3317 3276/1962/3321 3277/1961/3322
f 3273/1891/3254 3272/1957/3318 3277/1961/3322 3278/1890/3255
f 3294/369/1862 3293/370/1861 3300/1964/3323 3301/1963/3324
f 3277/1961/3322 3276/1962/3321 2148/635/2112 2147/637/2114
f 3278/1890/3255 3277/1961/3322 2147/637/2114 2146/640/2117
f 3301/1963/3324 3300/1964/3323 2182/1488/2907 2181/1494/2913
f 2143/328/1822 2142/320/1814 3272/1957/3318 3273/1891/3254
f 1856/377/1868 2143/328/1822 3273/1891/3254 2144/1787/3176
f 3271/1958/3317 3270/1884/3250 3275/572/2050 3276/1962/3321
f 3270/1884/3250 3269/1880/3247 3274/571/2051 3275/572/2050
f 3281/1780/3169 3280/353/1849 3287/1885/3252 3288/1960/3320
f 3276/1962/3321 3275/572/2050 2149/573/2049 2148/635/2112
f 1844/629/2106 2150/570/2048 3274/571/2051 1962/1830/3207
f 3288/1960/3320 3287/1885/3252 2165/987/2437 2164/989/2439
f 2185/1690/3095 2184/1708/3108 3308/1815/3198 3309/1689/3096
f 3284/1965/3325 3283/393/1884 3290/1967/3326 3291/1966/3327
f 3285/1968/3328 3284/1965/3325 3291/1966/3327 3292/1969/3329
f 3308/1815/3198 3307/1747/3143 3314/1971/3330 3315/1970/3331
f 3291/1966/3327 3290/1967/3326 2162/993/2443 2161/995/2445
f 3292/1969/3329 3291/1966/3327 2161/995/2445 2160/996/2446
f 3315/1970/3331 3314/1971/3330 2198/1551/2970 2197/1555/2974
f 2157/1810/3193 2156/1802/3186 3284/1965/3325 3285/1968/3328
f 1858/1687/3093 2157/1810/3193 3285/1968/3328 2158/1781/3170
f 3283/393/1884 3282/394/1883 3289/1959/3319 3290/1967/3326
f 2158/1781/3170 3285/1968/3328 3292/1969/3329 2159/1972/3332
f 3295/1745/3140 3294/369/1862 3301/1963/3324 3302/597/2073
f 3290/1967/3326 3289/1959/3319 2163/991/2441 2162/993/2443
f 2159/1972/3332 3292/1969/3329 2160/996/2446 1859/997/2447
f 3302/597/2073 3301/1963/3324 2181/1494/2913 2180/596/2074
f 2201/1655/3064 2200/1652/3063 3322/1785/3174 3323/1913/3273
f 3282/394/1883 3281/1780/3169 3288/1960/3320 3289/1959/3319
f 3298/1973/3333 3297/1762/3153 3304/1975/3334 3305/1974/3335
f 3299/1976/3336 3298/1973/3333 3305/1974/3335 3306/1977/3337
f 3322/1785/3174 3321/1754/3150 3328/1914/3274 3329/1978/3338
f 3305/1974/3335 3304/1975/3334 2178/1501/2920 2177/1504/2923
f 3306/1977/3337 3305/1974/3335 2177/1504/2923 2176/1506/2925
f 3329/1978/3338 3328/1914/3274 2212/1585/3004 2211/1588/3007
f 1962/1830/3207 3274/571/2051 3269/1880/3247 1961/1632/3050
f 2173/1741/3135 2172/1739/3134 3298/1973/3333 3299/1976/3336
f 1860/1629/3046 2173/1741/3135 3299/1976/3336 2174/1748/3142
f 3297/1762/3153 3296/1744/3141 3303/594/2072 3304/1975/3334
f 2174/1748/3142 3299/1976/3336 3306/1977/3337 2175/1979/3339
f 3309/1689/3096 3308/1815/3198 3315/1970/3331 3316/970/2418
f 3304/1975/3334 3303/594/2072 2179/595/2075 2178/1501/2920
f 2175/1979/3339 3306/1977/3337 2176/1506/2925 1861/1509/2928
f 3316/970/2418 3315/1970/3331 2197/1555/2974 2196/969/2419
f 3296/1744/3141 3295/1745/3140 3302/597/2073 3303/594/2072
f 3312/1980/3340 3311/1512/2933 3318/1982/3341 3319/1981/3342
f 3313/1983/3343 3312/1980/3340 3319/1981/3342 3320/1984/3344
f 3324/1650/3061 3323/1913/3273 3330/1483/2900 3331/1480/2899
f 3319/1981/3342 3318/1982/3341 2194/1561/2980 2193/1564/2983
f 3320/1984/3344 3319/1981/3342 2193/1564/2983 2192/1566/2985
f 2939/1361/2788 2946/1359/2787 2947/1537/2955 2940/1533/2954
f 2189/1729/3127 2188/1725/3124 3312/1980/3340 3313/1983/3343
f 1862/1644/3055 2189/1729/3127 3313/1983/3343 2190/1755/3149
f 3311/1512/2933 3310/1513/2932 3317/967/2417 3318/1982/3341
f 2190/1755/3149 3313/1983/3343 3320/1984/3344 2191/1915/3275
f 3323/1913/3273 3322/1785/3174 3329/1978/3338 3330/1483/2900
f 3318/1982/3341 3317/967/2417 2195/968/2420 2194/1561/2980
f 2191/1915/3275 3320/1984/3344 2192/1566/2985 1863/1569/2988
f 3330/1483/2900 3329/1978/3338 2211/1588/3007 2210/1482/2901
f 2131/383/1875 3074/384/1874 3077/350/1843 2130/347/1842
f 2350/397/1887 2353/398/1886 2352/617/2094 2348/616/2026
f 3336/735/2208 3335/1698/3103 3342/648/2125 3343/734/2209
f 3327/1919/3279 3326/1920/3280 3333/1985/3345 3334/1918/3278
f 3326/1920/3280 3325/1649/3062 3332/1917/3277 3333/1985/3345
f 3343/734/2209 3350/667/2144 3351/668/2145 3344/733/2210
f 3314/1971/3330 2175/1979/3339 1861/1509/2928 2198/1551/2970
f 3314/1971/3330 3307/1747/3143 2174/1748/3142 2175/1979/3339
f 2188/1725/3124 2187/1511/2930 3311/1512/2933 3312/1980/3340
f 3300/1964/3323 2159/1972/3332 1859/997/2447 2182/1488/2907
f 3300/1964/3323 3293/370/1861 2158/1781/3170 2159/1972/3332
f 2172/1739/3134 2171/1761/3152 3297/1762/3153 3298/1973/3333
f 3286/1886/3251 2145/1889/3256 1857/641/2118 2166/980/2430
f 3286/1886/3251 3279/354/1848 2144/1787/3176 2145/1889/3256
f 3334/1918/3278 3333/1985/3345 2207/1597/3016 2206/1598/3017
f 3333/1985/3345 3332/1917/3277 2208/1595/3014 2207/1597/3016
f 2156/1802/3186 2155/392/1881 3283/393/1884 3284/1965/3325
f 3248/1946/3305 2101/1952/3312 1851/1199/2641 2124/1200/2642
f 3248/1946/3305 3241/1693/3097 2100/1714/3115 2101/1952/3312
f 3220/1826/3204 2071/1927/3287 1847/1439/2858 2092/1440/2859
f 3234/1926/3285 2085/1947/3307 1849/1269/2708 2108/1270/2709
f 3234/1926/3285 3227/835/2299 2084/1659/3071 2085/1947/3307
f 3220/1826/3204 3213/513/1994 2070/514/1993 2071/1927/3287
f 3339/672/2150 3338/673/2149 3345/1887/3253 3346/1905/3265
f 2482/580/2058 2489/591/2071 2490/985/2436 2483/584/2062
f 2205/1742/3137 2204/1670/3080 3326/1920/3280 3327/1919/3279
f 2205/1742/3137 3327/1919/3279 2032/798/2265 1865/728/2203
f 3075/344/1841 3078/345/1840 3079/1812/3196 3076/1986/3166
f 3310/1513/2932 3309/1689/3096 3316/970/2418 3317/967/2417
f 2358/624/2101 2357/867/2325 2364/494/1980 2365/566/2044
f 3346/1905/3265 3353/1987/3346 3354/1941/3301 3347/1904/3266
f 3345/1887/3253 3352/1940/3300 3353/1987/3346 3346/1905/3265
f 3156/722/2197 2015/627/2104 1844/629/2106 1963/1831/3209
f 3348/1906/3267 2075/1935/3295 2076/1900/3261 3341/1899/3260
f 2047/1584/3003 2048/912/2361 2989/715/2189 2990/712/2188
f 3353/1987/3346 3360/1988/3347 3361/1939/3299 3354/1941/3301
f 2145/1889/3256 3278/1890/3255 2146/640/2117 1857/641/2118
f 3352/1940/3300 3359/1938/3298 3360/1988/3347 3353/1987/3346
f 2457/783/2251 2464/763/2234 2465/707/2182 2458/782/2252
f 3360/1988/3347 3367/1428/2848 3368/1431/2851 3361/1939/3299
f 3359/1938/3298 3366/1388/2813 3367/1428/2848 3360/1988/3347
f 1900/1360/2789 2773/1346/2778 2776/1347/2777 1899/1357/2785
f 2688/504/1986 2695/557/2036 2696/402/1889 2689/503/1987
f 2070/514/1993 3207/806/2273 3212/1924/3284 2071/1927/3287
f 2893/1507/2927 2313/1508/2926 2314/1474/2891 2892/1471/2890
f 1968/687/2166 3003/688/2165 3002/796/2264 1967/795/2263
f 2687/556/2034 2680/536/2016 2240/537/2017 2241/555/2035
f 2844/942/2392 2851/975/2425 2852/976/2428 2845/949/2400
f 2849/972/2424 2856/973/2423 2857/1495/2914 2850/1424/2843
f 2856/973/2423 2863/1451/2870 2864/1497/2916 2857/1495/2914
f 2863/1451/2870 2870/1459/2878 2871/1499/2918 2864/1497/2916
f 2893/1507/2927 2900/1484/2903 2901/1479/2898 2894/1475/2896
f 2891/1472/2893 2315/1473/2892 2316/1324/2761 2890/1362/2790
f 2870/1459/2878 2877/1463/2882 2878/1502/2921 2871/1499/2918
f 2877/1463/2882 2884/1467/2886 2885/1505/2924 2878/1502/2921
f 1976/671/2148 3120/1848/3224 3119/652/2127 1977/649/2126
f 2919/1520/2939 2926/1524/2943 2927/1562/2981 2920/1559/2978
f 2926/1524/2943 2933/1528/2947 2934/1565/2984 2927/1562/2981
f 2942/1567/2987 2320/1568/2986 2321/1535/2952 2941/1532/2951
f 2940/1533/2954 2322/1534/2953 2323/1351/2781 2939/1361/2788
f 2942/1567/2987 2949/1547/2966 2950/1545/2963 2943/1539/2960
f 2947/1537/2955 2954/1546/2965 2955/1589/3008 2948/1536/2956
f 2954/1546/2965 2961/1570/2989 2962/1591/3010 2955/1589/3008
f 2961/1570/2989 2968/1574/2993 2969/1593/3012 2962/1591/3010
f 2968/1574/2993 2975/1578/2997 2976/1596/3015 2969/1593/3012
f 2985/889/2342 2263/890/2341 2264/910/2358 2986/907/2357
f 2710/301/1796 2713/538/2018 1920/539/2021 1921/535/2015
f 2912/1510/2929 2919/1520/2939 2920/1559/2978 2913/1557/2976
f 2834/1173/2616 2827/1285/2724 1888/1286/2727 1887/359/1856
f 2620/952/2404 2296/953/2403 2295/1095/2537 2621/1092/2536
f 2975/1578/2997 2982/716/2192 2983/717/2195 2976/1596/3015
f 2944/1538/2957 2951/1544/2964 2952/1586/3006 2945/1542/2961
f 2446/865/2324 2453/866/2323 2454/892/2344 2447/904/2354
f 2424/816/2282 2423/505/1989 2430/506/1927 2431/880/1926
f 3342/648/2125 3349/604/2081 3350/667/2144 3343/734/2209
f 3349/604/2081 3356/602/2080 3357/653/2130 3350/667/2144
f 3356/602/2080 3363/548/2027 3364/656/2131 3357/653/2130
f 2669/1075/2523 2286/1076/2522 2285/1187/2627 2670/1184/2626
f 2792/1394/2817 2224/549/2030 1820/550/2029 1893/642/2119
f 2799/1396/2818 2792/1394/2817 1893/642/2119 1892/1405/2824
f 2806/1412/2831 2799/1396/2818 1892/1405/2824 1891/1406/2825
f 2813/1413/2832 2806/1412/2831 1891/1406/2825 1890/1407/2826
f 2820/1288/2725 2813/1413/2832 1890/1407/2826 1889/1287/2726
f 2939/1361/2788 2323/1351/2781 1822/1352/2780 1900/1360/2789
f 2890/1362/2790 2316/1324/2761 1823/1325/2760 1907/1194/2636
f 3072/352/1847 3075/344/1841 3076/1986/3166 3073/386/1876
f 3159/620/2097 3158/622/2100 3165/422/1907 3166/419/1906
f 2330/311/1806 2333/319/1815 2334/1874/1885 2331/363/1801
f 2709/302/1799 2712/1087/1944 2713/538/2018 2710/301/1796
f 2983/717/2195 2261/718/2194 2262/891/2340 2984/888/2339
f 2478/470/1956 2485/614/2092 2486/615/2093 2479/482/1970
f 3202/1827/3206 3201/1877/3213 2063/1641/3053 2062/1642/3054
f 2409/802/2269 2412/803/2270 2413/837/2302 2410/832/2296
f 3042/1720/3120 3045/1724/3125 3046/1756/3151 3043/1753/3148
f 1880/1070/2518 1881/1281/2720 2753/1034/2484 2750/1069/2515
f 1881/1281/2720 1882/1282/2721 2756/1037/2485 2753/1034/2484
f 1882/1282/2721 1883/1283/2722 2759/1364/2791 2756/1037/2485
f 1883/1283/2722 1884/1284/2723 2762/1366/2792 2759/1364/2791
f 1884/1284/2723 1885/1215/2657 2765/1216/2660 2762/1366/2792
f 3063/1772/3163 3066/1740/3136 3067/1786/3175 3064/1784/3173
f 1873/769/2243 1874/1211/2653 2732/558/2037 2729/768/2240
f 1874/1211/2653 1875/1212/2654 2735/561/2038 2732/558/2037
f 1875/1212/2654 1876/1213/2655 2738/1328/2763 2735/561/2038
f 1876/1213/2655 1877/1214/2656 2741/1330/2764 2738/1328/2763
f 1877/1214/2656 1878/1124/2568 2744/1125/2571 2741/1330/2764
f 3084/1797/3182 3087/1801/3187 3088/1816/3199 3085/1814/3197
f 1867/814/2281 1868/1121/2565 2714/1014/2464 2711/458/1943
f 1868/1121/2565 1869/1122/2566 2717/1012/2462 2714/1014/2464
f 1869/1122/2566 1870/1123/2567 2720/1010/2460 2717/1012/2462
f 1870/1123/2567 1871/1016/2466 2723/1008/2458 2720/1010/2460
f 2477/471/1958 2484/638/2115 2485/614/2092 2478/470/1956
f 2020/444/1930 2019/618/2095 3160/619/2098 3161/443/1931
f 3160/619/2098 3159/620/2097 3166/419/1906 3167/529/2010
f 3163/721/2198 3156/722/2197 1963/1831/3209 1964/844/2309
f 2020/444/1930 2021/409/1899 2355/452/1937 2356/449/1936
f 2642/1226/2668 2649/1231/2674 2650/1233/2677 2643/1268/2707
f 2835/1174/2619 2278/1175/2618 2277/1168/2612 2836/1167/2611
f 2593/1137/2581 2600/1146/2591 2601/1152/2598 2594/1198/2640
f 2667/1080/2527 2288/1081/2526 2287/1077/2521 2668/1074/2520
f 2544/1027/2477 2551/1032/2483 2552/1038/2490 2545/1106/2550
f 2618/956/2408 2298/957/2407 2297/954/2402 2619/951/2401
f 1834/875/2333 1949/1838/3215 3133/418/1904 1993/873/2331
